Timestamp,Chunk_ID,Strategy,Budget,Fitness,Macro_F1,Utility,Confidence,Cost,FACI_Vector
2026-07-19T18:36:35.390964,0,Hybrid,5,0.7643341700264206,0.15476764199655765,0.7643341700264206,0.5095561133509471,0.35593031564413125,"[0.38150000000000006, 0.0, 0.013096939814819459, 0.025, 0.0, 0.8144138851471965, 0.2856505748953569, 0.12855753405282372]"
2026-07-19T18:36:39.234477,1,Hybrid,4,0.7799668865006144,0.1653012048192771,0.7799668865006144,0.5199779243337429,0.3961902401374177,"[0.4261666666666667, 0.0, 0.013913500500940248, 0.075, 0.016666666666666666, 0.840302859595649, 0.3637638135687823, 0.0865645878646235]"
2026-07-19T18:36:43.908564,2,Hybrid,3,0.8213313249460804,0.19852280666733207,0.8213313249460804,0.5475542166307202,0.316093280247974,"[0.4411666666666666, 0.0, 0.0008928571428571428, 0.025, 0.06666666666666667, 0.8556394859018905, 0.35750484027870494, 0.06672610159273934]"
2026-07-19T18:36:48.349089,3,Hybrid,3,0.8213313249460804,0.2430268918073796,0.8213313249460804,0.5475542166307202,0.316093280247974,"[0.4136666666666667, 0.0, 0.0073222395420671285, 0.05, 0.03333333333333333, 0.8833845737500845, 0.4448230673781115, 0.03756524117478593]"
2026-07-19T18:36:53.367380,4,Hybrid,3,0.8257164740970087,0.3182077825556086,0.8257164740970087,0.5504776493980058,0.34122557275855614,"[0.6188333333333333, 0.0, 0.009304257322912266, 0.05, 0.03333333333333333, 0.7912453215955793, 0.3546227546747641, 0.12034181525902002]"
2026-07-19T18:36:59.112520,5,Hybrid,3,0.8273940917809388,0.30659773109699834,0.8273940917809388,0.5515960611872925,0.3667156702031921,"[0.42466666666666664, 0.0, 0.028489054000129143, 0.025, 0.016666666666666666, 0.8527760609577892, 0.387347004460332, 0.058029120867404915]"
2026-07-19T18:37:05.111126,6,Hybrid,3,0.8273940917809388,0.2917766875536342,0.8273940917809388,0.5515960611872925,0.3667156702031921,"[0.4535, 0.0, 0.006861985720532407, 0.025, 0.016666666666666666, 0.8010087097275698, 0.2805654557596625, 0.12871421942376024]"
2026-07-19T18:37:10.287071,7,Hybrid,3,0.8273940917809388,0.3402156593759196,0.8273940917809388,0.5515960611872925,0.3667156702031921,"[0.2985, 0.0, 0.002111810226368699, 0.125, 0.0, 0.8564547358813209, 0.2883417340221183, 0.08280826237064459]"
2026-07-19T18:37:16.118602,8,Hybrid,3,0.8273940917809388,0.39573657227375314,0.8273940917809388,0.5515960611872925,0.3667156702031921,"[0.5793333333333333, 0.0, 0.008261136032559359, 0.075, 0.03333333333333333, 0.8287276325825805, 0.36872159548449424, 0.05996607012189542]"
2026-07-19T18:37:22.122724,9,Hybrid,3,0.8273940917809388,0.45373166373646867,0.8273940917809388,0.5515960611872925,0.3667156702031921,"[0.5373333333333333, 0.0, 0.03489139308200696, 0.0, 0.05, 0.8339724437049549, 0.4126758474513571, 0.06564095835144533]"
2026-07-19T18:37:28.605969,10,Hybrid,3,0.8273940917809388,0.42842265822520326,0.8273940917809388,0.5515960611872925,0.3667156702031921,"[0.5210000000000001, 0.0, 0.025978150539045942, 0.075, 0.03333333333333333, 0.8494948190719798, 0.3725613294811666, 0.04568692735601265]"
2026-07-19T18:37:34.898976,11,Hybrid,3,0.8273940917809388,0.5006165890718737,0.8273940917809388,0.5515960611872925,0.3667156702031921,"[0.4531666666666667, 0.0, 0.05185794076902932, 0.025, 0.03333333333333333, 0.8313291847889804, 0.29318748136752326, 0.09410314452073845]"
2026-07-19T18:37:41.321158,12,Hybrid,3,0.8273940917809388,0.45076029055690076,0.8273940917809388,0.5515960611872925,0.3667156702031921,"[0.3983333333333333, 0.0, 0.0, 0.075, 0.05, 0.8210426179403981, 0.3492434425536421, 0.11551991319974561]"
2026-07-19T18:37:48.271523,13,Hybrid,3,0.8273940917809388,0.4472579879137256,0.8273940917809388,0.5515960611872925,0.3667156702031921,"[0.3443333333333333, 0.0, 0.016052371984575375, 0.05, 0.03333333333333333, 0.8660144678318098, 0.3353153457319518, 0.06761429754317058]"
2026-07-19T18:37:54.318189,14,Hybrid,3,0.8273940917809388,0.4865466256770604,0.8273940917809388,0.5515960611872925,0.3667156702031921,"[0.4168333333333333, 0.0, 0.02442228755985828, 0.025, 0.0, 0.8472340268209925, 0.38212184292543167, 0.0798398816236496]"
2026-07-19T18:38:00.459756,15,Hybrid,3,0.8273940917809388,0.4566481167075394,0.8273940917809388,0.5515960611872925,0.3667156702031921,"[0.4651666666666666, 0.0, 0.020404356942361052, 0.075, 0.03333333333333333, 0.8566818514177135, 0.27245617068549877, 0.03966942431891767]"
2026-07-19T18:38:06.519565,16,Hybrid,3,0.8273940917809388,0.5001553166069295,0.8273940917809388,0.5515960611872925,0.3667156702031921,"[0.33766666666666667, 0.0, 0.024401310897225435, 0.025, 0.016666666666666666, 0.8758717330252109, 0.3497208400190729, 0.052251575625681945]"
2026-07-19T18:38:12.760807,17,Hybrid,3,0.8273940917809388,0.5304232313870868,0.8273940917809388,0.5515960611872925,0.3667156702031921,"[0.4688333333333333, 0.0, 0.0193903960810372, 0.0, 0.06666666666666667, 0.8520717455451416, 0.3502570000857288, 0.04137304174630819]"
2026-07-19T18:38:19.239922,18,Hybrid,3,0.8273940917809388,0.49959400890500805,0.8273940917809388,0.5515960611872925,0.3667156702031921,"[0.24983333333333335, 0.0, 0.006866738048949242, 0.025, 0.016666666666666666, 0.9048102066490952, 0.37531597324611676, 0.02736737687563202]"
2026-07-19T18:38:26.037999,19,Hybrid,3,0.8273940917809388,0.5691146097850008,0.8273940917809388,0.5515960611872925,0.3667156702031921,"[0.48650000000000004, 0.0, 0.012028805217156593, 0.025, 0.06666666666666667, 0.8173048267433882, 0.3489945422047986, 0.098604332757747]"
2026-07-19T18:38:32.603876,20,Hybrid,3,0.8273940917809388,0.5610631437929864,0.8273940917809388,0.5515960611872925,0.3667156702031921,"[0.4966666666666667, 0.0, 0.013683242613664635, 0.1, 0.03333333333333333, 0.8378884280016742, 0.3339215868980863, 0.09158074062183855]"
2026-07-19T18:38:39.977874,21,Hybrid,3,0.8273940917809388,0.5262674808635074,0.8273940917809388,0.5515960611872925,0.3667156702031921,"[0.351, 0.0, 0.002777777777777778, 0.0, 0.016666666666666666, 0.8863897211706115, 0.2522581170075205, 0.04134308318223658]"
2026-07-19T18:38:46.111663,22,Hybrid,3,0.8273940917809388,0.5581844435151179,0.8273940917809388,0.5515960611872925,0.3667156702031921,"[0.4873333333333333, 0.0, 0.05071455956186701, 0.1, 0.03333333333333333, 0.8041277954869062, 0.27309347522133454, 0.11249122236156017]"
2026-07-19T18:38:50.332868,23,Hybrid,3,0.8273940917809388,0.5606773647565049,0.8273940917809388,0.5515960611872925,0.3667156702031921,"[0.46333333333333326, 0.0, 0.009159987737047256, 0.05, 0.0, 0.8337446116410065, 0.3305568648472358, 0.08859306534626676]"
2026-07-19T18:38:54.144279,24,Hybrid,3,0.8273940917809388,0.5903025607406083,0.8273940917809388,0.5515960611872925,0.3667156702031921,"[0.5373333333333333, 0.0, 0.011248017995651127, 0.075, 0.06666666666666667, 0.8455496408094456, 0.32690799012354754, 0.054527603779327624]"
2026-07-19T18:38:58.742607,25,Hybrid,3,0.8273940917809388,0.5565479467826099,0.8273940917809388,0.5515960611872925,0.3667156702031921,"[0.3395, 0.0, 0.013345824864498645, 0.0, 0.03333333333333333, 0.8321831034980118, 0.2690263403408045, 0.10157769473489484]"
2026-07-19T18:39:02.541445,26,Hybrid,3,0.8273940917809388,0.6721205711774619,0.8273940917809388,0.5515960611872925,0.3667156702031921,"[0.48183333333333334, 0.0, 0.014387189103661477, 0.0, 0.0, 0.8234587201244224, 0.3107716719632257, 0.07461994687865657]"
2026-07-19T18:39:06.915436,27,Hybrid,3,0.8273940917809388,0.6716753131188018,0.8273940917809388,0.5515960611872925,0.3667156702031921,"[0.3798333333333333, 0.0, 0.01960012978194433, 0.075, 0.016666666666666666, 0.8667387618785986, 0.38356258354745343, 0.06602835635812995]"
2026-07-19T18:39:11.260768,28,Hybrid,3,0.8273940917809388,0.6084720885759876,0.8273940917809388,0.5515960611872925,0.3667156702031921,"[0.5616666666666668, 0.0, 0.02674409572615736, 0.1, 0.016666666666666666, 0.8405250099001007, 0.34464297648596354, 0.05127338937026791]"
2026-07-19T18:39:14.668038,29,Hybrid,3,0.8277479829835733,0.6217233877233876,0.8277479829835733,0.5518319886557156,0.36960444170982715,"[0.42766666666666664, 0.0, 0.038398214908642064, 0.05, 0.05, 0.8362092498735123, 0.41100689512457034, 0.08819111398187839]"
2026-07-19T18:39:18.161355,30,Hybrid,3,0.8277479829835733,0.6269220869220871,0.8277479829835733,0.5518319886557156,0.36960444170982715,"[0.5829999999999999, 0.0, 0.010729045680313232, 0.05, 0.08333333333333333, 0.8242862552276999, 0.3257711994389828, 0.057827616240920185]"
2026-07-19T18:39:21.727767,31,Hybrid,3,0.8277479829835733,0.609423938634465,0.8277479829835733,0.5518319886557156,0.36960444170982715,"[0.5454999999999999, 0.0, 0.0008865248226950353, 0.0, 0.08333333333333333, 0.8611920897610791, 0.38045951395416966, 0.03969244410981741]"
2026-07-19T18:39:25.022955,32,Hybrid,3,0.8277479829835733,0.643036468875395,0.8277479829835733,0.5518319886557156,0.36960444170982715,"[0.4958333333333333, 0.0, 0.026222592967776414, 0.0, 0.016666666666666666, 0.845161011496773, 0.3028283924976522, 0.05261450900537599]"
2026-07-19T18:39:29.613233,33,Hybrid,3,0.8277479829835733,0.6641446641446641,0.8277479829835733,0.5518319886557156,0.36960444170982715,"[0.43733333333333324, 0.0, 0.011769480519480518, 0.0, 0.03333333333333333, 0.8143741417528305, 0.2824543034813155, 0.11654582290657425]"
2026-07-19T18:39:32.821154,34,Hybrid,3,0.8277479829835733,0.6001417977879747,0.8277479829835733,0.5518319886557156,0.36960444170982715,"[0.4004999999999999, 0.0, 0.027092447781758223, 0.1, 0.016666666666666666, 0.8723247392737402, 0.36835317446187815, 0.04794327246769559]"
2026-07-19T18:39:36.228142,35,Hybrid,3,0.8277479829835733,0.5560900667959492,0.8277479829835733,0.5518319886557156,0.36960444170982715,"[0.4371666666666667, 0.0, 0.039636633598746904, 0.025, 0.05, 0.8606710582182892, 0.3184986097805256, 0.06265744920095749]"
2026-07-19T18:39:39.551346,36,Hybrid,3,0.8283102722766108,0.6069037223526387,0.8283102722766108,0.5522068481844072,0.373028582108006,"[0.3969444444444445, 0.0, 0.007115195723233982, 0.0, 0.027777777777777776, 0.818464673192261, 0.335855442837679, 0.1297527568320123]"
2026-07-19T19:19:04.147061,0,Hybrid,5,0.7643341700264206,0.060298840944002244,0.7643341700264206,0.5095561133509471,0.35593031564413125,"[0.38150000000000006, 0.0, 0.013096939814819459, 0.025, 0.0, 0.8144138851471965, 0.2856505748953569, 0.12855753405282372]",0.85
2026-07-19T19:19:12.413469,1,Hybrid,6,0.7863134295702044,0.11425762045231072,0.7863134295702044,0.5242089530468029,0.6897628705770477,"[0.4261666666666667, 0.0, 0.013913500500940248, 0.075, 0.016666666666666666, 0.840302859595649, 0.3637638135687823, 0.0865645878646235]",0.85
2026-07-19T19:19:24.083028,2,Hybrid,4,0.8114304369802701,0.131700572782935,0.8114304369802701,0.5409536246535134,0.46401956227813673,"[0.4411666666666666, 0.0, 0.0008928571428571428, 0.025, 0.06666666666666667, 0.8556394859018905, 0.35750484027870494, 0.06672610159273934]",0.85
2026-07-19T19:19:37.625901,3,Hybrid,4,0.8114304369802701,0.15221561683109874,0.8114304369802701,0.5409536246535134,0.46401956227813673,"[0.4136666666666667, 0.0, 0.0073222395420671285, 0.05, 0.03333333333333333, 0.8833845737500845, 0.4448230673781115, 0.03756524117478593]",0.85
2026-07-19T19:19:55.889190,4,Hybrid,3,0.8240759437747978,0.23056056203974445,0.8240759437747978,0.5493839625165319,0.3995532155384423,"[0.6188333333333333, 0.0, 0.009304257322912266, 0.05, 0.03333333333333333, 0.7912453215955793, 0.3546227546747641, 0.12034181525902002]",0.9
2026-07-19T19:20:08.711081,5,Hybrid,3,0.8240759437747978,0.22746267887274235,0.8240759437747978,0.5493839625165319,0.3995532155384423,"[0.42466666666666664, 0.0, 0.028489054000129143, 0.025, 0.016666666666666666, 0.8527760609577892, 0.387347004460332, 0.058029120867404915]",0.85
2026-07-19T19:20:17.396544,6,Hybrid,3,0.8240759437747978,0.27952951427203204,0.8240759437747978,0.5493839625165319,0.3995532155384423,"[0.4535, 0.0, 0.006861985720532407, 0.025, 0.016666666666666666, 0.8010087097275698, 0.2805654557596625, 0.12871421942376024]",0.85
2026-07-19T19:20:26.088543,7,Hybrid,3,0.8240759437747978,0.2648342495418957,0.8240759437747978,0.5493839625165319,0.3995532155384423,"[0.2985, 0.0, 0.002111810226368699, 0.125, 0.0, 0.8564547358813209, 0.2883417340221183, 0.08280826237064459]",0.85
2026-07-19T19:20:35.167792,8,Hybrid,3,0.8240759437747978,0.32914189680101313,0.8240759437747978,0.5493839625165319,0.3995532155384423,"[0.5793333333333333, 0.0, 0.008261136032559359, 0.075, 0.03333333333333333, 0.8287276325825805, 0.36872159548449424, 0.05996607012189542]",0.9
2026-07-19T19:20:46.701321,9,Hybrid,3,0.8240759437747978,0.38125028333106664,0.8240759437747978,0.5493839625165319,0.3995532155384423,"[0.5373333333333333, 0.0, 0.03489139308200696, 0.0, 0.05, 0.8339724437049549, 0.4126758474513571, 0.06564095835144533]",0.9
2026-07-19T19:20:58.764267,10,Hybrid,3,0.8240759437747978,0.43277230175535264,0.8240759437747978,0.5493839625165319,0.3995532155384423,"[0.5210000000000001, 0.0, 0.025978150539045942, 0.075, 0.03333333333333333, 0.8494948190719798, 0.3725613294811666, 0.04568692735601265]",0.9
2026-07-19T19:21:05.608078,11,Hybrid,3,0.8240759437747978,0.38370477021425503,0.8240759437747978,0.5493839625165319,0.3995532155384423,"[0.4531666666666667, 0.0, 0.05185794076902932, 0.025, 0.03333333333333333, 0.8313291847889804, 0.29318748136752326, 0.09410314452073845]",0.85
2026-07-19T19:21:12.571195,12,Hybrid,3,0.8240759437747978,0.46764586135655317,0.8240759437747978,0.5493839625165319,0.3995532155384423,"[0.3983333333333333, 0.0, 0.0, 0.075, 0.05, 0.8210426179403981, 0.3492434425536421, 0.11551991319974561]",0.85
2026-07-19T19:21:21.813279,13,Hybrid,3,0.8240759437747978,0.42675109852553456,0.8240759437747978,0.5493839625165319,0.3995532155384423,"[0.3443333333333333, 0.0, 0.016052371984575375, 0.05, 0.03333333333333333, 0.8660144678318098, 0.3353153457319518, 0.06761429754317058]",0.85
2026-07-19T19:21:29.408867,14,Hybrid,3,0.8240759437747978,0.5023072418133625,0.8240759437747978,0.5493839625165319,0.3995532155384423,"[0.4168333333333333, 0.0, 0.02442228755985828, 0.025, 0.0, 0.8472340268209925, 0.38212184292543167, 0.0798398816236496]",0.85
2026-07-19T19:21:39.780880,15,Hybrid,3,0.8240759437747978,0.48146925635140186,0.8240759437747978,0.5493839625165319,0.3995532155384423,"[0.4651666666666666, 0.0, 0.020404356942361052, 0.075, 0.03333333333333333, 0.8566818514177135, 0.27245617068549877, 0.03966942431891767]",0.85
2026-07-19T19:21:46.238958,16,Hybrid,3,0.8240759437747978,0.4864370936452154,0.8240759437747978,0.5493839625165319,0.3995532155384423,"[0.33766666666666667, 0.0, 0.024401310897225435, 0.025, 0.016666666666666666, 0.8758717330252109, 0.3497208400190729, 0.052251575625681945]",0.85
2026-07-19T19:21:51.520001,17,Hybrid,3,0.8240759437747978,0.5093339876497771,0.8240759437747978,0.5493839625165319,0.3995532155384423,"[0.4688333333333333, 0.0, 0.0193903960810372, 0.0, 0.06666666666666667, 0.8520717455451416, 0.3502570000857288, 0.04137304174630819]",0.85
2026-07-19T19:21:57.754269,18,Hybrid,3,0.8240759437747978,0.5476434676434676,0.8240759437747978,0.5493839625165319,0.3995532155384423,"[0.24983333333333335, 0.0, 0.006866738048949242, 0.025, 0.016666666666666666, 0.9048102066490952, 0.37531597324611676, 0.02736737687563202]",0.8
2026-07-19T19:22:06.123410,19,Hybrid,3,0.8240759437747978,0.6132799465258291,0.8240759437747978,0.5493839625165319,0.3995532155384423,"[0.48650000000000004, 0.0, 0.012028805217156593, 0.025, 0.06666666666666667, 0.8173048267433882, 0.3489945422047986, 0.098604332757747]",0.85
2026-07-19T19:22:14.510360,20,Hybrid,3,0.8240759437747978,0.636468308253534,0.8240759437747978,0.5493839625165319,0.3995532155384423,"[0.4966666666666667, 0.0, 0.013683242613664635, 0.1, 0.03333333333333333, 0.8378884280016742, 0.3339215868980863, 0.09158074062183855]",0.9
2026-07-19T19:22:21.460541,21,Hybrid,3,0.8240759437747978,0.6494326367548686,0.8240759437747978,0.5493839625165319,0.3995532155384423,"[0.351, 0.0, 0.002777777777777778, 0.0, 0.016666666666666666, 0.8863897211706115, 0.2522581170075205, 0.04134308318223658]",0.8
2026-07-19T19:22:31.395592,22,Hybrid,3,0.8268799104391131,0.5992087070518444,0.8268799104391131,0.5512532736260755,0.319726487573051,"[0.4873333333333333, 0.0, 0.05071455956186701, 0.1, 0.03333333333333333, 0.8041277954869062, 0.27309347522133454, 0.11249122236156017]",0.85
2026-07-19T19:22:36.943788,23,Hybrid,3,0.8268799104391131,0.6330397363383848,0.8268799104391131,0.5512532736260755,0.319726487573051,"[0.46333333333333326, 0.0, 0.009159987737047256, 0.05, 0.0, 0.8337446116410065, 0.3305568648472358, 0.08859306534626676]",0.85
2026-07-19T19:22:42.623557,24,Hybrid,3,0.8268799104391131,0.5715892044545059,0.8268799104391131,0.5512532736260755,0.319726487573051,"[0.5373333333333333, 0.0, 0.011248017995651127, 0.075, 0.06666666666666667, 0.8455496408094456, 0.32690799012354754, 0.054527603779327624]",0.9
2026-07-21T05:52:31.228078,0,EDA,2,0.0,0.16897243107769425,0.0,0.0,0.0,"[0.3636666666666667, 0.0, 0.010070332480818414, 0.05, 0.016666666666666666, 0.8427375607525514, 0.33051630869099996, 0.08872982524413026]",0.85
2026-07-21T05:52:31.788210,1,EDA,2,0.0,0.13664649956784788,0.0,0.0,0.0,"[0.4138333333333334, 0.0, 0.016230559071711233, 0.075, 0.03333333333333333, 0.856460087384235, 0.3314067653855654, 0.06781522656865366]",0.85
2026-07-21T05:52:32.472969,2,EDA,2,0.0,0.2912675914571238,0.0,0.0,0.0,"[0.4728333333333333, 0.0, 0.010172310981184488, 0.025, 0.03333333333333333, 0.8537020469269974, 0.35478537559830026, 0.034303041350374056]",0.85
2026-07-21T05:52:33.229264,3,Hybrid,5,0.7900959256653015,0.4227183342972817,0.7900959256653015,0.526730617110201,0.5135210932365327,"[0.43233333333333335, 0.0, 0.022251538045888163, 0.075, 0.05, 0.85172510013431, 0.317390485002239, 0.06742000237797459]",0.85
2026-07-21T05:52:33.970625,4,Hybrid,3,0.7888129795767255,0.4245752367932819,0.7888129795767255,0.525875319717817,0.3329312957932342,"[0.5226666666666666, 0.0, 0.014129674471060508, 0.05, 0.08333333333333333, 0.8348093728333564, 0.313562798153046, 0.07417164015645687]",0.85
2026-07-21T05:52:35.537105,5,Hybrid,7,0.4962750998190709,0.4641679250981577,0.4962750998190709,0.33085006654604726,0.7068191635848304,"[0.596, 0.0, 0.003132138404273714, 0.0, 0.03333333333333333, 0.8180512470884033, 0.3399396097730977, 0.06035111860533737]",0.85
2026-07-21T05:52:36.964114,6,Hybrid,7,0.4452990907650661,0.5011036721444512,0.4452990907650661,0.29686606051004405,0.8203710307980984,"[0.5866666666666667, 0.0, 0.02292734947662949, 0.025, 0.05, 0.8373002144884607, 0.3819543437741991, 0.04563748564001878]",0.9
2026-07-21T05:52:37.333598,7,BERT Contextual,7,0.44239930560572394,0.5439390445443715,0.44239930560572394,0.29493287040381594,0.5250153004070707,"[0.18783333333333332, 0.0, 0.008928571428571428, 0.0, 0.016666666666666666, 0.8981865430812583, 0.27995239792792304, 0.05942128399921086]",0.8140716957198209
2026-07-21T05:52:39.173817,8,Hybrid,7,0.47287427998821285,0.5630225932551515,0.47287427998821285,0.3152495199921419,0.7574751778599078,"[0.7056666666666667, 0.0, 0.010606249810795266, 0.05, 0.08333333333333333, 0.7990460215231565, 0.31825429250385423, 0.07013421477475074]",0.9
2026-07-21T05:52:39.584546,9,BERT Contextual,7,0.47814353735923554,0.5385556521459158,0.47814353735923554,0.31876235823949034,0.4120361900418003,"[0.4870000000000001, 0.0, 0.007929282093351002, 0.025, 0.05, 0.8494214180655713, 0.28004552320888776, 0.06519929799196479]",0.85
2026-07-21T05:52:40.025038,10,BERT Contextual,7,0.5002343477778766,0.6405262984959379,0.5002343477778766,0.333489565185251,0.48335078373721485,"[0.5426666666666666, 0.0, 0.006408090131898972, 0.025, 0.08333333333333333, 0.849728160927237, 0.3997738188355747, 0.06157095898448713]",0.9
2026-07-21T05:52:40.468119,11,BERT Contextual,7,0.5411877471874915,0.5270682587420222,0.5411877471874915,0.36079183145832766,0.33947816148924015,"[0.44333333333333336, 0.0, 0.00867812581722576, 0.025, 0.03333333333333333, 0.8569026782547565, 0.3022514091610133, 0.062295460694799486]",0.85
2026-07-21T05:52:40.897506,12,BERT Contextual,7,0.521045138408871,0.6353814262023217,0.521045138408871,0.347363425605914,0.28789463107150554,"[0.5221666666666667, 0.0, 0.021364610011868575, 0.075, 0.05, 0.8568221868347935, 0.39313844380008045, 0.056895418181867406]",0.9
2026-07-21T05:52:41.377597,13,BERT Contextual,7,0.5436073835738459,0.605639760905748,0.5436073835738459,0.3624049223825639,0.333521814198023,"[0.4893333333333335, 0.0, 0.0560263992176678, 0.1, 0.016666666666666666, 0.843912414636133, 0.3329815791870956, 0.06836180342153916]",0.9
2026-07-21T05:52:43.917011,0,No Augmentation,0,0.0,0.17119769119769118,0.0,0.0,0.0,"[0.3636666666666667, 0.0, 0.010070332480818414, 0.05, 0.016666666666666666, 0.8427375607525514, 0.33051630869099996, 0.08872982524413026]",0.85
2026-07-21T05:52:44.092986,1,No Augmentation,0,0.0,0.17878787878787877,0.0,0.0,0.0,"[0.4138333333333334, 0.0, 0.016230559071711233, 0.075, 0.03333333333333333, 0.856460087384235, 0.3314067653855654, 0.06781522656865366]",0.85
2026-07-21T05:52:44.273118,2,No Augmentation,0,0.0,0.30740002765409363,0.0,0.0,0.0,"[0.4728333333333333, 0.0, 0.010172310981184488, 0.025, 0.03333333333333333, 0.8537020469269974, 0.35478537559830026, 0.034303041350374056]",0.85
2026-07-21T05:52:44.450675,3,No Augmentation,0,0.0,0.37156582547886896,0.0,0.0,0.0,"[0.43233333333333335, 0.0, 0.022251538045888163, 0.075, 0.05, 0.85172510013431, 0.317390485002239, 0.06742000237797459]",0.85
2026-07-21T05:52:44.632955,4,No Augmentation,0,0.0,0.42204825598682827,0.0,0.0,0.0,"[0.5226666666666666, 0.0, 0.014129674471060508, 0.05, 0.08333333333333333, 0.8348093728333564, 0.313562798153046, 0.07417164015645687]",0.85
2026-07-21T05:52:44.821772,5,No Augmentation,0,0.0,0.5414981899192425,0.0,0.0,0.0,"[0.596, 0.0, 0.003132138404273714, 0.0, 0.03333333333333333, 0.8180512470884033, 0.3399396097730977, 0.06035111860533737]",0.85
2026-07-21T05:52:45.012517,6,No Augmentation,0,0.0,0.48470898175671734,0.0,0.0,0.0,"[0.5866666666666667, 0.0, 0.02292734947662949, 0.025, 0.05, 0.8373002144884607, 0.3819543437741991, 0.04563748564001878]",0.9
2026-07-21T05:52:45.188774,7,No Augmentation,0,0.0,0.5143873517786561,0.0,0.0,0.0,"[0.18783333333333332, 0.0, 0.008928571428571428, 0.0, 0.016666666666666666, 0.8981865430812583, 0.27995239792792304, 0.05942128399921086]",0.8140716957198209
2026-07-21T05:52:45.377135,8,No Augmentation,0,0.0,0.5671918839660774,0.0,0.0,0.0,"[0.7056666666666667, 0.0, 0.010606249810795266, 0.05, 0.08333333333333333, 0.7990460215231565, 0.31825429250385423, 0.07013421477475074]",0.9
2026-07-21T05:52:45.558769,9,No Augmentation,0,0.0,0.49208532332832444,0.0,0.0,0.0,"[0.4870000000000001, 0.0, 0.007929282093351002, 0.025, 0.05, 0.8494214180655713, 0.28004552320888776, 0.06519929799196479]",0.85
2026-07-21T05:52:45.739747,10,No Augmentation,0,0.0,0.4853965381443093,0.0,0.0,0.0,"[0.5426666666666666, 0.0, 0.006408090131898972, 0.025, 0.08333333333333333, 0.849728160927237, 0.3997738188355747, 0.06157095898448713]",0.9
2026-07-21T05:52:45.923341,11,No Augmentation,0,0.0,0.48570583748373497,0.0,0.0,0.0,"[0.44333333333333336, 0.0, 0.00867812581722576, 0.025, 0.03333333333333333, 0.8569026782547565, 0.3022514091610133, 0.062295460694799486]",0.85
2026-07-21T05:52:46.106371,12,No Augmentation,0,0.0,0.5644098601512761,0.0,0.0,0.0,"[0.5221666666666667, 0.0, 0.021364610011868575, 0.075, 0.05, 0.8568221868347935, 0.39313844380008045, 0.056895418181867406]",0.9
2026-07-21T05:52:46.296971,13,No Augmentation,0,0.0,0.5467570888004325,0.0,0.0,0.0,"[0.4893333333333335, 0.0, 0.0560263992176678, 0.1, 0.016666666666666666, 0.843912414636133, 0.3329815791870956, 0.06836180342153916]",0.9
2026-07-21T05:52:46.484240,14,No Augmentation,0,0.0,0.5989470692930109,0.0,0.0,0.0,"[0.5155000000000001, 0.0, 0.023340637135238734, 0.075, 0.016666666666666666, 0.8083650501996962, 0.34379238295769854, 0.10253695556424021]",0.85
2026-07-21T05:52:46.673122,15,No Augmentation,0,0.0,0.5830984405274743,0.0,0.0,0.0,"[0.5788333333333333, 0.0, 0.025538441581726905, 0.0, 0.05, 0.8222244033540067, 0.2993683679846065, 0.08419558527920794]",0.85
2026-07-21T05:52:46.856684,16,No Augmentation,0,0.0,0.5459629949189915,0.0,0.0,0.0,"[0.583, 0.0, 0.015110970695031844, 0.075, 0.05, 0.8081341081890006, 0.30399901446944766, 0.0748096494794642]",0.9
2026-07-21T05:52:47.044061,17,No Augmentation,0,0.0,0.4485380569411924,0.0,0.0,0.0,"[0.5018333333333334, 0.0, 0.001968503937007874, 0.05, 0.05, 0.8523989555970456, 0.34228050615727135, 0.04294519473723332]",0.85
2026-07-21T05:52:47.236287,18,No Augmentation,0,0.0,0.5237213486452683,0.0,0.0,0.0,"[0.4576666666666667, 0.0, 0.012759121061359869, 0.025, 0.05, 0.8448575798363537, 0.31207053255269945, 0.07570068116355266]",0.85
2026-07-21T05:52:47.422113,19,No Augmentation,0,0.0,0.5824319419237749,0.0,0.0,0.0,"[0.5753333333333334, 0.0, 0.012081940804500974, 0.0, 0.06666666666666667, 0.8662558406305255, 0.30234075328380083, 0.04631180343986608]",0.85
2026-07-21T05:52:47.897497,0,No Augmentation,0,0.0,0.17119769119769118,0.0,0.0,0.0,"[0.3636666666666667, 0.0, 0.010070332480818414, 0.05, 0.016666666666666666, 0.8427375607525514, 0.33051630869099996, 0.08872982524413026]",0.85
2026-07-21T05:52:48.070314,1,No Augmentation,0,0.0,0.1661422708618331,0.0,0.0,0.0,"[0.4138333333333334, 0.0, 0.016230559071711233, 0.075, 0.03333333333333333, 0.856460087384235, 0.3314067653855654, 0.06781522656865366]",0.85
2026-07-21T05:52:48.249934,2,No Augmentation,0,0.0,0.39896934598823447,0.0,0.0,0.0,"[0.4728333333333333, 0.0, 0.010172310981184488, 0.025, 0.03333333333333333, 0.8537020469269974, 0.35478537559830026, 0.034303041350374056]",0.85
2026-07-21T05:52:48.430013,3,No Augmentation,0,0.0,0.41004595239100156,0.0,0.0,0.0,"[0.43233333333333335, 0.0, 0.022251538045888163, 0.075, 0.05, 0.85172510013431, 0.317390485002239, 0.06742000237797459]",0.85
2026-07-21T05:52:48.611152,4,No Augmentation,0,0.0,0.4332258064516129,0.0,0.0,0.0,"[0.5226666666666666, 0.0, 0.014129674471060508, 0.05, 0.08333333333333333, 0.8348093728333564, 0.313562798153046, 0.07417164015645687]",0.85
2026-07-21T05:52:48.794667,5,No Augmentation,0,0.0,0.5139057239057239,0.0,0.0,0.0,"[0.596, 0.0, 0.003132138404273714, 0.0, 0.03333333333333333, 0.8180512470884033, 0.3399396097730977, 0.06035111860533737]",0.85
2026-07-21T05:52:48.981394,6,No Augmentation,0,0.0,0.42670078513585735,0.0,0.0,0.0,"[0.5866666666666667, 0.0, 0.02292734947662949, 0.025, 0.05, 0.8373002144884607, 0.3819543437741991, 0.04563748564001878]",0.9
2026-07-21T05:52:49.165235,7,No Augmentation,0,0.0,0.5885026737967914,0.0,0.0,0.0,"[0.18783333333333332, 0.0, 0.008928571428571428, 0.0, 0.016666666666666666, 0.8981865430812583, 0.27995239792792304, 0.05942128399921086]",0.8140716957198209
2026-07-21T05:52:49.352232,8,No Augmentation,0,0.0,0.5395822050290136,0.0,0.0,0.0,"[0.7056666666666667, 0.0, 0.010606249810795266, 0.05, 0.08333333333333333, 0.7990460215231565, 0.31825429250385423, 0.07013421477475074]",0.9
2026-07-21T05:52:49.534484,9,No Augmentation,0,0.0,0.5820020247566876,0.0,0.0,0.0,"[0.4870000000000001, 0.0, 0.007929282093351002, 0.025, 0.05, 0.8494214180655713, 0.28004552320888776, 0.06519929799196479]",0.85
2026-07-21T05:52:49.718867,10,No Augmentation,0,0.0,0.57641196379778,0.0,0.0,0.0,"[0.5426666666666666, 0.0, 0.006408090131898972, 0.025, 0.08333333333333333, 0.849728160927237, 0.3997738188355747, 0.06157095898448713]",0.9
2026-07-21T05:52:49.906315,11,No Augmentation,0,0.0,0.6070975536091815,0.0,0.0,0.0,"[0.44333333333333336, 0.0, 0.00867812581722576, 0.025, 0.03333333333333333, 0.8569026782547565, 0.3022514091610133, 0.062295460694799486]",0.85
2026-07-21T05:52:50.087966,12,No Augmentation,0,0.0,0.5953072756006709,0.0,0.0,0.0,"[0.5221666666666667, 0.0, 0.021364610011868575, 0.075, 0.05, 0.8568221868347935, 0.39313844380008045, 0.056895418181867406]",0.9
2026-07-21T05:52:50.277473,13,No Augmentation,0,0.0,0.5700247437256981,0.0,0.0,0.0,"[0.4893333333333335, 0.0, 0.0560263992176678, 0.1, 0.016666666666666666, 0.843912414636133, 0.3329815791870956, 0.06836180342153916]",0.9
2026-07-21T05:52:50.462054,14,No Augmentation,0,0.0,0.5886535655343362,0.0,0.0,0.0,"[0.5155000000000001, 0.0, 0.023340637135238734, 0.075, 0.016666666666666666, 0.8083650501996962, 0.34379238295769854, 0.10253695556424021]",0.85
2026-07-21T05:52:50.652873,15,No Augmentation,0,0.0,0.6200713012477718,0.0,0.0,0.0,"[0.5788333333333333, 0.0, 0.025538441581726905, 0.0, 0.05, 0.8222244033540067, 0.2993683679846065, 0.08419558527920794]",0.85
2026-07-21T05:52:50.840217,16,No Augmentation,0,0.0,0.48450420168067226,0.0,0.0,0.0,"[0.583, 0.0, 0.015110970695031844, 0.075, 0.05, 0.8081341081890006, 0.30399901446944766, 0.0748096494794642]",0.9
2026-07-21T05:52:51.028886,17,No Augmentation,0,0.0,0.580391676866585,0.0,0.0,0.0,"[0.5018333333333334, 0.0, 0.001968503937007874, 0.05, 0.05, 0.8523989555970456, 0.34228050615727135, 0.04294519473723332]",0.85
2026-07-21T05:52:51.214751,18,No Augmentation,0,0.0,0.6236264419915035,0.0,0.0,0.0,"[0.4576666666666667, 0.0, 0.012759121061359869, 0.025, 0.05, 0.8448575798363537, 0.31207053255269945, 0.07570068116355266]",0.85
2026-07-21T05:52:51.395874,19,No Augmentation,0,0.0,0.6021018697614442,0.0,0.0,0.0,"[0.5753333333333334, 0.0, 0.012081940804500974, 0.0, 0.06666666666666667, 0.8662558406305255, 0.30234075328380083, 0.04631180343986608]",0.85
2026-07-21T05:52:51.882250,0,No Augmentation,0,0.0,0.17119769119769118,0.0,0.0,0.0,"[0.3636666666666667, 0.0, 0.010070332480818414, 0.05, 0.016666666666666666, 0.8427375607525514, 0.33051630869099996, 0.08872982524413026]",0.85
2026-07-21T05:52:52.058021,1,No Augmentation,0,0.0,0.09641305170716935,0.0,0.0,0.0,"[0.4138333333333334, 0.0, 0.016230559071711233, 0.075, 0.03333333333333333, 0.856460087384235, 0.3314067653855654, 0.06781522656865366]",0.85
2026-07-21T05:52:52.237004,2,No Augmentation,0,0.0,0.2981909394952873,0.0,0.0,0.0,"[0.4728333333333333, 0.0, 0.010172310981184488, 0.025, 0.03333333333333333, 0.8537020469269974, 0.35478537559830026, 0.034303041350374056]",0.85
2026-07-21T05:52:52.414494,3,No Augmentation,0,0.0,0.4862800765126346,0.0,0.0,0.0,"[0.43233333333333335, 0.0, 0.022251538045888163, 0.075, 0.05, 0.85172510013431, 0.317390485002239, 0.06742000237797459]",0.85
2026-07-21T05:52:52.593660,4,No Augmentation,0,0.0,0.39154704944178625,0.0,0.0,0.0,"[0.5226666666666666, 0.0, 0.014129674471060508, 0.05, 0.08333333333333333, 0.8348093728333564, 0.313562798153046, 0.07417164015645687]",0.85
2026-07-21T05:52:52.784753,5,No Augmentation,0,0.0,0.5713965744400527,0.0,0.0,0.0,"[0.596, 0.0, 0.003132138404273714, 0.0, 0.03333333333333333, 0.8180512470884033, 0.3399396097730977, 0.06035111860533737]",0.85
2026-07-21T05:52:52.972669,6,No Augmentation,0,0.0,0.5445227280208025,0.0,0.0,0.0,"[0.5866666666666667, 0.0, 0.02292734947662949, 0.025, 0.05, 0.8373002144884607, 0.3819543437741991, 0.04563748564001878]",0.9
2026-07-21T05:52:53.156830,7,No Augmentation,0,0.0,0.4962210338680927,0.0,0.0,0.0,"[0.18783333333333332, 0.0, 0.008928571428571428, 0.0, 0.016666666666666666, 0.8981865430812583, 0.27995239792792304, 0.05942128399921086]",0.8140716957198209
2026-07-21T05:52:53.344613,8,No Augmentation,0,0.0,0.5159507178495062,0.0,0.0,0.0,"[0.7056666666666667, 0.0, 0.010606249810795266, 0.05, 0.08333333333333333, 0.7990460215231565, 0.31825429250385423, 0.07013421477475074]",0.9
2026-07-21T05:52:53.537223,9,No Augmentation,0,0.0,0.5277313068357845,0.0,0.0,0.0,"[0.4870000000000001, 0.0, 0.007929282093351002, 0.025, 0.05, 0.8494214180655713, 0.28004552320888776, 0.06519929799196479]",0.85
2026-07-21T05:52:53.721215,10,No Augmentation,0,0.0,0.6171506211180124,0.0,0.0,0.0,"[0.5426666666666666, 0.0, 0.006408090131898972, 0.025, 0.08333333333333333, 0.849728160927237, 0.3997738188355747, 0.06157095898448713]",0.9
2026-07-21T05:52:53.909283,11,No Augmentation,0,0.0,0.5437492635795923,0.0,0.0,0.0,"[0.44333333333333336, 0.0, 0.00867812581722576, 0.025, 0.03333333333333333, 0.8569026782547565, 0.3022514091610133, 0.062295460694799486]",0.85
2026-07-21T05:52:54.094112,12,No Augmentation,0,0.0,0.5936153446886001,0.0,0.0,0.0,"[0.5221666666666667, 0.0, 0.021364610011868575, 0.075, 0.05, 0.8568221868347935, 0.39313844380008045, 0.056895418181867406]",0.9
2026-07-21T05:52:54.271573,13,No Augmentation,0,0.0,0.576990561990562,0.0,0.0,0.0,"[0.4893333333333335, 0.0, 0.0560263992176678, 0.1, 0.016666666666666666, 0.843912414636133, 0.3329815791870956, 0.06836180342153916]",0.9
2026-07-21T05:52:54.454189,14,No Augmentation,0,0.0,0.5314018002906143,0.0,0.0,0.0,"[0.5155000000000001, 0.0, 0.023340637135238734, 0.075, 0.016666666666666666, 0.8083650501996962, 0.34379238295769854, 0.10253695556424021]",0.85
2026-07-21T05:52:54.641529,15,No Augmentation,0,0.0,0.5906285536981732,0.0,0.0,0.0,"[0.5788333333333333, 0.0, 0.025538441581726905, 0.0, 0.05, 0.8222244033540067, 0.2993683679846065, 0.08419558527920794]",0.85
2026-07-21T05:52:54.821590,16,No Augmentation,0,0.0,0.504616472251679,0.0,0.0,0.0,"[0.583, 0.0, 0.015110970695031844, 0.075, 0.05, 0.8081341081890006, 0.30399901446944766, 0.0748096494794642]",0.9
2026-07-21T05:52:55.005023,17,No Augmentation,0,0.0,0.5705282607399929,0.0,0.0,0.0,"[0.5018333333333334, 0.0, 0.001968503937007874, 0.05, 0.05, 0.8523989555970456, 0.34228050615727135, 0.04294519473723332]",0.85
2026-07-21T05:52:55.194076,18,No Augmentation,0,0.0,0.5534973798131693,0.0,0.0,0.0,"[0.4576666666666667, 0.0, 0.012759121061359869, 0.025, 0.05, 0.8448575798363537, 0.31207053255269945, 0.07570068116355266]",0.85
2026-07-21T05:52:55.375130,19,No Augmentation,0,0.0,0.6072909163665466,0.0,0.0,0.0,"[0.5753333333333334, 0.0, 0.012081940804500974, 0.0, 0.06666666666666667, 0.8662558406305255, 0.30234075328380083, 0.04631180343986608]",0.85
2026-07-21T05:52:56.229705,0,Back Translation,2,0.0,0.18511627906976744,0.0,0.0,0.0,"[0.3636666666666667, 0.0, 0.010070332480818414, 0.05, 0.016666666666666666, 0.8427375607525514, 0.33051630869099996, 0.08872982524413026]",0.85
2026-07-21T05:52:56.860030,1,Back Translation,2,0.0,0.1664172335600907,0.0,0.0,0.0,"[0.4138333333333334, 0.0, 0.016230559071711233, 0.075, 0.03333333333333333, 0.856460087384235, 0.3314067653855654, 0.06781522656865366]",0.85
2026-07-21T05:52:57.665391,2,Back Translation,2,0.0,0.4310376382589321,0.0,0.0,0.0,"[0.4728333333333333, 0.0, 0.010172310981184488, 0.025, 0.03333333333333333, 0.8537020469269974, 0.35478537559830026, 0.034303041350374056]",0.85
2026-07-21T05:52:58.381979,3,Back Translation,2,0.0,0.4306493506493506,0.0,0.0,0.0,"[0.43233333333333335, 0.0, 0.022251538045888163, 0.075, 0.05, 0.85172510013431, 0.317390485002239, 0.06742000237797459]",0.85
2026-07-21T05:52:59.205336,4,Back Translation,2,0.0,0.45518723430857716,0.0,0.0,0.0,"[0.5226666666666666, 0.0, 0.014129674471060508, 0.05, 0.08333333333333333, 0.8348093728333564, 0.313562798153046, 0.07417164015645687]",0.85
2026-07-21T05:53:00.266686,5,Back Translation,2,0.0,0.5419530579760442,0.0,0.0,0.0,"[0.596, 0.0, 0.003132138404273714, 0.0, 0.03333333333333333, 0.8180512470884033, 0.3399396097730977, 0.06035111860533737]",0.85
2026-07-21T05:53:01.262280,6,Back Translation,2,0.0,0.5353043752421932,0.0,0.0,0.0,"[0.5866666666666667, 0.0, 0.02292734947662949, 0.025, 0.05, 0.8373002144884607, 0.3819543437741991, 0.04563748564001878]",0.9
2026-07-21T05:53:01.648980,7,Back Translation,2,0.0,0.5267050882248451,0.0,0.0,0.0,"[0.18783333333333332, 0.0, 0.008928571428571428, 0.0, 0.016666666666666666, 0.8981865430812583, 0.27995239792792304, 0.05942128399921086]",0.8140716957198209
2026-07-21T05:53:02.861602,8,Back Translation,2,0.0,0.4569636133530657,0.0,0.0,0.0,"[0.7056666666666667, 0.0, 0.010606249810795266, 0.05, 0.08333333333333333, 0.7990460215231565, 0.31825429250385423, 0.07013421477475074]",0.9
2026-07-21T05:53:03.569744,9,Back Translation,2,0.0,0.5215005224268132,0.0,0.0,0.0,"[0.4870000000000001, 0.0, 0.007929282093351002, 0.025, 0.05, 0.8494214180655713, 0.28004552320888776, 0.06519929799196479]",0.85
2026-07-21T05:53:04.459558,10,Back Translation,2,0.0,0.4879037968433515,0.0,0.0,0.0,"[0.5426666666666666, 0.0, 0.006408090131898972, 0.025, 0.08333333333333333, 0.849728160927237, 0.3997738188355747, 0.06157095898448713]",0.9
2026-07-21T08:25:11.965635,0,EDA,2,0.0,0.16897243107769425,0.0,0.0,0.0,"[0.3636666666666667, 0.0, 0.010070332480818414, 0.05, 0.016666666666666666, 0.8427375607525514, 0.33051630869099996, 0.08872982524413026]",0.85
2026-07-21T08:25:12.473189,1,EDA,2,0.0,0.1428874284502862,0.0,0.0,0.0,"[0.4138333333333334, 0.0, 0.016230559071711233, 0.075, 0.03333333333333333, 0.856460087384235, 0.3314067653855654, 0.06781522656865366]",0.85
2026-07-21T08:25:13.124084,2,EDA,2,0.0,0.2912675914571238,0.0,0.0,0.0,"[0.4728333333333333, 0.0, 0.010172310981184488, 0.025, 0.03333333333333333, 0.8537020469269974, 0.35478537559830026, 0.034303041350374056]",0.85
2026-07-21T08:25:13.838724,3,Hybrid,5,0.7900959256653015,0.4227183342972817,0.7900959256653015,0.526730617110201,0.5135210932365327,"[0.43233333333333335, 0.0, 0.022251538045888163, 0.075, 0.05, 0.85172510013431, 0.317390485002239, 0.06742000237797459]",0.85
2026-07-21T08:25:14.556265,4,Hybrid,3,0.7888129795767255,0.4245752367932819,0.7888129795767255,0.525875319717817,0.3329312957932342,"[0.5226666666666666, 0.0, 0.014129674471060508, 0.05, 0.08333333333333333, 0.8348093728333564, 0.313562798153046, 0.07417164015645687]",0.85
2026-07-21T08:25:16.055867,5,Hybrid,7,0.49526289867082596,0.4748408454290807,0.49526289867082596,0.3301752657805506,0.7068191635848304,"[0.596, 0.0, 0.003132138404273714, 0.0, 0.03333333333333333, 0.8180512470884033, 0.3399396097730977, 0.06035111860533737]",0.85
2026-07-21T08:25:17.374878,6,Hybrid,7,0.4530554253359594,0.5011036721444512,0.4530554253359594,0.3020369502239729,0.8203710307980984,"[0.5866666666666667, 0.0, 0.02292734947662949, 0.025, 0.05, 0.8373002144884607, 0.3819543437741991, 0.04563748564001878]",0.9
2026-07-21T08:25:17.736832,7,BERT Contextual,7,0.44789101127513975,0.5568065822820356,0.44789101127513975,0.29859400751675985,0.5250153004070707,"[0.18783333333333332, 0.0, 0.008928571428571428, 0.0, 0.016666666666666666, 0.8981865430812583, 0.27995239792792304, 0.05942128399921086]",0.8140716957198209
2026-07-21T08:25:19.449944,8,Hybrid,7,0.4791462908453422,0.5468531468531468,0.4791462908453422,0.31943086056356146,0.7574751778599078,"[0.7056666666666667, 0.0, 0.010606249810795266, 0.05, 0.08333333333333333, 0.7990460215231565, 0.31825429250385423, 0.07013421477475074]",0.9
2026-07-21T08:25:19.843819,9,BERT Contextual,7,0.48204358842166795,0.5386604402477032,0.48204358842166795,0.32136239228111196,0.4021208515765287,"[0.4870000000000001, 0.0, 0.007929282093351002, 0.025, 0.05, 0.8494214180655713, 0.28004552320888776, 0.06519929799196479]",0.85
2026-07-21T08:25:20.269846,10,BERT Contextual,7,0.49937754842559595,0.6188001737664934,0.49937754842559595,0.33291836561706395,0.4451439004195126,"[0.5426666666666666, 0.0, 0.006408090131898972, 0.025, 0.08333333333333333, 0.849728160927237, 0.3997738188355747, 0.06157095898448713]",0.9
2026-07-21T08:25:21.269832,11,Hybrid,7,0.5098043090800839,0.5148367231180617,0.5098043090800839,0.3398695393867226,0.5494102266194093,"[0.44333333333333336, 0.0, 0.00867812581722576, 0.025, 0.03333333333333333, 0.8569026782547565, 0.3022514091610133, 0.062295460694799486]",0.85
2026-07-21T08:25:21.687890,12,BERT Contextual,7,0.5201581600001582,0.5789364436732858,0.5201581600001582,0.34677210666677216,0.37111860501370486,"[0.5221666666666667, 0.0, 0.021364610011868575, 0.075, 0.05, 0.8568221868347935, 0.39313844380008045, 0.056895418181867406]",0.9
2026-07-21T08:25:22.139510,13,BERT Contextual,7,0.5291688447793822,0.6336559139784945,0.5291688447793822,0.3527792298529215,0.40466668686402724,"[0.4893333333333335, 0.0, 0.0560263992176678, 0.1, 0.016666666666666666, 0.843912414636133, 0.3329815791870956, 0.06836180342153916]",0.9
2026-07-21T08:25:22.587017,14,BERT Contextual,7,0.5455180107100474,0.48848484848484847,0.5455180107100474,0.3636786738066982,0.2879675674587837,"[0.5155000000000001, 0.0, 0.023340637135238734, 0.075, 0.016666666666666666, 0.8083650501996962, 0.34379238295769854, 0.10253695556424021]",0.85
2026-07-21T08:25:23.013052,15,BERT Contextual,7,0.5244620288240711,0.5313399778516057,0.5244620288240711,0.3496413525493807,0.4304317426943027,"[0.5788333333333333, 0.0, 0.025538441581726905, 0.0, 0.05, 0.8222244033540067, 0.2993683679846065, 0.08419558527920794]",0.85
2026-07-21T08:25:23.468089,16,BERT Contextual,7,0.5448647667467409,0.550733554687951,0.5448647667467409,0.3632431778311606,0.30162344323777585,"[0.583, 0.0, 0.015110970695031844, 0.075, 0.05, 0.8081341081890006, 0.30399901446944766, 0.0748096494794642]",0.9
2026-07-21T08:25:26.276711,0,No Augmentation,0,0.0,0.17119769119769118,0.0,0.0,0.0,"[0.3636666666666667, 0.0, 0.010070332480818414, 0.05, 0.016666666666666666, 0.8427375607525514, 0.33051630869099996, 0.08872982524413026]",0.85
2026-07-21T08:25:26.460666,1,No Augmentation,0,0.0,0.1403174603174603,0.0,0.0,0.0,"[0.4138333333333334, 0.0, 0.016230559071711233, 0.075, 0.03333333333333333, 0.856460087384235, 0.3314067653855654, 0.06781522656865366]",0.85
2026-07-21T08:25:26.642116,2,No Augmentation,0,0.0,0.35302868380688257,0.0,0.0,0.0,"[0.4728333333333333, 0.0, 0.010172310981184488, 0.025, 0.03333333333333333, 0.8537020469269974, 0.35478537559830026, 0.034303041350374056]",0.85
2026-07-21T08:25:26.826207,3,No Augmentation,0,0.0,0.4164932504715786,0.0,0.0,0.0,"[0.43233333333333335, 0.0, 0.022251538045888163, 0.075, 0.05, 0.85172510013431, 0.317390485002239, 0.06742000237797459]",0.85
2026-07-21T08:25:27.010750,4,No Augmentation,0,0.0,0.47983231543983723,0.0,0.0,0.0,"[0.5226666666666666, 0.0, 0.014129674471060508, 0.05, 0.08333333333333333, 0.8348093728333564, 0.313562798153046, 0.07417164015645687]",0.85
2026-07-21T08:25:27.194801,5,No Augmentation,0,0.0,0.5225684875551441,0.0,0.0,0.0,"[0.596, 0.0, 0.003132138404273714, 0.0, 0.03333333333333333, 0.8180512470884033, 0.3399396097730977, 0.06035111860533737]",0.85
2026-07-21T08:25:27.386100,6,No Augmentation,0,0.0,0.46815404263680127,0.0,0.0,0.0,"[0.5866666666666667, 0.0, 0.02292734947662949, 0.025, 0.05, 0.8373002144884607, 0.3819543437741991, 0.04563748564001878]",0.9
2026-07-21T08:25:27.578148,7,No Augmentation,0,0.0,0.5700874340014398,0.0,0.0,0.0,"[0.18783333333333332, 0.0, 0.008928571428571428, 0.0, 0.016666666666666666, 0.8981865430812583, 0.27995239792792304, 0.05942128399921086]",0.8140716957198209
2026-07-21T08:25:27.771797,8,No Augmentation,0,0.0,0.6413033478149757,0.0,0.0,0.0,"[0.7056666666666667, 0.0, 0.010606249810795266, 0.05, 0.08333333333333333, 0.7990460215231565, 0.31825429250385423, 0.07013421477475074]",0.9
2026-07-21T08:25:27.974608,9,No Augmentation,0,0.0,0.5484631487737834,0.0,0.0,0.0,"[0.4870000000000001, 0.0, 0.007929282093351002, 0.025, 0.05, 0.8494214180655713, 0.28004552320888776, 0.06519929799196479]",0.85
2026-07-21T08:25:28.163977,10,No Augmentation,0,0.0,0.46198826118855474,0.0,0.0,0.0,"[0.5426666666666666, 0.0, 0.006408090131898972, 0.025, 0.08333333333333333, 0.849728160927237, 0.3997738188355747, 0.06157095898448713]",0.9
2026-07-21T08:25:28.356383,11,No Augmentation,0,0.0,0.5492160441940425,0.0,0.0,0.0,"[0.44333333333333336, 0.0, 0.00867812581722576, 0.025, 0.03333333333333333, 0.8569026782547565, 0.3022514091610133, 0.062295460694799486]",0.85
2026-07-21T08:25:28.545932,12,No Augmentation,0,0.0,0.5585290526466997,0.0,0.0,0.0,"[0.5221666666666667, 0.0, 0.021364610011868575, 0.075, 0.05, 0.8568221868347935, 0.39313844380008045, 0.056895418181867406]",0.9
2026-07-21T08:25:28.736653,13,No Augmentation,0,0.0,0.5510088214887501,0.0,0.0,0.0,"[0.4893333333333335, 0.0, 0.0560263992176678, 0.1, 0.016666666666666666, 0.843912414636133, 0.3329815791870956, 0.06836180342153916]",0.9
2026-07-21T08:25:28.925688,14,No Augmentation,0,0.0,0.5953049289891394,0.0,0.0,0.0,"[0.5155000000000001, 0.0, 0.023340637135238734, 0.075, 0.016666666666666666, 0.8083650501996962, 0.34379238295769854, 0.10253695556424021]",0.85
2026-07-21T08:25:29.113007,15,No Augmentation,0,0.0,0.6160887617604036,0.0,0.0,0.0,"[0.5788333333333333, 0.0, 0.025538441581726905, 0.0, 0.05, 0.8222244033540067, 0.2993683679846065, 0.08419558527920794]",0.85
2026-07-21T08:25:29.306298,16,No Augmentation,0,0.0,0.6208487437905745,0.0,0.0,0.0,"[0.583, 0.0, 0.015110970695031844, 0.075, 0.05, 0.8081341081890006, 0.30399901446944766, 0.0748096494794642]",0.9
2026-07-21T08:25:29.496255,17,No Augmentation,0,0.0,0.5766047677812384,0.0,0.0,0.0,"[0.5018333333333334, 0.0, 0.001968503937007874, 0.05, 0.05, 0.8523989555970456, 0.34228050615727135, 0.04294519473723332]",0.85
2026-07-21T08:25:29.686264,18,No Augmentation,0,0.0,0.5983894500561167,0.0,0.0,0.0,"[0.4576666666666667, 0.0, 0.012759121061359869, 0.025, 0.05, 0.8448575798363537, 0.31207053255269945, 0.07570068116355266]",0.85
2026-07-21T08:25:29.865847,19,No Augmentation,0,0.0,0.6169875042215468,0.0,0.0,0.0,"[0.5753333333333334, 0.0, 0.012081940804500974, 0.0, 0.06666666666666667, 0.8662558406305255, 0.30234075328380083, 0.04631180343986608]",0.85
2026-07-21T08:25:30.228239,0,No Augmentation,0,0.0,0.17119769119769118,0.0,0.0,0.0,"[0.3636666666666667, 0.0, 0.010070332480818414, 0.05, 0.016666666666666666, 0.8427375607525514, 0.33051630869099996, 0.08872982524413026]",0.85
2026-07-21T08:25:30.407640,1,No Augmentation,0,0.0,0.18250151791135397,0.0,0.0,0.0,"[0.4138333333333334, 0.0, 0.016230559071711233, 0.075, 0.03333333333333333, 0.856460087384235, 0.3314067653855654, 0.06781522656865366]",0.85
2026-07-21T08:25:30.588844,2,No Augmentation,0,0.0,0.3741493909077366,0.0,0.0,0.0,"[0.4728333333333333, 0.0, 0.010172310981184488, 0.025, 0.03333333333333333, 0.8537020469269974, 0.35478537559830026, 0.034303041350374056]",0.85
2026-07-21T08:25:30.770163,3,No Augmentation,0,0.0,0.3762431087804222,0.0,0.0,0.0,"[0.43233333333333335, 0.0, 0.022251538045888163, 0.075, 0.05, 0.85172510013431, 0.317390485002239, 0.06742000237797459]",0.85
2026-07-21T08:25:30.951397,4,No Augmentation,0,0.0,0.4571755288736421,0.0,0.0,0.0,"[0.5226666666666666, 0.0, 0.014129674471060508, 0.05, 0.08333333333333333, 0.8348093728333564, 0.313562798153046, 0.07417164015645687]",0.85
2026-07-21T08:25:31.137180,5,No Augmentation,0,0.0,0.48888973409097247,0.0,0.0,0.0,"[0.596, 0.0, 0.003132138404273714, 0.0, 0.03333333333333333, 0.8180512470884033, 0.3399396097730977, 0.06035111860533737]",0.85
2026-07-21T08:25:31.325691,6,No Augmentation,0,0.0,0.48843372638439053,0.0,0.0,0.0,"[0.5866666666666667, 0.0, 0.02292734947662949, 0.025, 0.05, 0.8373002144884607, 0.3819543437741991, 0.04563748564001878]",0.9
2026-07-21T08:25:31.511046,7,No Augmentation,0,0.0,0.5247630747630747,0.0,0.0,0.0,"[0.18783333333333332, 0.0, 0.008928571428571428, 0.0, 0.016666666666666666, 0.8981865430812583, 0.27995239792792304, 0.05942128399921086]",0.8140716957198209
2026-07-21T08:25:31.703748,8,No Augmentation,0,0.0,0.5432478632478632,0.0,0.0,0.0,"[0.7056666666666667, 0.0, 0.010606249810795266, 0.05, 0.08333333333333333, 0.7990460215231565, 0.31825429250385423, 0.07013421477475074]",0.9
2026-07-21T08:25:31.893816,9,No Augmentation,0,0.0,0.4809339628140118,0.0,0.0,0.0,"[0.4870000000000001, 0.0, 0.007929282093351002, 0.025, 0.05, 0.8494214180655713, 0.28004552320888776, 0.06519929799196479]",0.85
2026-07-21T08:25:32.084467,10,No Augmentation,0,0.0,0.5628178584700324,0.0,0.0,0.0,"[0.5426666666666666, 0.0, 0.006408090131898972, 0.025, 0.08333333333333333, 0.849728160927237, 0.3997738188355747, 0.06157095898448713]",0.9
2026-07-21T08:25:32.273509,11,No Augmentation,0,0.0,0.5903987240829347,0.0,0.0,0.0,"[0.44333333333333336, 0.0, 0.00867812581722576, 0.025, 0.03333333333333333, 0.8569026782547565, 0.3022514091610133, 0.062295460694799486]",0.85
2026-07-21T08:25:32.465531,12,No Augmentation,0,0.0,0.594983930414271,0.0,0.0,0.0,"[0.5221666666666667, 0.0, 0.021364610011868575, 0.075, 0.05, 0.8568221868347935, 0.39313844380008045, 0.056895418181867406]",0.9
2026-07-21T08:25:32.655411,13,No Augmentation,0,0.0,0.45389430042574064,0.0,0.0,0.0,"[0.4893333333333335, 0.0, 0.0560263992176678, 0.1, 0.016666666666666666, 0.843912414636133, 0.3329815791870956, 0.06836180342153916]",0.9
2026-07-21T08:25:32.847883,14,No Augmentation,0,0.0,0.4817650186071239,0.0,0.0,0.0,"[0.5155000000000001, 0.0, 0.023340637135238734, 0.075, 0.016666666666666666, 0.8083650501996962, 0.34379238295769854, 0.10253695556424021]",0.85
2026-07-21T08:25:33.035608,15,No Augmentation,0,0.0,0.5707947742350823,0.0,0.0,0.0,"[0.5788333333333333, 0.0, 0.025538441581726905, 0.0, 0.05, 0.8222244033540067, 0.2993683679846065, 0.08419558527920794]",0.85
2026-07-21T08:25:33.224964,16,No Augmentation,0,0.0,0.5542528122360055,0.0,0.0,0.0,"[0.583, 0.0, 0.015110970695031844, 0.075, 0.05, 0.8081341081890006, 0.30399901446944766, 0.0748096494794642]",0.9
2026-07-21T08:25:33.426218,17,No Augmentation,0,0.0,0.6177702103280398,0.0,0.0,0.0,"[0.5018333333333334, 0.0, 0.001968503937007874, 0.05, 0.05, 0.8523989555970456, 0.34228050615727135, 0.04294519473723332]",0.85
2026-07-21T08:25:33.616334,18,No Augmentation,0,0.0,0.6117010331262401,0.0,0.0,0.0,"[0.4576666666666667, 0.0, 0.012759121061359869, 0.025, 0.05, 0.8448575798363537, 0.31207053255269945, 0.07570068116355266]",0.85
2026-07-21T08:25:33.800397,19,No Augmentation,0,0.0,0.565389746521822,0.0,0.0,0.0,"[0.5753333333333334, 0.0, 0.012081940804500974, 0.0, 0.06666666666666667, 0.8662558406305255, 0.30234075328380083, 0.04631180343986608]",0.85
2026-07-21T08:25:34.161991,0,No Augmentation,0,0.0,0.17119769119769118,0.0,0.0,0.0,"[0.3636666666666667, 0.0, 0.010070332480818414, 0.05, 0.016666666666666666, 0.8427375607525514, 0.33051630869099996, 0.08872982524413026]",0.85
2026-07-21T08:25:34.339782,1,No Augmentation,0,0.0,0.15792085848423876,0.0,0.0,0.0,"[0.4138333333333334, 0.0, 0.016230559071711233, 0.075, 0.03333333333333333, 0.856460087384235, 0.3314067653855654, 0.06781522656865366]",0.85
2026-07-21T08:25:34.523101,2,No Augmentation,0,0.0,0.34597189600477873,0.0,0.0,0.0,"[0.4728333333333333, 0.0, 0.010172310981184488, 0.025, 0.03333333333333333, 0.8537020469269974, 0.35478537559830026, 0.034303041350374056]",0.85
2026-07-21T08:25:34.704849,3,No Augmentation,0,0.0,0.4350563046762109,0.0,0.0,0.0,"[0.43233333333333335, 0.0, 0.022251538045888163, 0.075, 0.05, 0.85172510013431, 0.317390485002239, 0.06742000237797459]",0.85
2026-07-21T08:25:34.885203,4,No Augmentation,0,0.0,0.3953899919117311,0.0,0.0,0.0,"[0.5226666666666666, 0.0, 0.014129674471060508, 0.05, 0.08333333333333333, 0.8348093728333564, 0.313562798153046, 0.07417164015645687]",0.85
2026-07-21T08:25:35.072678,5,No Augmentation,0,0.0,0.5294263339151766,0.0,0.0,0.0,"[0.596, 0.0, 0.003132138404273714, 0.0, 0.03333333333333333, 0.8180512470884033, 0.3399396097730977, 0.06035111860533737]",0.85
2026-07-21T08:25:35.258465,6,No Augmentation,0,0.0,0.5083158452570217,0.0,0.0,0.0,"[0.5866666666666667, 0.0, 0.02292734947662949, 0.025, 0.05, 0.8373002144884607, 0.3819543437741991, 0.04563748564001878]",0.9
2026-07-21T08:25:35.446551,7,No Augmentation,0,0.0,0.5504419800707168,0.0,0.0,0.0,"[0.18783333333333332, 0.0, 0.008928571428571428, 0.0, 0.016666666666666666, 0.8981865430812583, 0.27995239792792304, 0.05942128399921086]",0.8140716957198209
2026-07-21T08:25:35.632387,8,No Augmentation,0,0.0,0.5979381191145897,0.0,0.0,0.0,"[0.7056666666666667, 0.0, 0.010606249810795266, 0.05, 0.08333333333333333, 0.7990460215231565, 0.31825429250385423, 0.07013421477475074]",0.9
2026-07-21T08:25:35.821268,9,No Augmentation,0,0.0,0.5288475112947445,0.0,0.0,0.0,"[0.4870000000000001, 0.0, 0.007929282093351002, 0.025, 0.05, 0.8494214180655713, 0.28004552320888776, 0.06519929799196479]",0.85
2026-07-21T08:25:36.012733,10,No Augmentation,0,0.0,0.6207503607503607,0.0,0.0,0.0,"[0.5426666666666666, 0.0, 0.006408090131898972, 0.025, 0.08333333333333333, 0.849728160927237, 0.3997738188355747, 0.06157095898448713]",0.9
2026-07-21T08:25:36.198498,11,No Augmentation,0,0.0,0.5695216301623625,0.0,0.0,0.0,"[0.44333333333333336, 0.0, 0.00867812581722576, 0.025, 0.03333333333333333, 0.8569026782547565, 0.3022514091610133, 0.062295460694799486]",0.85
2026-07-21T08:25:36.379241,12,No Augmentation,0,0.0,0.5929674033415185,0.0,0.0,0.0,"[0.5221666666666667, 0.0, 0.021364610011868575, 0.075, 0.05, 0.8568221868347935, 0.39313844380008045, 0.056895418181867406]",0.9
2026-07-21T08:25:36.566743,13,No Augmentation,0,0.0,0.5807474376199184,0.0,0.0,0.0,"[0.4893333333333335, 0.0, 0.0560263992176678, 0.1, 0.016666666666666666, 0.843912414636133, 0.3329815791870956, 0.06836180342153916]",0.9
2026-07-21T08:25:36.752070,14,No Augmentation,0,0.0,0.6212045264676844,0.0,0.0,0.0,"[0.5155000000000001, 0.0, 0.023340637135238734, 0.075, 0.016666666666666666, 0.8083650501996962, 0.34379238295769854, 0.10253695556424021]",0.85
2026-07-21T08:25:36.946788,15,No Augmentation,0,0.0,0.5105627705627706,0.0,0.0,0.0,"[0.5788333333333333, 0.0, 0.025538441581726905, 0.0, 0.05, 0.8222244033540067, 0.2993683679846065, 0.08419558527920794]",0.85
2026-07-21T08:25:37.139093,16,No Augmentation,0,0.0,0.5291625615763547,0.0,0.0,0.0,"[0.583, 0.0, 0.015110970695031844, 0.075, 0.05, 0.8081341081890006, 0.30399901446944766, 0.0748096494794642]",0.9
2026-07-21T08:25:37.337335,17,No Augmentation,0,0.0,0.48621152921323896,0.0,0.0,0.0,"[0.5018333333333334, 0.0, 0.001968503937007874, 0.05, 0.05, 0.8523989555970456, 0.34228050615727135, 0.04294519473723332]",0.85
2026-07-21T08:25:37.532286,18,No Augmentation,0,0.0,0.5653748006379585,0.0,0.0,0.0,"[0.4576666666666667, 0.0, 0.012759121061359869, 0.025, 0.05, 0.8448575798363537, 0.31207053255269945, 0.07570068116355266]",0.85
2026-07-21T08:25:37.720497,19,No Augmentation,0,0.0,0.5777501065782821,0.0,0.0,0.0,"[0.5753333333333334, 0.0, 0.012081940804500974, 0.0, 0.06666666666666667, 0.8662558406305255, 0.30234075328380083, 0.04631180343986608]",0.85
2026-07-21T08:25:38.427051,0,Back Translation,2,0.0,0.1212871946508964,0.0,0.0,0.0,"[0.3636666666666667, 0.0, 0.010070332480818414, 0.05, 0.016666666666666666, 0.8427375607525514, 0.33051630869099996, 0.08872982524413026]",0.85
2026-07-21T08:25:39.019076,1,Back Translation,2,0.0,0.17656036989370322,0.0,0.0,0.0,"[0.4138333333333334, 0.0, 0.016230559071711233, 0.075, 0.03333333333333333, 0.856460087384235, 0.3314067653855654, 0.06781522656865366]",0.85
2026-07-21T08:25:39.750815,2,Back Translation,2,0.0,0.302039013617961,0.0,0.0,0.0,"[0.4728333333333333, 0.0, 0.010172310981184488, 0.025, 0.03333333333333333, 0.8537020469269974, 0.35478537559830026, 0.034303041350374056]",0.85
2026-07-21T08:25:40.416114,3,Back Translation,2,0.0,0.3928732621477592,0.0,0.0,0.0,"[0.43233333333333335, 0.0, 0.022251538045888163, 0.075, 0.05, 0.85172510013431, 0.317390485002239, 0.06742000237797459]",0.85
2026-07-21T08:25:41.175489,4,Back Translation,2,0.0,0.5081585081585083,0.0,0.0,0.0,"[0.5226666666666666, 0.0, 0.014129674471060508, 0.05, 0.08333333333333333, 0.8348093728333564, 0.313562798153046, 0.07417164015645687]",0.85
2026-07-21T08:25:42.150172,5,Back Translation,2,0.0,0.5391119249236733,0.0,0.0,0.0,"[0.596, 0.0, 0.003132138404273714, 0.0, 0.03333333333333333, 0.8180512470884033, 0.3399396097730977, 0.06035111860533737]",0.85
2026-07-21T08:25:43.075162,6,Back Translation,2,0.0,0.5157818332442285,0.0,0.0,0.0,"[0.5866666666666667, 0.0, 0.02292734947662949, 0.025, 0.05, 0.8373002144884607, 0.3819543437741991, 0.04563748564001878]",0.9
2026-07-21T08:25:43.443124,7,Back Translation,2,0.0,0.5179596476271668,0.0,0.0,0.0,"[0.18783333333333332, 0.0, 0.008928571428571428, 0.0, 0.016666666666666666, 0.8981865430812583, 0.27995239792792304, 0.05942128399921086]",0.8140716957198209
2026-07-21T08:25:44.573826,8,Back Translation,2,0.0,0.543933374745388,0.0,0.0,0.0,"[0.7056666666666667, 0.0, 0.010606249810795266, 0.05, 0.08333333333333333, 0.7990460215231565, 0.31825429250385423, 0.07013421477475074]",0.9
2026-07-21T08:25:45.228687,9,Back Translation,2,0.0,0.5650161439635124,0.0,0.0,0.0,"[0.4870000000000001, 0.0, 0.007929282093351002, 0.025, 0.05, 0.8494214180655713, 0.28004552320888776, 0.06519929799196479]",0.85
2026-07-21T08:25:46.050991,10,Back Translation,2,0.0,0.5606486673763562,0.0,0.0,0.0,"[0.5426666666666666, 0.0, 0.006408090131898972, 0.025, 0.08333333333333333, 0.849728160927237, 0.3997738188355747, 0.06157095898448713]",0.9
2026-07-21T08:25:46.723099,11,Back Translation,2,0.0,0.546564926588343,0.0,0.0,0.0,"[0.44333333333333336, 0.0, 0.00867812581722576, 0.025, 0.03333333333333333, 0.8569026782547565, 0.3022514091610133, 0.062295460694799486]",0.85
2026-07-21T08:25:47.479317,12,Back Translation,2,0.0,0.6015192743764172,0.0,0.0,0.0,"[0.5221666666666667, 0.0, 0.021364610011868575, 0.075, 0.05, 0.8568221868347935, 0.39313844380008045, 0.056895418181867406]",0.9
2026-07-21T08:25:48.290445,13,Back Translation,2,0.0,0.609675810062807,0.0,0.0,0.0,"[0.4893333333333335, 0.0, 0.0560263992176678, 0.1, 0.016666666666666666, 0.843912414636133, 0.3329815791870956, 0.06836180342153916]",0.9
2026-07-21T08:25:49.171593,14,Back Translation,2,0.0,0.624090909090909,0.0,0.0,0.0,"[0.5155000000000001, 0.0, 0.023340637135238734, 0.075, 0.016666666666666666, 0.8083650501996962, 0.34379238295769854, 0.10253695556424021]",0.85
2026-07-21T08:25:50.003058,15,Back Translation,2,0.0,0.4507965237377002,0.0,0.0,0.0,"[0.5788333333333333, 0.0, 0.025538441581726905, 0.0, 0.05, 0.8222244033540067, 0.2993683679846065, 0.08419558527920794]",0.85
2026-07-21T08:25:50.869369,16,Back Translation,2,0.0,0.5815270413573701,0.0,0.0,0.0,"[0.583, 0.0, 0.015110970695031844, 0.075, 0.05, 0.8081341081890006, 0.30399901446944766, 0.0748096494794642]",0.9
2026-07-21T08:25:51.726371,17,Back Translation,2,0.0,0.5175595678034702,0.0,0.0,0.0,"[0.5018333333333334, 0.0, 0.001968503937007874, 0.05, 0.05, 0.8523989555970456, 0.34228050615727135, 0.04294519473723332]",0.85
2026-07-21T08:25:52.451357,18,Back Translation,2,0.0,0.49207530036699065,0.0,0.0,0.0,"[0.4576666666666667, 0.0, 0.012759121061359869, 0.025, 0.05, 0.8448575798363537, 0.31207053255269945, 0.07570068116355266]",0.85
2026-07-21T08:25:52.794421,19,Back Translation,2,0.0,0.6257335503371309,0.0,0.0,0.0,"[0.5753333333333334, 0.0, 0.012081940804500974, 0.0, 0.06666666666666667, 0.8662558406305255, 0.30234075328380083, 0.04631180343986608]",0.85
2026-07-21T08:25:53.193556,0,BERT Contextual,2,0.0,0.17119769119769118,0.0,0.0,0.0,"[0.3636666666666667, 0.0, 0.010070332480818414, 0.05, 0.016666666666666666, 0.8427375607525514, 0.33051630869099996, 0.08872982524413026]",0.85
2026-07-21T08:25:53.410495,1,BERT Contextual,2,0.0,0.16225488026205123,0.0,0.0,0.0,"[0.4138333333333334, 0.0, 0.016230559071711233, 0.075, 0.03333333333333333, 0.856460087384235, 0.3314067653855654, 0.06781522656865366]",0.85
2026-07-21T08:25:53.653057,2,BERT Contextual,2,0.0,0.39605899906863584,0.0,0.0,0.0,"[0.4728333333333333, 0.0, 0.010172310981184488, 0.025, 0.03333333333333333, 0.8537020469269974, 0.35478537559830026, 0.034303041350374056]",0.85
2026-07-21T08:25:53.877959,3,BERT Contextual,2,0.0,0.4565433133175068,0.0,0.0,0.0,"[0.43233333333333335, 0.0, 0.022251538045888163, 0.075, 0.05, 0.85172510013431, 0.317390485002239, 0.06742000237797459]",0.85
2026-07-21T08:25:54.109284,4,BERT Contextual,2,0.0,0.4463477949958161,0.0,0.0,0.0,"[0.5226666666666666, 0.0, 0.014129674471060508, 0.05, 0.08333333333333333, 0.8348093728333564, 0.313562798153046, 0.07417164015645687]",0.85
2026-07-21T08:25:54.363923,5,BERT Contextual,2,0.0,0.5658095238095238,0.0,0.0,0.0,"[0.596, 0.0, 0.003132138404273714, 0.0, 0.03333333333333333, 0.8180512470884033, 0.3399396097730977, 0.06035111860533737]",0.85
2026-07-21T08:25:54.620667,6,BERT Contextual,2,0.0,0.5597716009480715,0.0,0.0,0.0,"[0.5866666666666667, 0.0, 0.02292734947662949, 0.025, 0.05, 0.8373002144884607, 0.3819543437741991, 0.04563748564001878]",0.9
2026-07-21T08:25:54.835233,7,BERT Contextual,2,0.0,0.5658542964830036,0.0,0.0,0.0,"[0.18783333333333332, 0.0, 0.008928571428571428, 0.0, 0.016666666666666666, 0.8981865430812583, 0.27995239792792304, 0.05942128399921086]",0.8140716957198209
2026-07-21T08:25:55.100277,8,BERT Contextual,2,0.0,0.5125409018107951,0.0,0.0,0.0,"[0.7056666666666667, 0.0, 0.010606249810795266, 0.05, 0.08333333333333333, 0.7990460215231565, 0.31825429250385423, 0.07013421477475074]",0.9
2026-07-21T08:25:55.328213,9,BERT Contextual,2,0.0,0.5023216957121486,0.0,0.0,0.0,"[0.4870000000000001, 0.0, 0.007929282093351002, 0.025, 0.05, 0.8494214180655713, 0.28004552320888776, 0.06519929799196479]",0.85
2026-07-21T08:25:55.569478,10,BERT Contextual,2,0.0,0.46201360370355316,0.0,0.0,0.0,"[0.5426666666666666, 0.0, 0.006408090131898972, 0.025, 0.08333333333333333, 0.849728160927237, 0.3997738188355747, 0.06157095898448713]",0.9
2026-07-21T08:25:55.800847,11,BERT Contextual,2,0.0,0.5014977614977616,0.0,0.0,0.0,"[0.44333333333333336, 0.0, 0.00867812581722576, 0.025, 0.03333333333333333, 0.8569026782547565, 0.3022514091610133, 0.062295460694799486]",0.85
2026-07-21T08:25:56.041217,12,BERT Contextual,2,0.0,0.4847152847152847,0.0,0.0,0.0,"[0.5221666666666667, 0.0, 0.021364610011868575, 0.075, 0.05, 0.8568221868347935, 0.39313844380008045, 0.056895418181867406]",0.9
2026-07-21T08:25:56.289734,13,BERT Contextual,2,0.0,0.5516112686086801,0.0,0.0,0.0,"[0.4893333333333335, 0.0, 0.0560263992176678, 0.1, 0.016666666666666666, 0.843912414636133, 0.3329815791870956, 0.06836180342153916]",0.9
2026-07-21T08:25:56.537291,14,BERT Contextual,2,0.0,0.644247483546264,0.0,0.0,0.0,"[0.5155000000000001, 0.0, 0.023340637135238734, 0.075, 0.016666666666666666, 0.8083650501996962, 0.34379238295769854, 0.10253695556424021]",0.85
2026-07-21T08:25:56.780661,15,BERT Contextual,2,0.0,0.6601475918871805,0.0,0.0,0.0,"[0.5788333333333333, 0.0, 0.025538441581726905, 0.0, 0.05, 0.8222244033540067, 0.2993683679846065, 0.08419558527920794]",0.85
2026-07-21T08:25:57.030268,16,BERT Contextual,2,0.0,0.6366821087409322,0.0,0.0,0.0,"[0.583, 0.0, 0.015110970695031844, 0.075, 0.05, 0.8081341081890006, 0.30399901446944766, 0.0748096494794642]",0.9
2026-07-21T08:25:57.284859,17,BERT Contextual,2,0.0,0.5253607016577122,0.0,0.0,0.0,"[0.5018333333333334, 0.0, 0.001968503937007874, 0.05, 0.05, 0.8523989555970456, 0.34228050615727135, 0.04294519473723332]",0.85
2026-07-21T08:25:57.546196,18,BERT Contextual,2,0.0,0.6168357633188671,0.0,0.0,0.0,"[0.4576666666666667, 0.0, 0.012759121061359869, 0.025, 0.05, 0.8448575798363537, 0.31207053255269945, 0.07570068116355266]",0.85
2026-07-21T08:25:57.762793,19,BERT Contextual,2,0.0,0.6148830436233981,0.0,0.0,0.0,"[0.5753333333333334, 0.0, 0.012081940804500974, 0.0, 0.06666666666666667, 0.8662558406305255, 0.30234075328380083, 0.04631180343986608]",0.85
2026-07-21T08:25:58.183490,0,No Augmentation,0,0.0,0.17119769119769118,0.0,0.0,0.0,"[0.3636666666666667, 0.0, 0.010070332480818414, 0.05, 0.016666666666666666, 0.8427375607525514, 0.33051630869099996, 0.08872982524413026]",0.85
2026-07-21T08:25:58.369466,1,No Augmentation,0,0.0,0.19286990012272634,0.0,0.0,0.0,"[0.4138333333333334, 0.0, 0.016230559071711233, 0.075, 0.03333333333333333, 0.856460087384235, 0.3314067653855654, 0.06781522656865366]",0.85
2026-07-21T08:25:58.553891,2,No Augmentation,0,0.0,0.40962141883291475,0.0,0.0,0.0,"[0.4728333333333333, 0.0, 0.010172310981184488, 0.025, 0.03333333333333333, 0.8537020469269974, 0.35478537559830026, 0.034303041350374056]",0.85
2026-07-21T08:25:58.737307,3,No Augmentation,0,0.0,0.4614858183710643,0.0,0.0,0.0,"[0.43233333333333335, 0.0, 0.022251538045888163, 0.075, 0.05, 0.85172510013431, 0.317390485002239, 0.06742000237797459]",0.85
2026-07-21T08:25:58.922222,4,No Augmentation,0,0.0,0.42541491689219313,0.0,0.0,0.0,"[0.5226666666666666, 0.0, 0.014129674471060508, 0.05, 0.08333333333333333, 0.8348093728333564, 0.313562798153046, 0.07417164015645687]",0.85
2026-07-21T08:25:59.108550,5,No Augmentation,0,0.0,0.49386988838088425,0.0,0.0,0.0,"[0.596, 0.0, 0.003132138404273714, 0.0, 0.03333333333333333, 0.8180512470884033, 0.3399396097730977, 0.06035111860533737]",0.85
2026-07-21T08:25:59.296690,6,No Augmentation,0,0.0,0.5453634085213033,0.0,0.0,0.0,"[0.5866666666666667, 0.0, 0.02292734947662949, 0.025, 0.05, 0.8373002144884607, 0.3819543437741991, 0.04563748564001878]",0.9
2026-07-21T08:25:59.480135,7,No Augmentation,0,0.0,0.5946282372598162,0.0,0.0,0.0,"[0.18783333333333332, 0.0, 0.008928571428571428, 0.0, 0.016666666666666666, 0.8981865430812583, 0.27995239792792304, 0.05942128399921086]",0.8140716957198209
2026-07-21T08:25:59.676300,8,No Augmentation,0,0.0,0.5157576186499455,0.0,0.0,0.0,"[0.7056666666666667, 0.0, 0.010606249810795266, 0.05, 0.08333333333333333, 0.7990460215231565, 0.31825429250385423, 0.07013421477475074]",0.9
2026-07-21T08:25:59.863704,9,No Augmentation,0,0.0,0.5243514374548256,0.0,0.0,0.0,"[0.4870000000000001, 0.0, 0.007929282093351002, 0.025, 0.05, 0.8494214180655713, 0.28004552320888776, 0.06519929799196479]",0.85
2026-07-21T08:26:00.053357,10,No Augmentation,0,0.0,0.5148224324694912,0.0,0.0,0.0,"[0.5426666666666666, 0.0, 0.006408090131898972, 0.025, 0.08333333333333333, 0.849728160927237, 0.3997738188355747, 0.06157095898448713]",0.9
2026-07-21T08:26:00.240737,11,No Augmentation,0,0.0,0.5090121933259188,0.0,0.0,0.0,"[0.44333333333333336, 0.0, 0.00867812581722576, 0.025, 0.03333333333333333, 0.8569026782547565, 0.3022514091610133, 0.062295460694799486]",0.85
2026-07-21T08:26:00.428649,12,No Augmentation,0,0.0,0.5279159415704267,0.0,0.0,0.0,"[0.5221666666666667, 0.0, 0.021364610011868575, 0.075, 0.05, 0.8568221868347935, 0.39313844380008045, 0.056895418181867406]",0.9
2026-07-21T08:26:00.614987,13,No Augmentation,0,0.0,0.5048530416951469,0.0,0.0,0.0,"[0.4893333333333335, 0.0, 0.0560263992176678, 0.1, 0.016666666666666666, 0.843912414636133, 0.3329815791870956, 0.06836180342153916]",0.9
2026-07-21T08:26:00.800798,14,No Augmentation,0,0.0,0.47571365832235396,0.0,0.0,0.0,"[0.5155000000000001, 0.0, 0.023340637135238734, 0.075, 0.016666666666666666, 0.8083650501996962, 0.34379238295769854, 0.10253695556424021]",0.85
2026-07-21T08:26:00.995861,15,No Augmentation,0,0.0,0.5504460771175261,0.0,0.0,0.0,"[0.5788333333333333, 0.0, 0.025538441581726905, 0.0, 0.05, 0.8222244033540067, 0.2993683679846065, 0.08419558527920794]",0.85
2026-07-21T08:26:01.190424,16,No Augmentation,0,0.0,0.5565866033607969,0.0,0.0,0.0,"[0.583, 0.0, 0.015110970695031844, 0.075, 0.05, 0.8081341081890006, 0.30399901446944766, 0.0748096494794642]",0.9
2026-07-21T08:26:01.382122,17,No Augmentation,0,0.0,0.5704568143046693,0.0,0.0,0.0,"[0.5018333333333334, 0.0, 0.001968503937007874, 0.05, 0.05, 0.8523989555970456, 0.34228050615727135, 0.04294519473723332]",0.85
2026-07-21T08:26:01.576366,18,No Augmentation,0,0.0,0.5581509504987766,0.0,0.0,0.0,"[0.4576666666666667, 0.0, 0.012759121061359869, 0.025, 0.05, 0.8448575798363537, 0.31207053255269945, 0.07570068116355266]",0.85
2026-07-21T08:26:01.758703,19,No Augmentation,0,0.0,0.5760620332048904,0.0,0.0,0.0,"[0.5753333333333334, 0.0, 0.012081940804500974, 0.0, 0.06666666666666667, 0.8662558406305255, 0.30234075328380083, 0.04631180343986608]",0.85
2026-07-21T08:26:02.125602,0,No Augmentation,0,0.0,0.17119769119769118,0.0,0.0,0.0,"[0.3636666666666667, 0.0, 0.010070332480818414, 0.05, 0.016666666666666666, 0.8427375607525514, 0.33051630869099996, 0.08872982524413026]",0.85
2026-07-21T08:26:02.303457,1,No Augmentation,0,0.0,0.12838964458095656,0.0,0.0,0.0,"[0.4138333333333334, 0.0, 0.016230559071711233, 0.075, 0.03333333333333333, 0.856460087384235, 0.3314067653855654, 0.06781522656865366]",0.85
2026-07-21T08:26:02.485756,2,No Augmentation,0,0.0,0.47934207763994996,0.0,0.0,0.0,"[0.4728333333333333, 0.0, 0.010172310981184488, 0.025, 0.03333333333333333, 0.8537020469269974, 0.35478537559830026, 0.034303041350374056]",0.85
2026-07-21T08:26:02.666735,3,No Augmentation,0,0.0,0.5038446766266316,0.0,0.0,0.0,"[0.43233333333333335, 0.0, 0.022251538045888163, 0.075, 0.05, 0.85172510013431, 0.317390485002239, 0.06742000237797459]",0.85
2026-07-21T08:26:02.848031,4,No Augmentation,0,0.0,0.5269093406593407,0.0,0.0,0.0,"[0.5226666666666666, 0.0, 0.014129674471060508, 0.05, 0.08333333333333333, 0.8348093728333564, 0.313562798153046, 0.07417164015645687]",0.85
2026-07-21T08:26:03.034662,5,No Augmentation,0,0.0,0.48476391002316604,0.0,0.0,0.0,"[0.596, 0.0, 0.003132138404273714, 0.0, 0.03333333333333333, 0.8180512470884033, 0.3399396097730977, 0.06035111860533737]",0.85
2026-07-21T08:26:03.229189,6,No Augmentation,0,0.0,0.5874560080442432,0.0,0.0,0.0,"[0.5866666666666667, 0.0, 0.02292734947662949, 0.025, 0.05, 0.8373002144884607, 0.3819543437741991, 0.04563748564001878]",0.9
2026-07-21T08:26:03.413364,7,No Augmentation,0,0.0,0.587944571567623,0.0,0.0,0.0,"[0.18783333333333332, 0.0, 0.008928571428571428, 0.0, 0.016666666666666666, 0.8981865430812583, 0.27995239792792304, 0.05942128399921086]",0.8140716957198209
2026-07-21T08:26:03.603516,8,No Augmentation,0,0.0,0.5924963924963925,0.0,0.0,0.0,"[0.7056666666666667, 0.0, 0.010606249810795266, 0.05, 0.08333333333333333, 0.7990460215231565, 0.31825429250385423, 0.07013421477475074]",0.9
2026-07-21T08:26:03.793421,9,No Augmentation,0,0.0,0.5655122655122655,0.0,0.0,0.0,"[0.4870000000000001, 0.0, 0.007929282093351002, 0.025, 0.05, 0.8494214180655713, 0.28004552320888776, 0.06519929799196479]",0.85
2026-07-21T08:26:03.983126,10,No Augmentation,0,0.0,0.575033738191633,0.0,0.0,0.0,"[0.5426666666666666, 0.0, 0.006408090131898972, 0.025, 0.08333333333333333, 0.849728160927237, 0.3997738188355747, 0.06157095898448713]",0.9
2026-07-21T08:26:04.168335,11,No Augmentation,0,0.0,0.5989822973723903,0.0,0.0,0.0,"[0.44333333333333336, 0.0, 0.00867812581722576, 0.025, 0.03333333333333333, 0.8569026782547565, 0.3022514091610133, 0.062295460694799486]",0.85
2026-07-21T08:26:04.352670,12,No Augmentation,0,0.0,0.5931575378195098,0.0,0.0,0.0,"[0.5221666666666667, 0.0, 0.021364610011868575, 0.075, 0.05, 0.8568221868347935, 0.39313844380008045, 0.056895418181867406]",0.9
2026-07-21T08:26:04.542623,13,No Augmentation,0,0.0,0.5421385309830586,0.0,0.0,0.0,"[0.4893333333333335, 0.0, 0.0560263992176678, 0.1, 0.016666666666666666, 0.843912414636133, 0.3329815791870956, 0.06836180342153916]",0.9
2026-07-21T08:26:04.733740,14,No Augmentation,0,0.0,0.6459012753907442,0.0,0.0,0.0,"[0.5155000000000001, 0.0, 0.023340637135238734, 0.075, 0.016666666666666666, 0.8083650501996962, 0.34379238295769854, 0.10253695556424021]",0.85
2026-07-21T08:26:04.922146,15,No Augmentation,0,0.0,0.48891774891774886,0.0,0.0,0.0,"[0.5788333333333333, 0.0, 0.025538441581726905, 0.0, 0.05, 0.8222244033540067, 0.2993683679846065, 0.08419558527920794]",0.85
2026-07-21T08:26:05.110583,16,No Augmentation,0,0.0,0.587580122642601,0.0,0.0,0.0,"[0.583, 0.0, 0.015110970695031844, 0.075, 0.05, 0.8081341081890006, 0.30399901446944766, 0.0748096494794642]",0.9
2026-07-21T08:26:05.303674,17,No Augmentation,0,0.0,0.5607835044454762,0.0,0.0,0.0,"[0.5018333333333334, 0.0, 0.001968503937007874, 0.05, 0.05, 0.8523989555970456, 0.34228050615727135, 0.04294519473723332]",0.85
2026-07-21T08:26:05.493606,18,No Augmentation,0,0.0,0.5785659801678108,0.0,0.0,0.0,"[0.4576666666666667, 0.0, 0.012759121061359869, 0.025, 0.05, 0.8448575798363537, 0.31207053255269945, 0.07570068116355266]",0.85
2026-07-21T08:26:05.672839,19,No Augmentation,0,0.0,0.6130195462944411,0.0,0.0,0.0,"[0.5753333333333334, 0.0, 0.012081940804500974, 0.0, 0.06666666666666667, 0.8662558406305255, 0.30234075328380083, 0.04631180343986608]",0.85
2026-07-21T09:11:07.167567,0,No Augmentation,2,0.17119769119769118,0.1635107376283847,0.17119769119769118,0.5,0.0,"[0.3636666666666667, 0.0, 0.010070332480818414, 0.05, 0.016666666666666666, 0.8427375607525514, 0.33051630869099996, 0.08872982524413026]",0.85
2026-07-21T09:11:09.071056,1,BERT Contextual,2,0.27960487836579084,0.17907039099096256,0.27960487836579084,0.5,0.0,"[0.4138333333333334, 0.0, 0.016230559071711233, 0.075, 0.03333333333333333, 0.856460087384235, 0.3314067653855654, 0.06781522656865366]",0.85
2026-07-21T09:11:13.449066,2,Back Translation,2,0.4195012569130216,0.44330720252249434,0.4195012569130216,0.5,0.0,"[0.4728333333333333, 0.0, 0.010172310981184488, 0.025, 0.03333333333333333, 0.8537020469269974, 0.35478537559830026, 0.034303041350374056]",0.85
2026-07-21T09:11:18.859576,3,Back Translation,5,0.5176085008902347,0.5481659432521502,0.5176085008902347,0.5,0.0,"[0.43233333333333335, 0.0, 0.022251538045888163, 0.075, 0.05, 0.85172510013431, 0.317390485002239, 0.06742000237797459]",0.85
2026-07-21T09:11:20.478076,4,Hybrid,4,0.7885887313713229,0.49817032828933305,0.7885887313713229,0.5257258209142153,0.46500724324448967,"[0.5226666666666666, 0.0, 0.014129674471060508, 0.05, 0.08333333333333333, 0.8348093728333564, 0.313562798153046, 0.07417164015645687]",0.85
2026-07-21T09:11:49.228275,5,Back Translation,4,0.689332822094967,0.508742942798,0.689332822094967,0.459555214729978,0.2722739730260506,"[0.596, 0.0, 0.003132138404273714, 0.0, 0.03333333333333333, 0.8180512470884033, 0.3399396097730977, 0.06035111860533737]",0.85
2026-07-21T09:11:58.822633,6,Hybrid,4,0.6788070364926858,0.5848163265306122,0.6788070364926858,0.4525380243284572,0.30101381788714815,"[0.5866666666666667, 0.0, 0.02292734947662949, 0.025, 0.05, 0.8373002144884607, 0.3819543437741991, 0.04563748564001878]",0.9
2026-07-21T09:12:12.939072,7,BERT Contextual,5,0.6406295210913542,0.5610792860107929,0.6406295210913542,0.4270863473942361,0.3045772251399372,"[0.18783333333333332, 0.0, 0.008928571428571428, 0.0, 0.016666666666666666, 0.8981865430812583, 0.27995239792792304, 0.05942128399921086]",0.8140716957198209
2026-07-21T09:12:14.659549,8,Hybrid,3,0.7970092162762182,0.49736079328756666,0.7970092162762182,0.5313394775174788,0.3786022437823192,"[0.7056666666666667, 0.0, 0.010606249810795266, 0.05, 0.08333333333333333, 0.7990460215231565, 0.31825429250385423, 0.07013421477475074]",0.9
2026-07-21T09:12:41.382297,9,Hybrid,3,0.7763756000657972,0.6423833017077799,0.7763756000657972,0.5175837333771981,0.31136696893386917,"[0.4870000000000001, 0.0, 0.007929282093351002, 0.025, 0.05, 0.8494214180655713, 0.28004552320888776, 0.06519929799196479]",0.85
2026-07-21T09:13:05.098403,10,Back Translation,2,0.6858532791652776,0.5837334933973589,0.6858532791652776,0.4572355194435184,0.1402483769815548,"[0.5426666666666666, 0.0, 0.006408090131898972, 0.025, 0.08333333333333333, 0.849728160927237, 0.3997738188355747, 0.06157095898448713]",0.9
2026-07-21T12:02:07.070444,0,No Augmentation,2,0.17119769119769118,0.1635107376283847,0.17119769119769118,0.5,0.0,"[0.3636666666666667, 0.0, 0.010070332480818414, 0.05, 0.016666666666666666, 0.8427375607525514, 0.33051630869099996, 0.08872982524413026]",0.85
2026-07-21T12:02:08.980422,1,BERT Contextual,2,0.27960487836579084,0.17907039099096256,0.27960487836579084,0.5,0.0,"[0.4138333333333334, 0.0, 0.016230559071711233, 0.075, 0.03333333333333333, 0.856460087384235, 0.3314067653855654, 0.06781522656865366]",0.85
2026-07-21T12:02:13.275222,2,Back Translation,2,0.4195012569130216,0.4491414141414142,0.4195012569130216,0.5,0.0,"[0.4728333333333333, 0.0, 0.010172310981184488, 0.025, 0.03333333333333333, 0.8537020469269974, 0.35478537559830026, 0.034303041350374056]",0.85
2026-07-21T12:02:18.617642,3,Back Translation,5,0.5176085008902347,0.5300382376244445,0.5176085008902347,0.5,0.0,"[0.43233333333333335, 0.0, 0.022251538045888163, 0.075, 0.05, 0.85172510013431, 0.317390485002239, 0.06742000237797459]",0.85
2026-07-21T12:02:20.246010,4,Hybrid,4,0.7885887313713229,0.5065240785579769,0.7885887313713229,0.5257258209142153,0.46500724324448967,"[0.5226666666666666, 0.0, 0.014129674471060508, 0.05, 0.08333333333333333, 0.8348093728333564, 0.313562798153046, 0.07417164015645687]",0.85
2026-07-21T12:02:47.824444,5,Back Translation,4,0.6877308299315039,0.4906609533024627,0.6877308299315039,0.45848721995433595,0.2722739730260506,"[0.596, 0.0, 0.003132138404273714, 0.0, 0.03333333333333333, 0.8180512470884033, 0.3399396097730977, 0.06035111860533737]",0.85
2026-07-21T12:03:12.526145,6,Hybrid,4,0.6778713424499159,0.5048536429497172,0.6778713424499159,0.45191422829994393,0.30101381788714815,"[0.5866666666666667, 0.0, 0.02292734947662949, 0.025, 0.05, 0.8373002144884607, 0.3819543437741991, 0.04563748564001878]",0.9
2026-07-21T12:03:16.601626,0,No Augmentation,0,0.0,0.17119769119769118,0.0,0.0,0.0,"[0.3636666666666667, 0.0, 0.010070332480818414, 0.05, 0.016666666666666666, 0.8427375607525514, 0.33051630869099996, 0.08872982524413026]",0.85
2026-07-21T12:03:16.787905,1,No Augmentation,0,0.0,0.1628787878787879,0.0,0.0,0.0,"[0.4138333333333334, 0.0, 0.016230559071711233, 0.075, 0.03333333333333333, 0.856460087384235, 0.3314067653855654, 0.06781522656865366]",0.85
2026-07-21T12:03:16.978853,2,No Augmentation,0,0.0,0.46037462537462537,0.0,0.0,0.0,"[0.4728333333333333, 0.0, 0.010172310981184488, 0.025, 0.03333333333333333, 0.8537020469269974, 0.35478537559830026, 0.034303041350374056]",0.85
2026-07-21T12:03:17.167207,3,No Augmentation,0,0.0,0.41771676411020675,0.0,0.0,0.0,"[0.43233333333333335, 0.0, 0.022251538045888163, 0.075, 0.05, 0.85172510013431, 0.317390485002239, 0.06742000237797459]",0.85
2026-07-21T12:03:17.361304,4,No Augmentation,0,0.0,0.522667410593502,0.0,0.0,0.0,"[0.5226666666666666, 0.0, 0.014129674471060508, 0.05, 0.08333333333333333, 0.8348093728333564, 0.313562798153046, 0.07417164015645687]",0.85
2026-07-21T12:03:17.555792,5,No Augmentation,0,0.0,0.5653004177394422,0.0,0.0,0.0,"[0.596, 0.0, 0.003132138404273714, 0.0, 0.03333333333333333, 0.8180512470884033, 0.3399396097730977, 0.06035111860533737]",0.85
2026-07-21T12:03:17.753971,6,No Augmentation,0,0.0,0.5787782587782588,0.0,0.0,0.0,"[0.5866666666666667, 0.0, 0.02292734947662949, 0.025, 0.05, 0.8373002144884607, 0.3819543437741991, 0.04563748564001878]",0.9
2026-07-21T12:03:17.944318,7,No Augmentation,0,0.0,0.5171651517546781,0.0,0.0,0.0,"[0.18783333333333332, 0.0, 0.008928571428571428, 0.0, 0.016666666666666666, 0.8981865430812583, 0.27995239792792304, 0.05942128399921086]",0.8140716957198209
2026-07-21T12:03:18.142584,8,No Augmentation,0,0.0,0.5200171906921122,0.0,0.0,0.0,"[0.7056666666666667, 0.0, 0.010606249810795266, 0.05, 0.08333333333333333, 0.7990460215231565, 0.31825429250385423, 0.07013421477475074]",0.9
2026-07-21T12:03:18.337580,9,No Augmentation,0,0.0,0.5548260722728807,0.0,0.0,0.0,"[0.4870000000000001, 0.0, 0.007929282093351002, 0.025, 0.05, 0.8494214180655713, 0.28004552320888776, 0.06519929799196479]",0.85
2026-07-21T12:03:18.528871,10,No Augmentation,0,0.0,0.5596533247708411,0.0,0.0,0.0,"[0.5426666666666666, 0.0, 0.006408090131898972, 0.025, 0.08333333333333333, 0.849728160927237, 0.3997738188355747, 0.06157095898448713]",0.9
2026-07-21T12:03:18.722464,11,No Augmentation,0,0.0,0.46548946135831387,0.0,0.0,0.0,"[0.44333333333333336, 0.0, 0.00867812581722576, 0.025, 0.03333333333333333, 0.8569026782547565, 0.3022514091610133, 0.062295460694799486]",0.85
2026-07-21T12:03:18.917006,12,No Augmentation,0,0.0,0.5361915946821607,0.0,0.0,0.0,"[0.5221666666666667, 0.0, 0.021364610011868575, 0.075, 0.05, 0.8568221868347935, 0.39313844380008045, 0.056895418181867406]",0.9
2026-07-21T12:03:19.116368,13,No Augmentation,0,0.0,0.5150030921459493,0.0,0.0,0.0,"[0.4893333333333335, 0.0, 0.0560263992176678, 0.1, 0.016666666666666666, 0.843912414636133, 0.3329815791870956, 0.06836180342153916]",0.9
2026-07-21T12:03:19.312516,14,No Augmentation,0,0.0,0.4760248447204969,0.0,0.0,0.0,"[0.5155000000000001, 0.0, 0.023340637135238734, 0.075, 0.016666666666666666, 0.8083650501996962, 0.34379238295769854, 0.10253695556424021]",0.85
2026-07-21T12:03:19.513747,15,No Augmentation,0,0.0,0.6144410421702928,0.0,0.0,0.0,"[0.5788333333333333, 0.0, 0.025538441581726905, 0.0, 0.05, 0.8222244033540067, 0.2993683679846065, 0.08419558527920794]",0.85
2026-07-21T12:03:19.710360,16,No Augmentation,0,0.0,0.6249352440516053,0.0,0.0,0.0,"[0.583, 0.0, 0.015110970695031844, 0.075, 0.05, 0.8081341081890006, 0.30399901446944766, 0.0748096494794642]",0.9
2026-07-21T12:03:19.903849,17,No Augmentation,0,0.0,0.6324459109507187,0.0,0.0,0.0,"[0.5018333333333334, 0.0, 0.001968503937007874, 0.05, 0.05, 0.8523989555970456, 0.34228050615727135, 0.04294519473723332]",0.85
2026-07-21T12:03:20.100665,18,No Augmentation,0,0.0,0.6003222001873756,0.0,0.0,0.0,"[0.4576666666666667, 0.0, 0.012759121061359869, 0.025, 0.05, 0.8448575798363537, 0.31207053255269945, 0.07570068116355266]",0.85
2026-07-21T12:03:20.286454,19,No Augmentation,0,0.0,0.668096682117469,0.0,0.0,0.0,"[0.5753333333333334, 0.0, 0.012081940804500974, 0.0, 0.06666666666666667, 0.8662558406305255, 0.30234075328380083, 0.04631180343986608]",0.85
2026-07-21T12:03:20.732116,0,No Augmentation,0,0.0,0.17119769119769118,0.0,0.0,0.0,"[0.3636666666666667, 0.0, 0.010070332480818414, 0.05, 0.016666666666666666, 0.8427375607525514, 0.33051630869099996, 0.08872982524413026]",0.85
2026-07-21T12:03:20.918281,1,No Augmentation,0,0.0,0.26258166114236203,0.0,0.0,0.0,"[0.4138333333333334, 0.0, 0.016230559071711233, 0.075, 0.03333333333333333, 0.856460087384235, 0.3314067653855654, 0.06781522656865366]",0.85
2026-07-21T12:03:21.106618,2,No Augmentation,0,0.0,0.31012559212917407,0.0,0.0,0.0,"[0.4728333333333333, 0.0, 0.010172310981184488, 0.025, 0.03333333333333333, 0.8537020469269974, 0.35478537559830026, 0.034303041350374056]",0.85
2026-07-21T12:03:21.297209,3,No Augmentation,0,0.0,0.46424783672526715,0.0,0.0,0.0,"[0.43233333333333335, 0.0, 0.022251538045888163, 0.075, 0.05, 0.85172510013431, 0.317390485002239, 0.06742000237797459]",0.85
2026-07-21T12:03:21.500942,4,No Augmentation,0,0.0,0.299121830550402,0.0,0.0,0.0,"[0.5226666666666666, 0.0, 0.014129674471060508, 0.05, 0.08333333333333333, 0.8348093728333564, 0.313562798153046, 0.07417164015645687]",0.85
2026-07-21T12:03:21.698668,5,No Augmentation,0,0.0,0.4613292589763177,0.0,0.0,0.0,"[0.596, 0.0, 0.003132138404273714, 0.0, 0.03333333333333333, 0.8180512470884033, 0.3399396097730977, 0.06035111860533737]",0.85
2026-07-21T12:03:21.892197,6,No Augmentation,0,0.0,0.5888804135943724,0.0,0.0,0.0,"[0.5866666666666667, 0.0, 0.02292734947662949, 0.025, 0.05, 0.8373002144884607, 0.3819543437741991, 0.04563748564001878]",0.9
2026-07-21T12:03:22.088411,7,No Augmentation,0,0.0,0.5660372086500087,0.0,0.0,0.0,"[0.18783333333333332, 0.0, 0.008928571428571428, 0.0, 0.016666666666666666, 0.8981865430812583, 0.27995239792792304, 0.05942128399921086]",0.8140716957198209
2026-07-21T12:03:22.289702,8,No Augmentation,0,0.0,0.5854233523163239,0.0,0.0,0.0,"[0.7056666666666667, 0.0, 0.010606249810795266, 0.05, 0.08333333333333333, 0.7990460215231565, 0.31825429250385423, 0.07013421477475074]",0.9
2026-07-21T12:03:22.479515,9,No Augmentation,0,0.0,0.5807415491711403,0.0,0.0,0.0,"[0.4870000000000001, 0.0, 0.007929282093351002, 0.025, 0.05, 0.8494214180655713, 0.28004552320888776, 0.06519929799196479]",0.85
2026-07-21T12:03:22.676090,10,No Augmentation,0,0.0,0.5981447124304267,0.0,0.0,0.0,"[0.5426666666666666, 0.0, 0.006408090131898972, 0.025, 0.08333333333333333, 0.849728160927237, 0.3997738188355747, 0.06157095898448713]",0.9
2026-07-21T12:03:22.868158,11,No Augmentation,0,0.0,0.6001663695781343,0.0,0.0,0.0,"[0.44333333333333336, 0.0, 0.00867812581722576, 0.025, 0.03333333333333333, 0.8569026782547565, 0.3022514091610133, 0.062295460694799486]",0.85
2026-07-21T12:03:23.069478,12,No Augmentation,0,0.0,0.5576666666666666,0.0,0.0,0.0,"[0.5221666666666667, 0.0, 0.021364610011868575, 0.075, 0.05, 0.8568221868347935, 0.39313844380008045, 0.056895418181867406]",0.9
2026-07-21T12:03:23.262981,13,No Augmentation,0,0.0,0.5567678336156596,0.0,0.0,0.0,"[0.4893333333333335, 0.0, 0.0560263992176678, 0.1, 0.016666666666666666, 0.843912414636133, 0.3329815791870956, 0.06836180342153916]",0.9
2026-07-21T12:03:23.462063,14,No Augmentation,0,0.0,0.6206103286384976,0.0,0.0,0.0,"[0.5155000000000001, 0.0, 0.023340637135238734, 0.075, 0.016666666666666666, 0.8083650501996962, 0.34379238295769854, 0.10253695556424021]",0.85
2026-07-21T12:03:23.660163,15,No Augmentation,0,0.0,0.516334272951884,0.0,0.0,0.0,"[0.5788333333333333, 0.0, 0.025538441581726905, 0.0, 0.05, 0.8222244033540067, 0.2993683679846065, 0.08419558527920794]",0.85
2026-07-21T12:03:23.864420,16,No Augmentation,0,0.0,0.5741466210051942,0.0,0.0,0.0,"[0.583, 0.0, 0.015110970695031844, 0.075, 0.05, 0.8081341081890006, 0.30399901446944766, 0.0748096494794642]",0.9
2026-07-21T12:03:24.065346,17,No Augmentation,0,0.0,0.5647763074478493,0.0,0.0,0.0,"[0.5018333333333334, 0.0, 0.001968503937007874, 0.05, 0.05, 0.8523989555970456, 0.34228050615727135, 0.04294519473723332]",0.85
2026-07-21T12:03:24.264125,18,No Augmentation,0,0.0,0.6223278382391207,0.0,0.0,0.0,"[0.4576666666666667, 0.0, 0.012759121061359869, 0.025, 0.05, 0.8448575798363537, 0.31207053255269945, 0.07570068116355266]",0.85
2026-07-21T12:03:24.454455,19,No Augmentation,0,0.0,0.5852983343875184,0.0,0.0,0.0,"[0.5753333333333334, 0.0, 0.012081940804500974, 0.0, 0.06666666666666667, 0.8662558406305255, 0.30234075328380083, 0.04631180343986608]",0.85
2026-07-21T12:03:24.902402,0,No Augmentation,0,0.0,0.17119769119769118,0.0,0.0,0.0,"[0.3636666666666667, 0.0, 0.010070332480818414, 0.05, 0.016666666666666666, 0.8427375607525514, 0.33051630869099996, 0.08872982524413026]",0.85
2026-07-21T12:03:25.087827,1,No Augmentation,0,0.0,0.37076079948420376,0.0,0.0,0.0,"[0.4138333333333334, 0.0, 0.016230559071711233, 0.075, 0.03333333333333333, 0.856460087384235, 0.3314067653855654, 0.06781522656865366]",0.85
2026-07-21T12:03:25.276226,2,No Augmentation,0,0.0,0.406357752940982,0.0,0.0,0.0,"[0.4728333333333333, 0.0, 0.010172310981184488, 0.025, 0.03333333333333333, 0.8537020469269974, 0.35478537559830026, 0.034303041350374056]",0.85
2026-07-21T12:03:25.467328,3,No Augmentation,0,0.0,0.38267083356178155,0.0,0.0,0.0,"[0.43233333333333335, 0.0, 0.022251538045888163, 0.075, 0.05, 0.85172510013431, 0.317390485002239, 0.06742000237797459]",0.85
2026-07-21T12:03:25.660956,4,No Augmentation,0,0.0,0.47343323343323346,0.0,0.0,0.0,"[0.5226666666666666, 0.0, 0.014129674471060508, 0.05, 0.08333333333333333, 0.8348093728333564, 0.313562798153046, 0.07417164015645687]",0.85
2026-07-21T12:03:25.856527,5,No Augmentation,0,0.0,0.5632529140688532,0.0,0.0,0.0,"[0.596, 0.0, 0.003132138404273714, 0.0, 0.03333333333333333, 0.8180512470884033, 0.3399396097730977, 0.06035111860533737]",0.85
2026-07-21T12:03:26.054316,6,No Augmentation,0,0.0,0.5370318570318571,0.0,0.0,0.0,"[0.5866666666666667, 0.0, 0.02292734947662949, 0.025, 0.05, 0.8373002144884607, 0.3819543437741991, 0.04563748564001878]",0.9
2026-07-21T12:03:26.245432,7,No Augmentation,0,0.0,0.4967932819060638,0.0,0.0,0.0,"[0.18783333333333332, 0.0, 0.008928571428571428, 0.0, 0.016666666666666666, 0.8981865430812583, 0.27995239792792304, 0.05942128399921086]",0.8140716957198209
2026-07-21T12:03:26.445706,8,No Augmentation,0,0.0,0.5263244856625093,0.0,0.0,0.0,"[0.7056666666666667, 0.0, 0.010606249810795266, 0.05, 0.08333333333333333, 0.7990460215231565, 0.31825429250385423, 0.07013421477475074]",0.9
2026-07-21T12:03:26.653199,9,No Augmentation,0,0.0,0.49071704786517445,0.0,0.0,0.0,"[0.4870000000000001, 0.0, 0.007929282093351002, 0.025, 0.05, 0.8494214180655713, 0.28004552320888776, 0.06519929799196479]",0.85
2026-07-21T12:03:26.849441,10,No Augmentation,0,0.0,0.589122622733304,0.0,0.0,0.0,"[0.5426666666666666, 0.0, 0.006408090131898972, 0.025, 0.08333333333333333, 0.849728160927237, 0.3997738188355747, 0.06157095898448713]",0.9
2026-07-21T12:03:27.045813,11,No Augmentation,0,0.0,0.5632683057289902,0.0,0.0,0.0,"[0.44333333333333336, 0.0, 0.00867812581722576, 0.025, 0.03333333333333333, 0.8569026782547565, 0.3022514091610133, 0.062295460694799486]",0.85
2026-07-21T12:03:27.240408,12,No Augmentation,0,0.0,0.6181715439721983,0.0,0.0,0.0,"[0.5221666666666667, 0.0, 0.021364610011868575, 0.075, 0.05, 0.8568221868347935, 0.39313844380008045, 0.056895418181867406]",0.9
2026-07-21T12:03:27.435507,13,No Augmentation,0,0.0,0.5662540507303777,0.0,0.0,0.0,"[0.4893333333333335, 0.0, 0.0560263992176678, 0.1, 0.016666666666666666, 0.843912414636133, 0.3329815791870956, 0.06836180342153916]",0.9
2026-07-21T12:03:27.631241,14,No Augmentation,0,0.0,0.5261901484003398,0.0,0.0,0.0,"[0.5155000000000001, 0.0, 0.023340637135238734, 0.075, 0.016666666666666666, 0.8083650501996962, 0.34379238295769854, 0.10253695556424021]",0.85
2026-07-21T12:03:27.829551,15,No Augmentation,0,0.0,0.5038792642065496,0.0,0.0,0.0,"[0.5788333333333333, 0.0, 0.025538441581726905, 0.0, 0.05, 0.8222244033540067, 0.2993683679846065, 0.08419558527920794]",0.85
2026-07-21T12:03:28.028399,16,No Augmentation,0,0.0,0.4875031055671796,0.0,0.0,0.0,"[0.583, 0.0, 0.015110970695031844, 0.075, 0.05, 0.8081341081890006, 0.30399901446944766, 0.0748096494794642]",0.9
2026-07-21T12:03:28.221475,17,No Augmentation,0,0.0,0.5503054839896946,0.0,0.0,0.0,"[0.5018333333333334, 0.0, 0.001968503937007874, 0.05, 0.05, 0.8523989555970456, 0.34228050615727135, 0.04294519473723332]",0.85
2026-07-21T12:03:28.419167,18,No Augmentation,0,0.0,0.5425392124813312,0.0,0.0,0.0,"[0.4576666666666667, 0.0, 0.012759121061359869, 0.025, 0.05, 0.8448575798363537, 0.31207053255269945, 0.07570068116355266]",0.85
2026-07-21T12:03:28.612538,19,No Augmentation,0,0.0,0.5916092493118124,0.0,0.0,0.0,"[0.5753333333333334, 0.0, 0.012081940804500974, 0.0, 0.06666666666666667, 0.8662558406305255, 0.30234075328380083, 0.04631180343986608]",0.85
2026-07-21T12:03:29.411312,0,Back Translation,2,0.0,0.14598715890850722,0.0,0.0,0.0,"[0.3636666666666667, 0.0, 0.010070332480818414, 0.05, 0.016666666666666666, 0.8427375607525514, 0.33051630869099996, 0.08872982524413026]",0.85
2026-07-21T12:03:30.020773,1,Back Translation,2,0.0,0.2905376225776727,0.0,0.0,0.0,"[0.4138333333333334, 0.0, 0.016230559071711233, 0.075, 0.03333333333333333, 0.856460087384235, 0.3314067653855654, 0.06781522656865366]",0.85
2026-07-21T12:03:30.782721,2,Back Translation,2,0.0,0.41449817322157745,0.0,0.0,0.0,"[0.4728333333333333, 0.0, 0.010172310981184488, 0.025, 0.03333333333333333, 0.8537020469269974, 0.35478537559830026, 0.034303041350374056]",0.85
2026-07-21T12:03:31.465463,3,Back Translation,2,0.0,0.34237179487179487,0.0,0.0,0.0,"[0.43233333333333335, 0.0, 0.022251538045888163, 0.075, 0.05, 0.85172510013431, 0.317390485002239, 0.06742000237797459]",0.85
2026-07-21T12:03:32.242552,4,Back Translation,2,0.0,0.4427777777777778,0.0,0.0,0.0,"[0.5226666666666666, 0.0, 0.014129674471060508, 0.05, 0.08333333333333333, 0.8348093728333564, 0.313562798153046, 0.07417164015645687]",0.85
2026-07-21T12:03:33.256505,5,Back Translation,2,0.0,0.5471590238791879,0.0,0.0,0.0,"[0.596, 0.0, 0.003132138404273714, 0.0, 0.03333333333333333, 0.8180512470884033, 0.3399396097730977, 0.06035111860533737]",0.85
2026-07-21T12:03:34.203332,6,Back Translation,2,0.0,0.44924297924297923,0.0,0.0,0.0,"[0.5866666666666667, 0.0, 0.02292734947662949, 0.025, 0.05, 0.8373002144884607, 0.3819543437741991, 0.04563748564001878]",0.9
2026-07-21T12:03:34.585914,7,Back Translation,2,0.0,0.5988476009603325,0.0,0.0,0.0,"[0.18783333333333332, 0.0, 0.008928571428571428, 0.0, 0.016666666666666666, 0.8981865430812583, 0.27995239792792304, 0.05942128399921086]",0.8140716957198209
2026-07-21T12:03:35.726193,8,Back Translation,2,0.0,0.5312124542124542,0.0,0.0,0.0,"[0.7056666666666667, 0.0, 0.010606249810795266, 0.05, 0.08333333333333333, 0.7990460215231565, 0.31825429250385423, 0.07013421477475074]",0.9
2026-07-21T12:03:36.410124,9,Back Translation,2,0.0,0.5974140848786933,0.0,0.0,0.0,"[0.4870000000000001, 0.0, 0.007929282093351002, 0.025, 0.05, 0.8494214180655713, 0.28004552320888776, 0.06519929799196479]",0.85
2026-07-21T12:03:37.246844,10,Back Translation,2,0.0,0.6260177404295051,0.0,0.0,0.0,"[0.5426666666666666, 0.0, 0.006408090131898972, 0.025, 0.08333333333333333, 0.849728160927237, 0.3997738188355747, 0.06157095898448713]",0.9
2026-07-21T12:03:37.930017,11,Back Translation,2,0.0,0.6121735039158303,0.0,0.0,0.0,"[0.44333333333333336, 0.0, 0.00867812581722576, 0.025, 0.03333333333333333, 0.8569026782547565, 0.3022514091610133, 0.062295460694799486]",0.85
2026-07-21T12:03:38.705846,12,Back Translation,2,0.0,0.6026644323418517,0.0,0.0,0.0,"[0.5221666666666667, 0.0, 0.021364610011868575, 0.075, 0.05, 0.8568221868347935, 0.39313844380008045, 0.056895418181867406]",0.9
2026-07-21T12:03:39.557838,13,Back Translation,2,0.0,0.6816181442696054,0.0,0.0,0.0,"[0.4893333333333335, 0.0, 0.0560263992176678, 0.1, 0.016666666666666666, 0.843912414636133, 0.3329815791870956, 0.06836180342153916]",0.9
2026-07-21T12:03:40.454128,14,Back Translation,2,0.0,0.48758881330309906,0.0,0.0,0.0,"[0.5155000000000001, 0.0, 0.023340637135238734, 0.075, 0.016666666666666666, 0.8083650501996962, 0.34379238295769854, 0.10253695556424021]",0.85
2026-07-21T12:03:41.302176,15,Back Translation,2,0.0,0.5344800525904926,0.0,0.0,0.0,"[0.5788333333333333, 0.0, 0.025538441581726905, 0.0, 0.05, 0.8222244033540067, 0.2993683679846065, 0.08419558527920794]",0.85
2026-07-21T12:03:42.207462,16,Back Translation,2,0.0,0.5334751881617553,0.0,0.0,0.0,"[0.583, 0.0, 0.015110970695031844, 0.075, 0.05, 0.8081341081890006, 0.30399901446944766, 0.0748096494794642]",0.9
2026-07-21T12:03:43.061571,17,Back Translation,2,0.0,0.5428052640346493,0.0,0.0,0.0,"[0.5018333333333334, 0.0, 0.001968503937007874, 0.05, 0.05, 0.8523989555970456, 0.34228050615727135, 0.04294519473723332]",0.85
2026-07-21T12:03:43.799139,18,Back Translation,2,0.0,0.5354830170054292,0.0,0.0,0.0,"[0.4576666666666667, 0.0, 0.012759121061359869, 0.025, 0.05, 0.8448575798363537, 0.31207053255269945, 0.07570068116355266]",0.85
2026-07-21T12:03:44.154597,19,Back Translation,2,0.0,0.6584185780742452,0.0,0.0,0.0,"[0.5753333333333334, 0.0, 0.012081940804500974, 0.0, 0.06666666666666667, 0.8662558406305255, 0.30234075328380083, 0.04631180343986608]",0.85
2026-07-21T12:03:44.641045,0,BERT Contextual,2,0.0,0.17119769119769118,0.0,0.0,0.0,"[0.3636666666666667, 0.0, 0.010070332480818414, 0.05, 0.016666666666666666, 0.8427375607525514, 0.33051630869099996, 0.08872982524413026]",0.85
2026-07-21T12:03:44.863643,1,BERT Contextual,2,0.0,0.25140199335548175,0.0,0.0,0.0,"[0.4138333333333334, 0.0, 0.016230559071711233, 0.075, 0.03333333333333333, 0.856460087384235, 0.3314067653855654, 0.06781522656865366]",0.85
2026-07-21T12:03:45.104994,2,BERT Contextual,2,0.0,0.3887647331125592,0.0,0.0,0.0,"[0.4728333333333333, 0.0, 0.010172310981184488, 0.025, 0.03333333333333333, 0.8537020469269974, 0.35478537559830026, 0.034303041350374056]",0.85
2026-07-21T12:03:45.333985,3,BERT Contextual,2,0.0,0.4126048087067577,0.0,0.0,0.0,"[0.43233333333333335, 0.0, 0.022251538045888163, 0.075, 0.05, 0.85172510013431, 0.317390485002239, 0.06742000237797459]",0.85
2026-07-21T12:03:45.576786,4,BERT Contextual,2,0.0,0.4499457976305507,0.0,0.0,0.0,"[0.5226666666666666, 0.0, 0.014129674471060508, 0.05, 0.08333333333333333, 0.8348093728333564, 0.313562798153046, 0.07417164015645687]",0.85
2026-07-21T12:03:45.838215,5,BERT Contextual,2,0.0,0.43308211965445853,0.0,0.0,0.0,"[0.596, 0.0, 0.003132138404273714, 0.0, 0.03333333333333333, 0.8180512470884033, 0.3399396097730977, 0.06035111860533737]",0.85
2026-07-21T12:03:46.091638,6,BERT Contextual,2,0.0,0.566222639665425,0.0,0.0,0.0,"[0.5866666666666667, 0.0, 0.02292734947662949, 0.025, 0.05, 0.8373002144884607, 0.3819543437741991, 0.04563748564001878]",0.9
2026-07-21T12:03:46.313704,7,BERT Contextual,2,0.0,0.5923439286368348,0.0,0.0,0.0,"[0.18783333333333332, 0.0, 0.008928571428571428, 0.0, 0.016666666666666666, 0.8981865430812583, 0.27995239792792304, 0.05942128399921086]",0.8140716957198209
2026-07-21T12:03:46.587320,8,BERT Contextual,2,0.0,0.5106535569693464,0.0,0.0,0.0,"[0.7056666666666667, 0.0, 0.010606249810795266, 0.05, 0.08333333333333333, 0.7990460215231565, 0.31825429250385423, 0.07013421477475074]",0.9
2026-07-21T12:03:46.823746,9,BERT Contextual,2,0.0,0.5691791868262456,0.0,0.0,0.0,"[0.4870000000000001, 0.0, 0.007929282093351002, 0.025, 0.05, 0.8494214180655713, 0.28004552320888776, 0.06519929799196479]",0.85
2026-07-21T12:03:47.072237,10,BERT Contextual,2,0.0,0.5203319878319879,0.0,0.0,0.0,"[0.5426666666666666, 0.0, 0.006408090131898972, 0.025, 0.08333333333333333, 0.849728160927237, 0.3997738188355747, 0.06157095898448713]",0.9
2026-07-21T12:03:47.313987,11,BERT Contextual,2,0.0,0.46750212011228953,0.0,0.0,0.0,"[0.44333333333333336, 0.0, 0.00867812581722576, 0.025, 0.03333333333333333, 0.8569026782547565, 0.3022514091610133, 0.062295460694799486]",0.85
2026-07-21T12:03:47.558262,12,BERT Contextual,2,0.0,0.5407967755125884,0.0,0.0,0.0,"[0.5221666666666667, 0.0, 0.021364610011868575, 0.075, 0.05, 0.8568221868347935, 0.39313844380008045, 0.056895418181867406]",0.9
2026-07-21T12:03:47.815500,13,BERT Contextual,2,0.0,0.50817763362655,0.0,0.0,0.0,"[0.4893333333333335, 0.0, 0.0560263992176678, 0.1, 0.016666666666666666, 0.843912414636133, 0.3329815791870956, 0.06836180342153916]",0.9
2026-07-21T12:03:48.063296,14,BERT Contextual,2,0.0,0.5622169059011164,0.0,0.0,0.0,"[0.5155000000000001, 0.0, 0.023340637135238734, 0.075, 0.016666666666666666, 0.8083650501996962, 0.34379238295769854, 0.10253695556424021]",0.85
2026-07-21T12:03:48.310704,15,BERT Contextual,2,0.0,0.543088171383286,0.0,0.0,0.0,"[0.5788333333333333, 0.0, 0.025538441581726905, 0.0, 0.05, 0.8222244033540067, 0.2993683679846065, 0.08419558527920794]",0.85
2026-07-21T12:03:48.581459,16,BERT Contextual,2,0.0,0.60142094017094,0.0,0.0,0.0,"[0.583, 0.0, 0.015110970695031844, 0.075, 0.05, 0.8081341081890006, 0.30399901446944766, 0.0748096494794642]",0.9
2026-07-21T12:03:48.845741,17,BERT Contextual,2,0.0,0.5651309433002797,0.0,0.0,0.0,"[0.5018333333333334, 0.0, 0.001968503937007874, 0.05, 0.05, 0.8523989555970456, 0.34228050615727135, 0.04294519473723332]",0.85
2026-07-21T12:03:49.086600,18,BERT Contextual,2,0.0,0.4223987240829346,0.0,0.0,0.0,"[0.4576666666666667, 0.0, 0.012759121061359869, 0.025, 0.05, 0.8448575798363537, 0.31207053255269945, 0.07570068116355266]",0.85
2026-07-21T12:03:49.291423,19,BERT Contextual,2,0.0,0.5664457753234295,0.0,0.0,0.0,"[0.5753333333333334, 0.0, 0.012081940804500974, 0.0, 0.06666666666666667, 0.8662558406305255, 0.30234075328380083, 0.04631180343986608]",0.85
2026-07-21T12:03:49.741956,0,No Augmentation,0,0.0,0.17119769119769118,0.0,0.0,0.0,"[0.3636666666666667, 0.0, 0.010070332480818414, 0.05, 0.016666666666666666, 0.8427375607525514, 0.33051630869099996, 0.08872982524413026]",0.85
2026-07-21T12:03:49.927636,1,No Augmentation,0,0.0,0.3608205128205128,0.0,0.0,0.0,"[0.4138333333333334, 0.0, 0.016230559071711233, 0.075, 0.03333333333333333, 0.856460087384235, 0.3314067653855654, 0.06781522656865366]",0.85
2026-07-21T12:03:50.115088,2,No Augmentation,0,0.0,0.3242185136965584,0.0,0.0,0.0,"[0.4728333333333333, 0.0, 0.010172310981184488, 0.025, 0.03333333333333333, 0.8537020469269974, 0.35478537559830026, 0.034303041350374056]",0.85
2026-07-21T12:03:50.302421,3,No Augmentation,0,0.0,0.4429398762157383,0.0,0.0,0.0,"[0.43233333333333335, 0.0, 0.022251538045888163, 0.075, 0.05, 0.85172510013431, 0.317390485002239, 0.06742000237797459]",0.85
2026-07-21T12:03:50.493424,4,No Augmentation,0,0.0,0.48395243036156127,0.0,0.0,0.0,"[0.5226666666666666, 0.0, 0.014129674471060508, 0.05, 0.08333333333333333, 0.8348093728333564, 0.313562798153046, 0.07417164015645687]",0.85
2026-07-21T12:03:50.687732,5,No Augmentation,0,0.0,0.560560273060273,0.0,0.0,0.0,"[0.596, 0.0, 0.003132138404273714, 0.0, 0.03333333333333333, 0.8180512470884033, 0.3399396097730977, 0.06035111860533737]",0.85
2026-07-21T12:03:50.885307,6,No Augmentation,0,0.0,0.4553496503496503,0.0,0.0,0.0,"[0.5866666666666667, 0.0, 0.02292734947662949, 0.025, 0.05, 0.8373002144884607, 0.3819543437741991, 0.04563748564001878]",0.9
2026-07-21T12:03:51.077449,7,No Augmentation,0,0.0,0.48987905282885746,0.0,0.0,0.0,"[0.18783333333333332, 0.0, 0.008928571428571428, 0.0, 0.016666666666666666, 0.8981865430812583, 0.27995239792792304, 0.05942128399921086]",0.8140716957198209
2026-07-21T12:03:51.275582,8,No Augmentation,0,0.0,0.5361842105263157,0.0,0.0,0.0,"[0.7056666666666667, 0.0, 0.010606249810795266, 0.05, 0.08333333333333333, 0.7990460215231565, 0.31825429250385423, 0.07013421477475074]",0.9
2026-07-21T12:03:51.471636,9,No Augmentation,0,0.0,0.5378144067875799,0.0,0.0,0.0,"[0.4870000000000001, 0.0, 0.007929282093351002, 0.025, 0.05, 0.8494214180655713, 0.28004552320888776, 0.06519929799196479]",0.85
2026-07-21T12:03:51.676088,10,No Augmentation,0,0.0,0.6301199882938249,0.0,0.0,0.0,"[0.5426666666666666, 0.0, 0.006408090131898972, 0.025, 0.08333333333333333, 0.849728160927237, 0.3997738188355747, 0.06157095898448713]",0.9
2026-07-21T12:03:51.867954,11,No Augmentation,0,0.0,0.5255663575698958,0.0,0.0,0.0,"[0.44333333333333336, 0.0, 0.00867812581722576, 0.025, 0.03333333333333333, 0.8569026782547565, 0.3022514091610133, 0.062295460694799486]",0.85
2026-07-21T12:03:52.062684,12,No Augmentation,0,0.0,0.5754347505592625,0.0,0.0,0.0,"[0.5221666666666667, 0.0, 0.021364610011868575, 0.075, 0.05, 0.8568221868347935, 0.39313844380008045, 0.056895418181867406]",0.9
2026-07-21T12:03:52.259212,13,No Augmentation,0,0.0,0.5679116246072768,0.0,0.0,0.0,"[0.4893333333333335, 0.0, 0.0560263992176678, 0.1, 0.016666666666666666, 0.843912414636133, 0.3329815791870956, 0.06836180342153916]",0.9
2026-07-21T12:03:52.455182,14,No Augmentation,0,0.0,0.6252415966386554,0.0,0.0,0.0,"[0.5155000000000001, 0.0, 0.023340637135238734, 0.075, 0.016666666666666666, 0.8083650501996962, 0.34379238295769854, 0.10253695556424021]",0.85
2026-07-21T12:03:52.649336,15,No Augmentation,0,0.0,0.5790031694118333,0.0,0.0,0.0,"[0.5788333333333333, 0.0, 0.025538441581726905, 0.0, 0.05, 0.8222244033540067, 0.2993683679846065, 0.08419558527920794]",0.85
2026-07-21T12:03:52.849806,16,No Augmentation,0,0.0,0.5800855078873655,0.0,0.0,0.0,"[0.583, 0.0, 0.015110970695031844, 0.075, 0.05, 0.8081341081890006, 0.30399901446944766, 0.0748096494794642]",0.9
2026-07-21T12:03:53.048049,17,No Augmentation,0,0.0,0.5819733156420464,0.0,0.0,0.0,"[0.5018333333333334, 0.0, 0.001968503937007874, 0.05, 0.05, 0.8523989555970456, 0.34228050615727135, 0.04294519473723332]",0.85
2026-07-21T12:03:53.245045,18,No Augmentation,0,0.0,0.5594588664510972,0.0,0.0,0.0,"[0.4576666666666667, 0.0, 0.012759121061359869, 0.025, 0.05, 0.8448575798363537, 0.31207053255269945, 0.07570068116355266]",0.85
2026-07-21T12:03:53.433827,19,No Augmentation,0,0.0,0.6127573608424672,0.0,0.0,0.0,"[0.5753333333333334, 0.0, 0.012081940804500974, 0.0, 0.06666666666666667, 0.8662558406305255, 0.30234075328380083, 0.04631180343986608]",0.85
2026-07-21T12:03:53.886456,0,No Augmentation,0,0.0,0.17119769119769118,0.0,0.0,0.0,"[0.3636666666666667, 0.0, 0.010070332480818414, 0.05, 0.016666666666666666, 0.8427375607525514, 0.33051630869099996, 0.08872982524413026]",0.85
2026-07-21T12:03:54.071291,1,No Augmentation,0,0.0,0.2566726856867702,0.0,0.0,0.0,"[0.4138333333333334, 0.0, 0.016230559071711233, 0.075, 0.03333333333333333, 0.856460087384235, 0.3314067653855654, 0.06781522656865366]",0.85
2026-07-21T12:03:54.270945,2,No Augmentation,0,0.0,0.2169384713647009,0.0,0.0,0.0,"[0.4728333333333333, 0.0, 0.010172310981184488, 0.025, 0.03333333333333333, 0.8537020469269974, 0.35478537559830026, 0.034303041350374056]",0.85
2026-07-21T12:03:54.462877,3,No Augmentation,0,0.0,0.38008111575097575,0.0,0.0,0.0,"[0.43233333333333335, 0.0, 0.022251538045888163, 0.075, 0.05, 0.85172510013431, 0.317390485002239, 0.06742000237797459]",0.85
2026-07-21T12:03:54.655917,4,No Augmentation,0,0.0,0.5002475479152947,0.0,0.0,0.0,"[0.5226666666666666, 0.0, 0.014129674471060508, 0.05, 0.08333333333333333, 0.8348093728333564, 0.313562798153046, 0.07417164015645687]",0.85
2026-07-21T12:03:54.846209,5,No Augmentation,0,0.0,0.4756525365802796,0.0,0.0,0.0,"[0.596, 0.0, 0.003132138404273714, 0.0, 0.03333333333333333, 0.8180512470884033, 0.3399396097730977, 0.06035111860533737]",0.85
2026-07-21T12:03:55.042832,6,No Augmentation,0,0.0,0.5656990622335891,0.0,0.0,0.0,"[0.5866666666666667, 0.0, 0.02292734947662949, 0.025, 0.05, 0.8373002144884607, 0.3819543437741991, 0.04563748564001878]",0.9
2026-07-21T12:03:55.239941,7,No Augmentation,0,0.0,0.6297593786838638,0.0,0.0,0.0,"[0.18783333333333332, 0.0, 0.008928571428571428, 0.0, 0.016666666666666666, 0.8981865430812583, 0.27995239792792304, 0.05942128399921086]",0.8140716957198209
2026-07-21T12:03:55.436531,8,No Augmentation,0,0.0,0.6553369859474188,0.0,0.0,0.0,"[0.7056666666666667, 0.0, 0.010606249810795266, 0.05, 0.08333333333333333, 0.7990460215231565, 0.31825429250385423, 0.07013421477475074]",0.9
2026-07-21T12:03:55.631502,9,No Augmentation,0,0.0,0.70377798440741,0.0,0.0,0.0,"[0.4870000000000001, 0.0, 0.007929282093351002, 0.025, 0.05, 0.8494214180655713, 0.28004552320888776, 0.06519929799196479]",0.85
2026-07-21T12:03:55.828058,10,No Augmentation,0,0.0,0.6176528724697425,0.0,0.0,0.0,"[0.5426666666666666, 0.0, 0.006408090131898972, 0.025, 0.08333333333333333, 0.849728160927237, 0.3997738188355747, 0.06157095898448713]",0.9
2026-07-21T12:03:56.022637,11,No Augmentation,0,0.0,0.5233140968046628,0.0,0.0,0.0,"[0.44333333333333336, 0.0, 0.00867812581722576, 0.025, 0.03333333333333333, 0.8569026782547565, 0.3022514091610133, 0.062295460694799486]",0.85
2026-07-21T12:03:56.219231,12,No Augmentation,0,0.0,0.6104976727533119,0.0,0.0,0.0,"[0.5221666666666667, 0.0, 0.021364610011868575, 0.075, 0.05, 0.8568221868347935, 0.39313844380008045, 0.056895418181867406]",0.9
2026-07-21T12:03:56.414313,13,No Augmentation,0,0.0,0.61737423500612,0.0,0.0,0.0,"[0.4893333333333335, 0.0, 0.0560263992176678, 0.1, 0.016666666666666666, 0.843912414636133, 0.3329815791870956, 0.06836180342153916]",0.9
2026-07-21T12:03:56.612727,14,No Augmentation,0,0.0,0.5831437966657861,0.0,0.0,0.0,"[0.5155000000000001, 0.0, 0.023340637135238734, 0.075, 0.016666666666666666, 0.8083650501996962, 0.34379238295769854, 0.10253695556424021]",0.85
2026-07-21T12:03:56.806153,15,No Augmentation,0,0.0,0.6153461685579498,0.0,0.0,0.0,"[0.5788333333333333, 0.0, 0.025538441581726905, 0.0, 0.05, 0.8222244033540067, 0.2993683679846065, 0.08419558527920794]",0.85
2026-07-21T12:03:57.003799,16,No Augmentation,0,0.0,0.6001313131313131,0.0,0.0,0.0,"[0.583, 0.0, 0.015110970695031844, 0.075, 0.05, 0.8081341081890006, 0.30399901446944766, 0.0748096494794642]",0.9
2026-07-21T12:03:57.199681,17,No Augmentation,0,0.0,0.584854735752691,0.0,0.0,0.0,"[0.5018333333333334, 0.0, 0.001968503937007874, 0.05, 0.05, 0.8523989555970456, 0.34228050615727135, 0.04294519473723332]",0.85
2026-07-21T12:03:57.393374,18,No Augmentation,0,0.0,0.6028939871045134,0.0,0.0,0.0,"[0.4576666666666667, 0.0, 0.012759121061359869, 0.025, 0.05, 0.8448575798363537, 0.31207053255269945, 0.07570068116355266]",0.85
2026-07-21T12:03:57.584721,19,No Augmentation,0,0.0,0.6263999044433828,0.0,0.0,0.0,"[0.5753333333333334, 0.0, 0.012081940804500974, 0.0, 0.06666666666666667, 0.8662558406305255, 0.30234075328380083, 0.04631180343986608]",0.85
