scalar,complexity,entity_density,fraud_density,risk_score,ambiguity,semantic_entropy,rare_word_density,redaction_density
0.20504214255420122,0.47,0.0,0.0,0.0,0.0,0.8205987305065512,0.46808510638297873,0.05673758865248227
0.24087832336651044,0.8833333333333333,0.0,0.0,0.0,0.0,0.7894436110235953,0.21509433962264152,0.07924528301886792
0.15505776847185043,0.09333333333333334,0.0,0.0,0.0,0.0,0.5891491132899327,0.3214285714285714,0.5
0.19689536084324236,0.5166666666666667,0.0,0.0,0.0,0.0,0.8520181245614556,0.3096774193548387,0.03225806451612903
0.1983251166852788,0.43666666666666665,0.0,0.0,0.0,0.3333333333333333,0.8575132533667831,0.11450381679389313,0.022900763358778626
0.2782284701378992,0.30666666666666664,0.0,0.05434782608695652,0.5,0.0,0.7951107883355137,0.4891304347826087,0.20652173913043478
0.14396294729713874,0.14666666666666667,0.0,0.0,0.0,0.0,0.9469022002441145,0.2727272727272727,0.0
0.18342343613518125,0.13333333333333333,0.0,0.0,0.0,0.0,0.9342343613518124,0.6000000000000001,0.1
0.14612116860597787,0.18333333333333332,0.0,0.0,0.0,0.0,0.9134844133325059,0.21818181818181817,0.05454545454545454
0.18866837538880224,0.36,0.0,0.0,0.0,0.0,0.8466837538880224,0.4166666666666667,0.08333333333333333
0.17946042529759637,0.33,0.0,0.0,0.0,0.0,0.8248567782284889,0.36363636363636365,0.1111111111111111
0.12310181288538227,0.20666666666666667,0.0,0.0,0.0,0.0,0.8726310320796291,0.04838709677419355,0.0
0.22939339256196678,0.11333333333333333,0.0,0.14705882352941177,0.5,0.0,0.9768751020902559,0.1764705882352941,0.0
0.1858685201661279,0.43,0.0,0.0,0.0,0.0,0.6865534187155424,0.27906976744186046,0.24806201550387597
0.21052971607253376,0.65,0.0,0.0,0.0,0.0,0.8328612632894403,0.27692307692307694,0.020512820512820513
0.1275170031578566,0.03666666666666667,0.0,0.0,0.0,0.0,0.9474427588512933,0.2727272727272727,0.0
0.2659297067284091,0.6666666666666666,0.0,0.0,0.0,0.0,0.8392970672840908,0.72,0.1
0.20834382745249413,0.55,0.0,0.0,0.0,0.0,0.8099534260400925,0.34545454545454546,0.10303030303030303
0.1788720478252025,0.5233333333333333,0.0,0.0,0.0,0.0,0.8508542362138082,0.15286624203821658,0.0
0.18289215851749993,0.23666666666666666,0.0,0.0,0.0,0.0,0.8682877823580979,0.5492957746478874,0.056338028169014086
0.23857914639891534,0.8566666666666667,0.0,0.0,0.0,0.0,0.8167447713821494,0.25680933852140075,0.027237354085603113
0.2084673345068081,0.32,0.0,0.0,0.0,0.3333333333333333,0.9275900117347478,0.3125,0.03125
0.22157493784032395,0.18666666666666668,0.0,0.0,0.0,0.0,0.7750350926889539,0.9642857142857144,0.19642857142857142
0.22845695777593134,0.6433333333333333,0.0,0.02590673575129534,0.0,0.0,0.6744918575520595,0.27979274611398963,0.32642487046632124
0.186253413673009,0.36333333333333334,0.0,0.0,0.0,0.0,0.7762497330603652,0.3577981651376147,0.1834862385321101
0.3269530020113168,0.45666666666666667,0.0,0.0,1.0,0.0,0.8801504580693719,0.19708029197080293,0.0072992700729927005
0.1716185049737247,0.2866666666666667,0.0,0.05813953488372093,0.0,0.0,0.919905979969805,0.27906976744186046,0.0
0.1823503885177871,0.09666666666666666,0.0,0.1724137931034483,0.0,0.0,0.9716073334537331,0.41379310344827586,0.034482758620689655
0.15710172792544852,0.31666666666666665,0.0,0.0,0.0,0.0,0.8749646476755378,0.15789473684210525,0.06315789473684211
0.21358276099508758,0.4766666666666667,0.0,0.0,0.0,0.0,0.8404080295312957,0.4825174825174825,0.0979020979020979
0.26924083344623034,0.8833333333333333,0.0,0.056603773584905655,0.0,0.0,0.8296724854056996,0.3735849056603774,0.07924528301886792
0.1614153194937347,0.25666666666666665,0.0,0.0,0.0,0.0,0.8655168313009831,0.3116883116883117,0.05194805194805195
0.1957816777276851,0.38666666666666666,0.0,0.0,0.0,0.0,0.8950581565871955,0.4655172413793104,0.017241379310344827
0.16336685073743698,0.21666666666666667,0.0,0.0,0.0,0.0,0.8932838919897542,0.4153846153846154,0.0
0.26359431500284836,1.0,0.0,0.011547344110854504,0.0,0.0,0.7583449976035413,0.32563510392609696,0.03464203233256351
0.2091955668324077,0.07333333333333333,0.0,0.0,0.5,0.0,0.9592283955968041,0.2727272727272727,0.0
0.13534567814422005,0.19333333333333333,0.0,0.0,0.0,0.0,0.8910429883387523,0.15517241379310345,0.017241379310344827
0.2688816095251948,0.8633333333333333,0.0,0.0,0.0,0.3333333333333333,0.7786294800653335,0.2548262548262548,0.02702702702702703
0.14883657136151002,0.20666666666666667,0.0,0.0,0.0,0.0,0.8719141007118745,0.14516129032258063,0.16129032258064516
0.14262590566908745,0.19333333333333333,0.0,0.0,0.0,0.0,0.9293625049667363,0.20689655172413793,0.0
0.21946900272212952,0.59,0.0,0.0,0.0,0.0,0.8690120611196003,0.4067796610169492,0.03389830508474576
0.18453736184672997,0.5633333333333334,0.0,0.0,0.0,0.0,0.7045156303016191,0.21301775147928995,0.08284023668639054
0.17938632257835574,0.05,0.0,0.0,0.0,0.0,0.9188632257835573,0.8,0.0
0.1605419944140581,0.10333333333333333,0.0,0.0,0.0,0.0,0.8697747828502581,0.5806451612903225,0.0
0.20100997229206455,0.66,0.0,0.0,0.0,0.0,0.8382815411024636,0.18181818181818182,0.0
0.19863803665569707,0.5,0.0,0.03333333333333333,0.0,0.0,0.8863803665569706,0.30000000000000004,0.0
0.1290439256771595,0.14666666666666667,0.0,0.0,0.0,0.0,0.888621074953413,0.13636363636363635,0.045454545454545456
0.3767192734014681,0.8866666666666667,0.0,0.0,0.5,0.3333333333333333,0.8801751901550317,0.47368421052631576,0.0
0.16866463287417735,0.37,0.0,0.0,0.0,0.0,0.816331013426458,0.2972972972972973,0.018018018018018018
0.14274518795708666,0.11,0.0,0.0,0.0,0.0,0.9594215765405636,0.2727272727272727,0.030303030303030304
0.14531090342822392,0.17333333333333334,0.0,0.0,0.0,0.0,0.9046474958207007,0.2884615384615385,0.0
0.19282169131781374,0.36,0.0,0.0,0.0,0.0,0.915994690955915,0.4722222222222222,0.0
0.275310732746399,0.93,0.0,0.12544802867383514,0.0,0.0,0.7685015926969645,0.3010752688172043,0.1003584229390681
0.1764415897878567,0.18,0.0,0.0,0.0,0.0,0.883304786767456,0.611111111111111,0.0
0.21611146717702379,0.7266666666666667,0.0,0.022935779816513763,0.0,0.0,0.8532247635133574,0.17889908256880735,0.0045871559633027525
0.17207236933871586,0.30666666666666664,0.0,0.0,0.0,0.0,0.8585497803436801,0.3586956521739131,0.043478260869565216
0.17184506042500214,0.19666666666666666,0.0,0.0,0.0,0.0,0.9149760279788348,0.4067796610169492,0.1016949152542373
0.207052120471494,0.6033333333333334,0.0,0.0,0.0,0.0,0.8285046301293043,0.3149171270718232,0.022099447513812154
0.27176123609610864,1.0,0.0,0.01059322033898305,0.0,0.0,0.8034174457068493,0.3241525423728814,0.07415254237288135
0.2867816461539994,1.0,0.0,0.011135857461024499,0.0,0.3333333333333333,0.7115432618369504,0.17706013363028952,0.1291759465478842
0.145470328123811,0.2,0.0,0.0,0.0,0.0,0.9047032812381101,0.25,0.0
0.2148770678458054,0.43,0.0,0.0,0.0,0.3333333333333333,0.8448559497758832,0.27906976744186046,0.046511627906976744
0.2448921874568731,0.6266666666666667,0.0,0.0,0.0,0.3333333333333333,0.8404821582566744,0.2872340425531915,0.047872340425531915
0.2547847765444189,0.25333333333333335,0.0,0.06578947368421052,0.5,0.0,0.8849530286020837,0.4342105263157895,0.0
0.22418415107091919,0.12,0.0,0.0,0.0,0.3333333333333333,0.9785081773758584,0.75,0.0
0.23233054827003796,1.0,0.0,0.0,0.0,0.0,0.564364137922125,0.22317596566523606,0.0357653791130186
0.24940482297236463,0.23333333333333334,0.0,0.07142857142857142,0.5,0.0,0.9154768011522177,0.34285714285714286,0.02857142857142857
0.2181938058369445,0.7533333333333333,0.0,0.0,0.0,0.0,0.7776017751836046,0.23893805309734512,0.035398230088495575
0.2871906403285776,1.0,0.0,0.022988505747126436,0.0,0.0,0.6132857136306036,0.3931034482758621,0.3310344827586207
0.18619195988801177,0.5966666666666667,0.0,0.0,0.0,0.0,0.8160816100533022,0.1005586592178771,0.05027932960893855
0.20362118329925016,0.56,0.0,0.0,0.0,0.0,0.8390689758496446,0.25,0.10714285714285714
0.1608617691956696,0.13,0.0,0.0,0.0,0.0,0.849515127854132,0.3076923076923077,0.2564102564102564
0.2666650452505052,0.07,0.0,0.23809523809523808,0.5,0.0,0.9783171191717186,0.42857142857142855,0.047619047619047616
0.1602992114996443,0.26666666666666666,0.0,0.0,0.0,0.0,0.890492114996443,0.26249999999999996,0.05
0.23729993024995333,0.77,0.0,0.0,0.0,0.0,0.8283889128891437,0.3116883116883117,0.07792207792207792
0.2435447483724534,0.7566666666666667,0.0,0.0,0.0,0.0,0.8114606995835649,0.40969162995594716,0.07929515418502203
0.17551212904267002,0.32,0.0,0.0,0.0,0.0,0.8688712904267002,0.375,0.03125
0.14577664923855638,0.17,0.0,0.0,0.0,0.0,0.9282566884639951,0.23529411764705882,0.0392156862745098
0.17572483468024458,0.3566666666666667,0.0,0.04672897196261682,0.0,0.0,0.8998184402603897,0.16822429906542055,0.08411214953271028
0.135,0.03333333333333333,0.0,0.0,0.0,0.0,1.0,0.30000000000000004,0.0
0.21314623602382352,0.44,0.0,0.0,0.0,0.3333333333333333,0.8729775117533868,0.25,0.015151515151515152
0.30078857215032784,1.0,0.0,0.07575757575757576,0.0,0.0,0.7487948124123697,0.5181818181818182,0.12727272727272726
0.27786923547394143,1.0,0.0,0.0,0.0,0.3333333333333333,0.7434359444830043,0.16346153846153846,0.038461538461538464
0.14169330891087836,0.06333333333333334,0.0,0.0,0.0,0.0,0.9008804575298361,0.3157894736842105,0.10526315789473684
0.3434727649660211,1.0,0.0,0.011933174224343677,0.5,0.0,0.8016727570587787,0.35799522673031026,0.007159904534606206
0.23823754803943764,0.30666666666666664,0.0,0.0,0.0,0.3333333333333333,0.8281725818436516,0.5543478260869565,0.20652173913043478
0.20500679214428963,0.47333333333333333,0.0,0.0,0.0,0.0,0.8330256679217694,0.5070422535211268,0.0
0.21908488668244247,0.43333333333333335,0.0,0.038461538461538464,0.0,0.0,0.7831565591321171,0.5076923076923077,0.19230769230769232
0.20578956847659557,0.6533333333333333,0.0,0.0,0.0,0.0,0.8227936439496293,0.24489795918367346,0.01020408163265306
0.2961622321805423,1.0,0.0,0.010351966873706004,0.0,0.0,0.7918500650766441,0.6149068322981366,0.039337474120082816
0.23046257120465985,0.7466666666666667,0.0,0.0,0.0,0.0,0.8364114263323127,0.3214285714285714,0.026785714285714284
0.27580610659352345,0.9533333333333334,0.0,0.0,0.0,0.3333333333333333,0.7884340263081948,0.1993006993006993,0.006993006993006993
0.21203448940171482,0.5566666666666666,0.0,0.0,0.0,0.0,0.8721712413225378,0.39520958083832336,0.017964071856287425
0.14497824181936847,0.18666666666666668,0.0,0.0,0.0,0.0,0.8662109896222562,0.1607142857142857,0.14285714285714285
0.14321957950392575,0.14666666666666667,0.0,0.0,0.0,0.0,0.9167412495847119,0.20454545454545453,0.09090909090909091
0.3012943117784928,0.5766666666666667,0.0,0.028901734104046242,0.5,0.3333333333333333,0.8420664318504384,0.17341040462427745,0.005780346820809248
0.11105134195787356,0.13666666666666666,0.0,0.0,0.0,0.0,0.9055134195787357,0.0,0.0
0.1275,0.05,0.0,0.0,0.0,0.0,0.9999999999999998,0.2,0.0
0.16598561036341797,0.30333333333333334,0.0,0.0,0.0,0.0,0.8751857739638499,0.23076923076923078,0.0989010989010989
0.21855991469428993,0.4266666666666667,0.0,0.1171875,0.0,0.0,0.6666928969428992,0.3515625,0.3515625
0.2010539702549405,0.5833333333333334,0.0,0.0,0.0,0.0,0.8098254168351191,0.32571428571428573,0.0
0.19026809703788686,0.4033333333333333,0.0,0.0,0.0,0.0,0.8761933670730836,0.371900826446281,0.049586776859504134
0.17120239509315763,0.3433333333333333,0.0,0.0,0.0,0.0,0.8669268635529356,0.3203883495145631,0.009708737864077669
0.2739573948361117,1.0,0.0,0.0,0.0,0.0,0.7716727137932161,0.4185185185185185,0.04938271604938271
0.2931151335351863,1.0,0.0,0.022988505747126436,0.0,0.0,0.7150593813288747,0.5689655172413792,0.11264367816091954
0.2242352267834296,0.68,0.0,0.0,0.0,0.0,0.8105875619519427,0.411764705882353,0.0
0.18385490591357087,0.26,0.0,0.0,0.0,0.0,0.7818823924690422,0.4230769230769231,0.24358974358974358
0.27199985843828295,0.9,0.0,0.0,0.0,0.0,0.8403689547531993,0.4444444444444444,0.08518518518518518
0.14684137298968863,0.16333333333333333,0.0,0.0,0.0,0.0,0.9172912809172944,0.30612244897959184,0.0
0.22930409230769055,0.71,0.0,0.0,0.0,0.0,0.810200547490051,0.3380281690140845,0.07981220657276995
0.19834439232401302,0.25333333333333335,0.0,0.0,0.0,0.0,0.6166018179769723,0.7894736842105263,0.19736842105263158
0.2510789285845049,1.0,0.0,0.0,0.0,0.0,0.7443800194357827,0.2548262548262548,0.011583011583011582
0.1640066916290523,0.19333333333333333,0.0,0.0,0.0,0.0,0.9190324335319022,0.3620689655172414,0.06896551724137931
0.15793324559715852,0.36,0.0,0.0,0.0,0.0,0.9004435670826966,0.1111111111111111,0.027777777777777776
0.21877910236323134,0.6,0.0,0.02777777777777778,0.0,0.0,0.8683465791878685,0.31666666666666665,0.06111111111111111
0.2818938022211915,1.0,0.0,0.0,0.0,0.3333333333333333,0.7835428332084783,0.16082474226804122,0.041237113402061855
0.22527592334707244,0.73,0.0,0.0,0.0,0.0,0.8244259001373908,0.3150684931506849,0.0182648401826484
0.1609300639552541,0.43333333333333335,0.0,0.0,0.0,0.0,0.8669929472448487,0.09230769230769231,0.0
0.199536030615428,0.30666666666666664,0.0,0.0,0.0,0.3333333333333333,0.7998530597774681,0.2608695652173913,0.14130434782608695
0.25713640498631346,1.0,0.0,0.011876484560570073,0.0,0.0,0.8373973040199039,0.2066508313539192,0.009501187648456057
0.1614219921852464,0.21333333333333335,0.0,0.0,0.0,0.0,0.8723449218524638,0.421875,0.0
0.23489323439126963,0.18,0.0,0.18518518518518517,0.0,0.0,0.8567101216904742,0.9444444444444444,0.0
0.17746383020282142,0.27,0.0,0.0,0.0,0.0,0.9128481785714238,0.4444444444444444,0.012345679012345678
0.3304282262263338,1.0,0.0,0.004945598417408506,0.5,0.0,0.7669429942119037,0.255192878338279,0.024727992087042534
0.2927254916368695,1.0,0.0,0.0,0.0,0.0,0.8345497491954426,0.5927051671732523,0.0
0.28520856737152384,1.0,0.0,0.0,0.0,0.3333333333333333,0.7761487900860472,0.23668639053254437,0.005917159763313609
0.13813862707256394,0.22333333333333333,0.0,0.0,0.0,0.0,0.8822071662480273,0.13432835820895522,0.029850746268656716
0.17891277547631265,0.39666666666666667,0.0,0.08403361344537814,0.0,0.0,0.8411865782925384,0.22689075630252098,0.0
0.2565176381013988,0.84,0.0,0.0,0.0,0.0,0.81708114291875,0.47619047619047616,0.011904761904761904
0.17115505939700557,0.26,0.0,0.1282051282051282,0.0,0.0,0.8984736708931326,0.23076923076923078,0.0
0.312898230134281,1.0,0.0,0.017921146953405017,0.0,0.3333333333333333,0.7938568533141361,0.39247311827956993,0.08243727598566308
0.2258980222085033,0.5833333333333334,0.0,0.0,0.0,0.0,0.8696945077993186,0.5142857142857142,0.0
0.133371278669687,0.13333333333333333,0.0,0.0,0.0,0.0,0.88371278669687,0.15000000000000002,0.1
0.26885294163144735,0.8833333333333333,0.0,0.0,0.0,0.0,0.8050388502767376,0.4867924528301887,0.07169811320754717
0.2535135421426775,0.77,0.0,0.021645021645021644,0.0,0.0,0.8281873694787231,0.4545454545454546,0.06493506493506493
0.22401421902671362,0.7766666666666666,0.0,0.0,0.0,0.0,0.8176314606534025,0.23175965665236054,0.02575107296137339
0.1672346144208289,0.06666666666666667,0.0,0.0,0.0,0.0,0.7223461442082889,0.44999999999999996,0.4
0.23090013255983752,0.8833333333333333,0.0,0.0,0.0,0.0,0.8028692501266773,0.12452830188679245,0.05660377358490566
0.19057468904340735,0.25333333333333335,0.0,0.0,0.0,0.0,0.9336416272761787,0.5921052631578947,0.0
0.29944302433651643,1.0,0.0,0.016611295681063124,0.0,0.3333333333333333,0.8305321259786754,0.27906976744186046,0.026578073089700997
0.2015,0.01,0.0,0.0,0.0,0.0,1.0,1.0,0.0
0.11849298031950281,0.12666666666666668,0.0,0.0,0.0,0.0,0.9159824347739755,0.07894736842105263,0.0
0.1698003008544291,0.31666666666666665,0.0,0.0,0.0,0.0,0.823003008544291,0.25263157894736843,0.14736842105263157
0.11840559770744193,0.12,0.0,0.0,0.0,0.0,0.9207226437410859,0.08333333333333333,0.0
0.1537437602753786,0.11333333333333333,0.0,0.0,0.0,0.0,0.9262611321655504,0.3529411764705882,0.08823529411764706
0.1673165433819421,0.39,0.0,0.0,0.0,0.0,0.8488491945031815,0.20512820512820515,0.03418803418803419
0.13686170852029372,0.14,0.0,0.0,0.0,0.0,0.9205218471076991,0.21428571428571427,0.023809523809523808
0.18989968719264627,0.09333333333333334,0.0,0.17857142857142855,0.0,0.0,0.955425443355034,0.5357142857142857,0.0
0.1488329665995668,0.23666666666666666,0.0,0.0,0.0,0.0,0.8657240321928512,0.2112676056338028,0.056338028169014086
0.14998415909588825,0.25666666666666665,0.0,0.0,0.0,0.0,0.8940623701796615,0.1948051948051948,0.025974025974025976
0.20433884763578458,0.5433333333333333,0.0,0.0,0.0,0.0,0.85415534752349,0.36809815950920244,0.006134969325153374
0.18917198963093135,0.30666666666666664,0.0,0.0,0.0,0.0,0.73606772239627,0.3913043478260869,0.30434782608695654
0.15539484573479398,0.14666666666666667,0.0,0.0,0.0,0.0,0.902130275529758,0.3409090909090909,0.09090909090909091
0.14897078636971878,0.17,0.0,0.0,0.0,0.0,0.8033353146775801,0.23529411764705882,0.19607843137254902
0.14509274032174393,0.2,0.0,0.0,0.0,0.0,0.8842607365507724,0.25,0.016666666666666666
0.1409256416337507,0.12666666666666668,0.0,0.0,0.0,0.0,0.9560985216006649,0.23684210526315788,0.02631578947368421
0.11735464747815719,0.11,0.0,0.0,0.0,0.0,0.8873343535694506,0.0,0.12121212121212122
0.1327727272727273,0.03666666666666667,0.0,0.0,0.0,0.0,1.0,0.2727272727272727,0.0
0.14678007514697886,0.19666666666666666,0.0,0.0,0.0,0.0,0.9185634633341953,0.2033898305084746,0.05084745762711865
0.1630994924641564,0.11666666666666667,0.0,0.0,0.0,0.3333333333333333,0.951233019879659,0.17142857142857143,0.0
0.15493478251632234,0.30333333333333334,0.0,0.0,0.0,0.0,0.8855566163720145,0.19780219780219782,0.01098901098901099
0.18051749529204508,0.6033333333333334,0.0,0.0,0.0,0.0,0.8007274391082958,0.08287292817679558,0.016574585635359115
0.26682619061759966,1.0,0.0,0.0,0.0,0.0,0.8044226204617108,0.36160714285714285,0.002232142857142857
0.2752626405427248,1.0,0.0,0.0,0.0,0.3333333333333333,0.7116007644016075,0.16923076923076924,0.038461538461538464
0.2570558146683738,1.0,0.0,0.0,0.0,0.0,0.7792416200730937,0.2857142857142857,0.0056022408963585435
0.16749770431216932,0.09,0.0,0.0,0.0,0.0,0.9844214875661376,0.5555555555555556,0.0
0.2388599746540871,0.7933333333333333,0.0,0.0,0.0,0.0,0.7574232759526354,0.2647058823529412,0.17647058823529413
0.28227181745000907,0.9966666666666667,0.0,0.0,0.0,0.0,0.6186880741656426,0.3511705685618729,0.35785953177257523
0.21579213029338307,0.5666666666666667,0.0,0.0,0.0,0.0,0.8196860088161835,0.4764705882352941,0.011764705882352941
0.18273780109792337,0.36333333333333334,0.0,0.0,0.0,0.0,0.7502679192361144,0.30275229357798167,0.22935779816513763
0.24746070918017268,0.22,0.0,0.0,0.5,0.0,0.9097586069532421,0.4545454545454546,0.030303030303030304
0.34137117362035757,1.0,0.0,0.0,0.0,0.6666666666666666,0.7956734984645898,0.34413965087281795,0.10723192019950124
0.30253014058842786,1.0,0.0,0.0,0.0,0.6666666666666666,0.7176655762220171,0.11233480176211454,0.028634361233480177
0.37510826023125354,1.0,0.0,0.0641025641025641,0.5,0.0,0.8228774741074072,0.5,0.08205128205128205
0.19011695504350148,0.48333333333333334,0.0,0.0,0.0,0.0,0.85892817112467,0.2896551724137931,0.027586206896551724
0.2504758311274855,1.0,0.0,0.005165289256198347,0.0,0.0,0.695357484828574,0.23863636363636365,0.06301652892561983
0.2747018108837171,1.0,0.0,0.0,0.0,0.0,0.805757363851498,0.3954154727793696,0.045845272206303724
0.2845355902939092,1.0,0.0,0.0,0.0,0.0,0.7281145236287472,0.5172413793103449,0.1
0.16171779838675346,0.11666666666666667,0.0,0.14285714285714285,0.0,0.0,0.9136065552961059,0.2571428571428571,0.05714285714285714
0.19057985290235951,0.5766666666666667,0.0,0.0,0.0,0.0,0.8211453498328438,0.20809248554913293,0.011560693641618497
0.16835274489649793,0.3,0.0,0.0,0.0,0.0,0.8557496711872016,0.26666666666666666,0.1111111111111111
0.22873599899115615,0.8333333333333334,0.0,0.02,0.0,0.0,0.8313599899115613,0.156,0.02
0.19729830632148382,0.47333333333333333,0.0,0.0,0.0,0.0,0.8756591195528662,0.38028169014084506,0.007042253521126761
0.2554091145236326,1.0,0.0,0.0,0.0,0.0,0.810670092604747,0.22697368421052633,0.01644736842105263
0.12866767556414543,0.21,0.0,0.0,0.0,0.0,0.8764386604033589,0.09523809523809523,0.0
0.271522647374721,1.0,0.0,0.014492753623188406,0.0,0.0,0.7616032853414129,0.33043478260869563,0.10144927536231885
0.17588666432601158,0.21666666666666667,0.0,0.07692307692307693,0.0,0.0,0.8569435663370385,0.27692307692307694,0.18461538461538463
0.2015241395365098,0.35333333333333333,0.0,0.04716981132075471,0.0,0.3333333333333333,0.8736061752393118,0.169811320754717,0.03773584905660377
0.12084073990415364,0.03666666666666667,0.0,0.0,0.0,0.0,0.7897710354051727,0.0,0.36363636363636365
0.18711904025401768,0.37333333333333335,0.0,0.0,0.0,0.0,0.9183332596830338,0.375,0.017857142857142856
0.24486718430647456,0.9833333333333333,0.0,0.0,0.0,0.0,0.7906209956071182,0.15254237288135594,0.030508474576271188
0.208391872945484,0.58,0.0,0.0,0.0,0.0,0.8346083846272536,0.3448275862068966,0.034482758620689655
0.14521579484783062,0.13666666666666666,0.0,0.0,0.0,0.0,0.9544750216490379,0.29268292682926833,0.0
0.2971817096052443,0.9433333333333334,0.0,0.0,0.0,0.3333333333333333,0.8171233386908412,0.36042402826855124,0.045936395759717315
0.17157325916265664,0.043333333333333335,0.0,0.0,0.0,0.0,0.9584248993188739,0.6923076923076923,0.0
0.26388688464348264,1.0,0.0,0.0,0.0,0.0,0.836166143732124,0.28378378378378377,0.01891891891891892
0.13213103527203418,0.24,0.0,0.0,0.0,0.0,0.6140881304981197,0.08333333333333333,0.2638888888888889
0.3428514515949454,0.6766666666666666,0.0,0.0,0.5,0.3333333333333333,0.8523486703008498,0.4433497536945813,0.034482758620689655
0.15455381355054282,0.21,0.0,0.0,0.0,0.0,0.9289508339181266,0.2857142857142857,0.015873015873015872
0.1531102471918751,0.13,0.0,0.0,0.0,0.0,0.9514870873033663,0.3846153846153846,0.0
0.16586206529539196,0.09,0.0,0.0,0.0,0.0,0.8939910233242899,0.4444444444444444,0.18518518518518517
0.14530245438227235,0.13333333333333333,0.0,0.0,0.0,0.0,0.9530245438227233,0.30000000000000004,0.0
0.18936850830246876,0.27,0.0,0.0,0.0,0.0,0.9084381694444408,0.5555555555555556,0.024691358024691357
0.17649799693895774,0.34,0.0,0.0,0.0,0.0,0.8824309497817344,0.3529411764705882,0.0196078431372549
0.2651166055072241,1.0,0.0,0.05555555555555556,0.0,0.0,0.8067216106277966,0.23333333333333334,0.027777777777777776
0.32525592233025236,1.0,0.0,0.009861932938856016,0.0,0.6666666666666666,0.7791864422374342,0.21893491124260356,0.07297830374753451
0.3536140062910873,0.7966666666666666,0.0,0.0,0.5,0.3333333333333333,0.8101079848076649,0.40167364016736395,0.04602510460251046
0.1417214962690702,0.2733333333333333,0.0,0.0,0.0,0.0,0.8608734992760679,0.14634146341463417,0.0
0.3101769111822557,1.0,0.0,0.010660980810234541,0.0,0.3333333333333333,0.779096759299458,0.371002132196162,0.1023454157782516
0.21934635911343686,0.32,0.0,0.05208333333333333,0.0,0.0,0.9165885911343686,0.71875,0.0
0.28252148787833953,1.0,0.0,0.0,0.0,0.0,0.777022107699058,0.3704819277108434,0.17771084337349397
0.21295448357085528,0.29333333333333333,0.0,0.0,0.0,0.0,0.9395448357085527,0.75,0.0
0.23715766644052824,0.31,0.0,0.0,0.0,0.0,0.7022755891364653,0.8387096774193548,0.3655913978494624
0.20329568669528714,0.5566666666666666,0.0,0.0,0.0,0.0,0.838675429827123,0.3592814371257485,0.0
0.16672563912890648,0.25333333333333335,0.0,0.0,0.0,0.0,0.8793616544469595,0.35526315789473684,0.05263157894736842
0.16609853249417253,0.26666666666666666,0.0,0.0,0.0,0.0,0.8484853249417252,0.3375,0.075
0.22146029148138166,0.7433333333333333,0.0,0.0,0.0,0.0,0.8798719731097807,0.20179372197309417,0.017937219730941704
0.2861237542625639,1.0,0.0,0.0,0.0,0.3333333333333333,0.7986683288936347,0.20930232558139533,0.019933554817275746
0.1780494383144589,0.20666666666666667,0.0,0.0,0.0,0.0,0.9221072863703955,0.532258064516129,0.016129032258064516
0.26438750867805094,1.0,0.0,0.0,0.0,0.0,0.8180911146550738,0.2979094076655052,0.027874564459930314
0.16369467374840457,0.36666666666666664,0.0,0.0,0.0,0.0,0.8414921920295005,0.21818181818181817,0.02727272727272727
0.16637360060798198,0.3,0.0,0.05555555555555556,0.0,0.0,0.8970693394131531,0.2,0.03333333333333333
0.15177968362822436,0.15,0.0,0.0,0.0,0.0,0.9372412807266882,0.3333333333333333,0.022222222222222223
0.26025303532691973,1.0,0.0,0.0,0.0,0.0,0.7789531174968394,0.3121951219512195,0.011382113821138212
0.17514933218992804,0.09666666666666666,0.0,0.0,0.0,0.0,0.9858036667268665,0.6206896551724138,0.0
0.24466398780731957,1.0,0.0,0.05649717514124294,0.0,0.0,0.8053969402200882,0.03389830508474576,0.022598870056497175
0.13287163647530068,0.10333333333333333,0.0,0.0,0.0,0.0,0.9479099131401035,0.0967741935483871,0.12903225806451613
0.14925142594732738,0.16666666666666666,0.0,0.0,0.0,0.0,0.9025142594732737,0.30000000000000004,0.04
0.1944280720389712,0.22333333333333333,0.0,0.0,0.0,0.0,0.8779374368076223,0.6268656716417911,0.1044776119402985
0.2717096526399941,0.8166666666666667,0.0,0.0,0.0,0.0,0.8431169345632062,0.5877551020408163,0.061224489795918366
0.26323739813813474,0.48333333333333334,0.0,0.034482758620689655,0.5,0.0,0.6504774296572094,0.08275862068965517,0.3724137931034483
0.26228765475700183,0.99,0.0,0.0,0.0,0.0,0.8180112277046987,0.30303030303030304,0.016835016835016835
0.22759581965068362,0.6666666666666666,0.0,0.0,0.0,0.0,0.8409581965068362,0.39,0.045
0.16902088783348573,0.19333333333333333,0.0,0.0,0.0,0.3333333333333333,0.9117031312084204,0.15517241379310345,0.0
0.1552024129826577,0.24,0.0,0.0,0.0,0.0,0.90035746315991,0.2916666666666667,0.0
0.24250766713201072,0.6133333333333333,0.0,0.0,0.0,0.0,0.7224679756679336,0.47282608695652173,0.30978260869565216
0.13754055361765793,0.15666666666666668,0.0,0.0,0.0,0.0,0.8850863872404091,0.2553191489361702,0.0
0.21402012743991816,0.44333333333333336,0.0,0.0,0.0,0.3333333333333333,0.8711912493365247,0.24812030075187969,0.022556390977443608
0.14846614964418503,0.24,0.0,0.0,0.0,0.0,0.8885503853307392,0.20833333333333334,0.027777777777777776
0.21054636873337634,0.6166666666666667,0.0,0.02702702702702703,0.0,0.0,0.8318150386851145,0.3081081081081081,0.0
0.17384771013643163,0.30666666666666664,0.0,0.0,0.0,0.0,0.8763031883208383,0.3913043478260869,0.010869565217391304
0.2243512291543925,0.23666666666666666,0.0,0.0,0.0,0.3333333333333333,0.8932071272246764,0.5915492957746479,0.07042253521126761
0.2881794620403073,0.91,0.0,0.0,0.0,0.3333333333333333,0.8134979171063701,0.3076923076923077,0.06227106227106227
0.14774657757345133,0.2733333333333333,0.0,0.0,0.0,0.0,0.9211243123198789,0.14634146341463417,0.0
0.1830468068491884,0.36,0.0,0.0,0.0,0.0,0.6978754758992913,0.3333333333333333,0.25925925925925924
0.18944506788353407,0.3433333333333333,0.0,0.0,0.0,0.0,0.8940137856314572,0.4368932038834951,0.04854368932038835
0.17113556553523337,0.41333333333333333,0.0,0.0,0.0,0.0,0.8574846876103979,0.217741935483871,0.016129032258064516
0.2845640480150688,0.9333333333333333,0.0,0.03571428571428571,0.0,0.0,0.834926194436402,0.5142857142857142,0.04285714285714286
0.4144483809171313,1.0,0.0,0.0,1.0,0.0,0.8375217838548575,0.2848101265822785,0.022151898734177215
0.2937677336937688,1.0,0.0,0.012406947890818858,0.0,0.0,0.8309775850766453,0.5732009925558312,0.01488833746898263
0.15188114275874273,0.23,0.0,0.0,0.0,0.0,0.8694636015004705,0.17391304347826086,0.13043478260869565
0.1465734677128908,0.25333333333333335,0.0,0.0,0.0,0.0,0.9278399402868027,0.15789473684210525,0.0
0.23683024269763145,0.51,0.0,0.032679738562091505,0.0,0.0,0.8614723616168373,0.5882352941176471,0.10457516339869281
0.18955264181004303,0.46,0.0,0.0,0.0,0.0,0.8866858383902854,0.28260869565217395,0.036231884057971016
0.2058681010385354,0.19,0.0,0.2631578947368421,0.0,0.0,0.9578915367011434,0.42105263157894735,0.0
0.18978395637004936,0.22666666666666666,0.0,0.0,0.0,0.0,0.8960748578181403,0.5294117647058824,0.1323529411764706
0.3927575930490697,1.0,0.0,0.0,0.5,0.3333333333333333,0.7395459239675402,0.4344422700587084,0.17025440313111545
0.26028251945215786,0.6,0.0,0.08333333333333333,0.0,0.0,0.8611585278549119,0.7,0.016666666666666666
0.27614760298055974,1.0,0.0,0.0,0.0,0.0,0.7885030568326246,0.47297297297297297,0.0
0.14909607800090147,0.19666666666666666,0.0,0.0,0.0,0.0,0.8908760342463027,0.3050847457627119,0.0
0.2836399360390442,1.0,0.0,0.036458333333333336,0.0,0.0,0.7681701937237755,0.5031249999999999,0.010416666666666666
0.3162508340073655,0.5733333333333334,0.0,0.05813953488372093,0.5,0.0,0.8548339214690038,0.5581395348837209,0.05232558139534884
0.1792424106538221,0.24,0.0,0.0,0.0,0.0,0.8907574398715542,0.5,0.041666666666666664
0.2427518184670167,0.8066666666666666,0.0,0.0,0.0,0.0,0.8084272755792583,0.371900826446281,0.0371900826446281
0.2917452954182535,1.0,0.0,0.0,0.0,0.0,0.8251910494206305,0.5803571428571429,0.011904761904761904
0.25229931731878075,0.63,0.0,0.0,0.0,0.3333333333333333,0.8372524324470667,0.3492063492063492,0.0582010582010582
0.16328656881882028,0.08666666666666667,0.0,0.19230769230769232,0.0,0.0,0.9836349189574335,0.23076923076923078,0.0
0.2020551134018146,0.62,0.0,0.0,0.0,0.0,0.848615650147178,0.16129032258064516,0.08064516129032258
0.14420898919536487,0.19,0.0,0.0,0.0,0.0,0.7535811200238243,0.21052631578947367,0.19298245614035087
0.18541150290502445,0.45666666666666667,0.0,0.0,0.0,0.0,0.8625456859845508,0.30656934306569344,0.0
0.1915704702899247,0.04,0.0,0.41666666666666663,0.0,0.0,0.8140380362325801,0.0,0.4166666666666667
0.1502439900262903,0.19,0.0,0.0,0.0,0.0,0.8665627072804465,0.3157894736842105,0.03508771929824561
0.17799415060924417,0.26,0.0,0.0641025641025641,0.0,0.0,0.9091722753232113,0.34615384615384615,0.038461538461538464
0.3207019626882599,0.6466666666666666,0.0,0.05154639175257732,0.5,0.0,0.8323804516248666,0.4948453608247423,0.08247422680412371
0.1934100635439664,0.5633333333333334,0.0,0.0,0.0,0.0,0.8228284460905514,0.23076923076923078,0.03550295857988166
0.23820034894401812,0.7666666666666667,0.0,0.0,0.0,0.0,0.8406991416140942,0.3913043478260869,0.0
0.4136376811987863,1.0,0.0,0.05405405405405406,1.0,0.0,0.7661065417175926,0.2554054054054054,0.033783783783783786
0.19387445770496542,0.39,0.0,0.1282051282051282,0.0,0.0,0.8537445770496543,0.28205128205128205,0.02564102564102564
0.17213392261821253,0.14,0.0,0.11904761904761904,0.0,0.0,0.8327677976106966,0.3571428571428571,0.14285714285714285
0.1472652916268981,0.18666666666666668,0.0,0.0,0.0,0.0,0.9069386305546953,0.21428571428571427,0.07142857142857142
0.1429818641969042,0.19333333333333333,0.0,0.0,0.0,0.0,0.8811979523138694,0.25862068965517243,0.0
0.27816898710910626,1.0,0.0,0.0,0.0,0.0,0.7845307801819721,0.45170454545454547,0.045454545454545456
0.15475278916584168,0.24333333333333335,0.0,0.0,0.0,0.0,0.8948566587817045,0.2876712328767123,0.0
0.42051008473287627,1.0,0.0,0.02493765586034913,1.0,0.0,0.821060947079386,0.29177057356608477,0.05486284289276808
0.1493240437348467,0.17,0.0,0.0,0.0,0.0,0.9049071040151336,0.29411764705882354,0.0392156862745098
0.23012400976203629,0.44666666666666666,0.0,0.11194029850746268,0.0,0.0,0.7319863662770794,0.582089552238806,0.14925373134328357
0.2710321246266037,1.0,0.0,0.03863987635239567,0.0,0.0,0.7783274286462538,0.37094281298299847,0.0030911901081916537
0.258083331330811,1.0,0.0,0.0,0.0,0.0,0.6021447887179462,0.1377049180327869,0.34098360655737703
0.27701733320749045,0.7333333333333333,0.0,0.022727272727272728,0.0,0.0,0.5224460593476319,0.5590909090909091,0.5545454545454546
0.1635632493317904,0.17333333333333334,0.0,0.09615384615384616,0.0,0.0,0.6929401856255963,0.2884615384615385,0.25
0.15837161016716272,0.21,0.0,0.0,0.0,0.0,0.887763720719246,0.3333333333333333,0.047619047619047616
0.16518447799107538,0.09666666666666666,0.0,0.1724137931034483,0.0,0.0,0.9033965040486848,0.3103448275862069,0.034482758620689655
0.14816936330695651,0.21666666666666667,0.0,0.0,0.0,0.0,0.9105397869157189,0.18461538461538463,0.06153846153846154
0.27033796070078536,1.0,0.0,0.0,0.0,0.0,0.744377071082241,0.44378698224852076,0.015215553677092139
0.17090532061424268,0.26,0.0,0.0,0.0,0.0,0.8831557702449908,0.3076923076923077,0.1282051282051282
0.16160509205983833,0.3,0.0,0.0,0.0,0.0,0.7771620317094946,0.13333333333333333,0.25555555555555554
0.2601549991802642,0.82,0.0,0.0,0.0,0.0,0.7983792600953248,0.5609756097560975,0.012195121951219513
0.2755505799267685,0.8233333333333334,0.0,0.0,0.0,0.3333333333333333,0.8025570813189676,0.340080971659919,0.044534412955465584
0.15078112911532054,0.14666666666666667,0.0,0.0,0.0,0.0,0.9469022002441145,0.3409090909090909,0.0
0.2776256719215984,0.4766666666666667,0.0,0.0,0.5,0.0,0.8986693066285719,0.3986013986013986,0.013986013986013986
0.2724757024660006,1.0,0.0,0.0,0.0,0.0,0.7738286426971412,0.35013262599469497,0.10079575596816977
0.1729341586537017,0.27,0.0,0.0,0.0,0.0,0.8305144260431899,0.4444444444444444,0.04938271604938271
0.26419021993847913,1.0,0.0,0.0,0.0,0.0,0.8003788578614501,0.2727272727272727,0.0687960687960688
0.14599341976699723,0.13666666666666666,0.0,0.0,0.0,0.0,0.8890805391333868,0.36585365853658536,0.0
0.24448457492015474,0.5266666666666666,0.0,0.0,0.0,0.3333333333333333,0.8658162133365687,0.39873417721518983,0.056962025316455694
0.2749746009708386,0.9166666666666666,0.0,0.1090909090909091,0.0,0.0,0.5820187369811132,0.24,0.3890909090909091
0.2215291883144341,0.4,0.0,0.0,0.0,0.0,0.8402918831443411,0.5499999999999999,0.225
0.13254159166645815,0.15333333333333332,0.0,0.0,0.0,0.0,0.8345463514471902,0.06521739130434782,0.1956521739130435
0.17394860655436073,0.31333333333333335,0.0,0.10638297872340426,0.0,0.0,0.8652307463946711,0.19148936170212766,0.05319148936170213
0.14628745336143315,0.22333333333333333,0.0,0.0,0.0,0.0,0.903993936599406,0.22388059701492535,0.0
0.24505677537875503,0.7133333333333334,0.0,0.0,0.0,0.0,0.8198200902361483,0.46261682242990654,0.09813084112149532
0.18385193614786227,0.23666666666666666,0.0,0.0,0.0,0.3333333333333333,0.8966649013847261,0.2535211267605634,0.0
0.26826458560213945,1.0,0.0,0.0,0.0,0.0,0.6941970111369065,0.31683168316831684,0.1716171617161716
0.18993176954614144,0.13333333333333333,0.0,0.25,0.0,0.0,0.8743176954614147,0.44999999999999996,0.0
0.2538876411510467,0.99,0.0,0.0,0.0,0.0,0.8316541892882441,0.2121212121212121,0.010101010101010102
0.2260131597262973,0.7933333333333333,0.0,0.0,0.0,0.0,0.8516442023049898,0.20168067226890757,0.01680672268907563
0.14455391698487663,0.23666666666666666,0.0,0.0,0.0,0.0,0.9215250853417241,0.16901408450704225,0.0
0.20177914389416685,0.5333333333333333,0.0,0.03125,0.0,0.0,0.7771664389416686,0.1875,0.20625
0.2744967352841964,1.0,0.0,0.0,0.0,0.3333333333333333,0.7856497675401269,0.12598425196850394,0.0
0.2874968576524831,1.0,0.0,0.014044943820224719,0.0,0.0,0.8061483518057305,0.5056179775280899,0.042134831460674156
0.13565726443407036,0.16666666666666666,0.0,0.0,0.0,0.0,0.9065726443407037,0.18,0.02
0.18372074737408142,0.43333333333333335,0.0,0.0,0.0,0.0,0.8564382429715833,0.3230769230769231,0.007692307692307693
0.1968918528768512,0.22333333333333333,0.0,0.07462686567164178,0.0,0.0,0.8951125586192581,0.6268656716417911,0.0
0.17822429113970845,0.49,0.0,0.0,0.0,0.0,0.775134067859669,0.24489795918367346,0.027210884353741496
0.2894395150283387,1.0,0.0,0.0,0.0,0.3333333333333333,0.7848187230274016,0.2569060773480663,0.019337016574585635
0.28382779724524293,1.0,0.0,0.0364963503649635,0.0,0.0,0.7652852717225025,0.5005213764337851,0.017726798748696558
0.2910005668170499,0.6766666666666666,0.0,0.024630541871921183,0.5,0.0,0.8568283282690213,0.22167487684729065,0.029556650246305417
0.2692209048669529,0.19333333333333333,0.0,0.08620689655172414,0.5,0.0,0.9366918072902183,0.5172413793103449,0.06896551724137931
0.22130425071580598,0.6233333333333333,0.0,0.0,0.0,0.3333333333333333,0.8217145214183093,0.1122994652406417,0.0106951871657754
0.20467709723507235,0.7333333333333333,0.0,0.0,0.0,0.0,0.8013164268961779,0.10909090909090909,0.03636363636363636
0.2478567234440588,0.9633333333333334,0.0,0.0,0.0,0.0,0.8121139472433562,0.18685121107266434,0.03460207612456748
0.2997498594719268,1.0,0.0,0.0,0.0,0.3333333333333333,0.7899078356433606,0.35049504950495053,0.023762376237623763
0.22713873761084688,0.6833333333333333,0.0,0.024390243902439025,0.0,0.0,0.8488264004987127,0.29268292682926833,0.06829268292682927
0.2813476178109822,1.0,0.0,0.0,0.0,0.0,0.830504041886912,0.4458204334365325,0.03715170278637771
0.25102356138044063,0.6566666666666666,0.0,0.025380710659898477,0.0,0.0,0.8627990655810558,0.6091370558375635,0.015228426395939087
0.1813281029201223,0.42,0.0,0.0,0.0,0.0,0.8420111879313816,0.26190476190476186,0.07936507936507936
0.20361492195192452,0.5466666666666666,0.0,0.03048780487804878,0.0,0.0,0.11553946342168406,0.12804878048780488,0.926829268292683
0.1891253589518151,0.49,0.0,0.0,0.0,0.0,0.8297229772732527,0.32653061224489793,0.0
0.22783367544557842,0.18333333333333332,0.0,0.0,0.5,0.0,0.9260640271830568,0.2727272727272727,0.05454545454545454
0.13023560964005024,0.17666666666666667,0.0,0.0,0.0,0.0,0.9052806247023891,0.11320754716981132,0.018867924528301886
0.17134645182344363,0.14,0.0,0.0,0.0,0.0,0.9558454706153885,0.5,0.047619047619047616
0.29283805886861425,1.0,0.0,0.0,0.0,0.3333333333333333,0.7617139220194762,0.31620553359683795,0.017127799736495388
0.2697967045676659,1.0,0.0,0.0,0.0,0.0,0.7712569479567897,0.3713355048859935,0.05537459283387622
0.2459352727557796,0.7733333333333333,0.0,0.0,0.0,0.3333333333333333,0.7979159459486006,0.15517241379310345,0.01293103448275862
0.17526744718253937,0.03,0.0,0.0,0.0,0.0,0.9298966940476158,0.6666666666666666,0.1111111111111111
0.2602491737654764,1.0,0.0,0.0,0.0,0.0,0.7658083205693369,0.33668341708542715,0.0
0.13742055966920244,0.05,0.0,0.0,0.0,0.3333333333333333,0.965872263358691,0.0,0.0
0.10838431530811267,0.11,0.0,0.0,0.0,0.0,0.9188431530811266,0.0,0.0
0.2816193405903715,1.0,0.0,0.0,0.0,0.0,0.8279427531622006,0.4856396866840731,0.0026109660574412533
0.14593838962121664,0.15333333333333332,0.0,0.0,0.0,0.0,0.9685143309947751,0.2608695652173913,0.0
0.25362939546313995,0.8933333333333333,0.0,0.0,0.0,0.0,0.8642044023925937,0.3246268656716418,0.007462686567164179
0.17215712768117944,0.2966666666666667,0.0,0.0,0.0,0.0,0.7597173442275246,0.3033707865168539,0.21348314606741572
0.32977679329646875,0.8933333333333333,0.0,0.0,0.5,0.0,0.7973201717706585,0.39179104477611937,0.018656716417910446
0.18401892686773863,0.5233333333333333,0.0,0.0,0.0,0.0,0.6029599693143288,0.30573248407643316,0.1464968152866242
0.2844953628419264,1.0,0.0,0.0,0.0,0.0,0.8138332964690567,0.5228215767634854,0.008298755186721992
0.26960680987422864,0.45666666666666667,0.0,0.0,0.5,0.0,0.8669075148006806,0.30656934306569344,0.08759124087591241
0.187088601574459,0.42333333333333334,0.0,0.03937007874015748,0.0,0.0,0.8382482204689996,0.23622047244094488,0.10236220472440945
0.1447031866465707,0.12,0.0,0.0,0.0,0.0,0.9059207553545958,0.3333333333333333,0.027777777777777776
0.14635714285714285,0.023333333333333334,0.0,0.0,0.0,0.0,1.0,0.42857142857142855,0.0
0.17602576353884664,0.15,0.0,0.0,0.0,0.0,0.9352576353884662,0.6000000000000001,0.0
0.15600295851910073,0.36666666666666664,0.0,0.0,0.0,0.0,0.8736659488273709,0.08181818181818182,0.05454545454545454
0.2099685644457482,0.4033333333333333,0.0,0.0,0.0,0.0,0.8996443221434323,0.5950413223140496,0.0
0.2669668429200218,1.0,0.0,0.0,0.0,0.0,0.7165434292002177,0.328125,0.125
0.2769460525093462,1.0,0.0,0.0,0.0,0.0,0.8054082375117626,0.4215686274509804,0.042483660130718956
0.16371958213883994,0.18666666666666668,0.0,0.0,0.0,0.0,0.9107672499598279,0.375,0.07142857142857142
0.23232399750160385,0.24,0.0,0.06944444444444445,0.5,0.0,0.8868510861271495,0.125,0.09722222222222222
0.21139098285226318,0.7066666666666667,0.0,0.0,0.0,0.0,0.8416456775792355,0.19811320754716982,0.014150943396226415
0.18129921839461732,0.43,0.0,0.0,0.0,0.0,0.5555890831709795,0.13953488372093023,0.4728682170542636
0.17291046480348612,0.17,0.0,0.0,0.0,0.0,0.9446928833289788,0.5294117647058824,0.0
0.15633313407351654,0.10333333333333333,0.0,0.0,0.0,0.0,0.8599442439609717,0.29032258064516125,0.25806451612903225
0.1546091949158245,0.15,0.0,0.11111111111111112,0.0,0.0,0.9322030602693562,0.2,0.022222222222222223
0.18419914972896537,0.24,0.0,0.0,0.0,0.0,0.89865816395632,0.5416666666666666,0.041666666666666664
0.15298761028730323,0.22333333333333333,0.0,0.07462686567164178,0.0,0.0,0.9187566998879575,0.13432835820895522,0.029850746268656716
0.25251876392218736,1.0,0.0,0.0,0.0,0.0,0.7583809165327982,0.21428571428571427,0.052521008403361345
0.2849155647699381,1.0,0.0,0.0,0.0,0.3333333333333333,0.7661960064437763,0.2376681614349776,0.01195814648729447
0.1458328724960607,0.17,0.0,0.0,0.0,0.0,0.9092110779017833,0.29411764705882354,0.0
0.1792057295902378,0.3,0.0,0.0,0.0,0.3333333333333333,0.842057295902378,0.16666666666666666,0.0
0.1721373766161231,0.23,0.0,0.0,0.0,0.0,0.8691273893496367,0.3913043478260869,0.11594202898550725
0.19209496661993636,0.33666666666666667,0.0,0.0,0.0,0.3333333333333333,0.8746955407868224,0.20792079207920794,0.0
0.3051719231841715,0.8966666666666666,0.0,0.0,0.0,0.0,0.8331132838863252,0.7695167286245352,0.10408921933085502
0.1196289372256916,0.08666666666666667,0.0,0.0,0.0,0.0,0.9509047568723006,0.11538461538461539,0.0
0.28823139762859146,1.0,0.0,0.04784688995215311,0.0,0.0,0.8081512968600773,0.43779904306220097,0.0645933014354067
0.2814238044667647,1.0,0.0,0.01256281407035176,0.0,0.0,0.8180068888887523,0.4522613065326633,0.02512562814070352
0.22666331476047757,0.5133333333333333,0.0,0.0,0.0,0.3333333333333333,0.8645985155701437,0.2532467532467533,0.045454545454545456
0.1654015335322799,0.27666666666666667,0.0,0.0,0.0,0.0,0.8896177449613533,0.25301204819277107,0.0963855421686747
0.20504214255420122,0.47,0.0,0.0,0.0,0.0,0.8205987305065512,0.46808510638297873,0.05673758865248227
0.24087832336651044,0.8833333333333333,0.0,0.0,0.0,0.0,0.7894436110235953,0.21509433962264152,0.07924528301886792
0.15505776847185043,0.09333333333333334,0.0,0.0,0.0,0.0,0.5891491132899327,0.3214285714285714,0.5
0.19689536084324236,0.5166666666666667,0.0,0.0,0.0,0.0,0.8520181245614556,0.3096774193548387,0.03225806451612903
0.1983251166852788,0.43666666666666665,0.0,0.0,0.0,0.3333333333333333,0.8575132533667831,0.11450381679389313,0.022900763358778626
0.2782284701378992,0.30666666666666664,0.0,0.05434782608695652,0.5,0.0,0.7951107883355137,0.4891304347826087,0.20652173913043478
0.14396294729713874,0.14666666666666667,0.0,0.0,0.0,0.0,0.9469022002441145,0.2727272727272727,0.0
0.18342343613518125,0.13333333333333333,0.0,0.0,0.0,0.0,0.9342343613518124,0.6000000000000001,0.1
0.14612116860597787,0.18333333333333332,0.0,0.0,0.0,0.0,0.9134844133325059,0.21818181818181817,0.05454545454545454
0.18866837538880224,0.36,0.0,0.0,0.0,0.0,0.8466837538880224,0.4166666666666667,0.08333333333333333
0.17946042529759637,0.33,0.0,0.0,0.0,0.0,0.8248567782284889,0.36363636363636365,0.1111111111111111
0.12310181288538227,0.20666666666666667,0.0,0.0,0.0,0.0,0.8726310320796291,0.04838709677419355,0.0
0.22939339256196678,0.11333333333333333,0.0,0.14705882352941177,0.5,0.0,0.9768751020902559,0.1764705882352941,0.0
0.1858685201661279,0.43,0.0,0.0,0.0,0.0,0.6865534187155424,0.27906976744186046,0.24806201550387597
0.21052971607253376,0.65,0.0,0.0,0.0,0.0,0.8328612632894403,0.27692307692307694,0.020512820512820513
0.1275170031578566,0.03666666666666667,0.0,0.0,0.0,0.0,0.9474427588512933,0.2727272727272727,0.0
0.2659297067284091,0.6666666666666666,0.0,0.0,0.0,0.0,0.8392970672840908,0.72,0.1
0.20834382745249413,0.55,0.0,0.0,0.0,0.0,0.8099534260400925,0.34545454545454546,0.10303030303030303
0.1788720478252025,0.5233333333333333,0.0,0.0,0.0,0.0,0.8508542362138082,0.15286624203821658,0.0
0.18289215851749993,0.23666666666666666,0.0,0.0,0.0,0.0,0.8682877823580979,0.5492957746478874,0.056338028169014086
0.23857914639891534,0.8566666666666667,0.0,0.0,0.0,0.0,0.8167447713821494,0.25680933852140075,0.027237354085603113
0.2084673345068081,0.32,0.0,0.0,0.0,0.3333333333333333,0.9275900117347478,0.3125,0.03125
0.22157493784032395,0.18666666666666668,0.0,0.0,0.0,0.0,0.7750350926889539,0.9642857142857144,0.19642857142857142
0.22845695777593134,0.6433333333333333,0.0,0.02590673575129534,0.0,0.0,0.6744918575520595,0.27979274611398963,0.32642487046632124
0.186253413673009,0.36333333333333334,0.0,0.0,0.0,0.0,0.7762497330603652,0.3577981651376147,0.1834862385321101
0.3269530020113168,0.45666666666666667,0.0,0.0,1.0,0.0,0.8801504580693719,0.19708029197080293,0.0072992700729927005
0.1716185049737247,0.2866666666666667,0.0,0.05813953488372093,0.0,0.0,0.919905979969805,0.27906976744186046,0.0
0.1823503885177871,0.09666666666666666,0.0,0.1724137931034483,0.0,0.0,0.9716073334537331,0.41379310344827586,0.034482758620689655
0.15710172792544852,0.31666666666666665,0.0,0.0,0.0,0.0,0.8749646476755378,0.15789473684210525,0.06315789473684211
0.21358276099508758,0.4766666666666667,0.0,0.0,0.0,0.0,0.8404080295312957,0.4825174825174825,0.0979020979020979
0.26924083344623034,0.8833333333333333,0.0,0.056603773584905655,0.0,0.0,0.8296724854056996,0.3735849056603774,0.07924528301886792
0.1614153194937347,0.25666666666666665,0.0,0.0,0.0,0.0,0.8655168313009831,0.3116883116883117,0.05194805194805195
0.1957816777276851,0.38666666666666666,0.0,0.0,0.0,0.0,0.8950581565871955,0.4655172413793104,0.017241379310344827
0.16336685073743698,0.21666666666666667,0.0,0.0,0.0,0.0,0.8932838919897542,0.4153846153846154,0.0
0.26359431500284836,1.0,0.0,0.011547344110854504,0.0,0.0,0.7583449976035413,0.32563510392609696,0.03464203233256351
0.2091955668324077,0.07333333333333333,0.0,0.0,0.5,0.0,0.9592283955968041,0.2727272727272727,0.0
0.13534567814422005,0.19333333333333333,0.0,0.0,0.0,0.0,0.8910429883387523,0.15517241379310345,0.017241379310344827
0.2688816095251948,0.8633333333333333,0.0,0.0,0.0,0.3333333333333333,0.7786294800653335,0.2548262548262548,0.02702702702702703
0.14883657136151002,0.20666666666666667,0.0,0.0,0.0,0.0,0.8719141007118745,0.14516129032258063,0.16129032258064516
0.14262590566908745,0.19333333333333333,0.0,0.0,0.0,0.0,0.9293625049667363,0.20689655172413793,0.0
0.21946900272212952,0.59,0.0,0.0,0.0,0.0,0.8690120611196003,0.4067796610169492,0.03389830508474576
0.18453736184672997,0.5633333333333334,0.0,0.0,0.0,0.0,0.7045156303016191,0.21301775147928995,0.08284023668639054
0.17938632257835574,0.05,0.0,0.0,0.0,0.0,0.9188632257835573,0.8,0.0
0.1605419944140581,0.10333333333333333,0.0,0.0,0.0,0.0,0.8697747828502581,0.5806451612903225,0.0
0.20100997229206455,0.66,0.0,0.0,0.0,0.0,0.8382815411024636,0.18181818181818182,0.0
0.19863803665569707,0.5,0.0,0.03333333333333333,0.0,0.0,0.8863803665569706,0.30000000000000004,0.0
0.1290439256771595,0.14666666666666667,0.0,0.0,0.0,0.0,0.888621074953413,0.13636363636363635,0.045454545454545456
0.3767192734014681,0.8866666666666667,0.0,0.0,0.5,0.3333333333333333,0.8801751901550317,0.47368421052631576,0.0
0.16866463287417735,0.37,0.0,0.0,0.0,0.0,0.816331013426458,0.2972972972972973,0.018018018018018018
0.14274518795708666,0.11,0.0,0.0,0.0,0.0,0.9594215765405636,0.2727272727272727,0.030303030303030304
0.14531090342822392,0.17333333333333334,0.0,0.0,0.0,0.0,0.9046474958207007,0.2884615384615385,0.0
0.19282169131781374,0.36,0.0,0.0,0.0,0.0,0.915994690955915,0.4722222222222222,0.0
0.275310732746399,0.93,0.0,0.12544802867383514,0.0,0.0,0.7685015926969645,0.3010752688172043,0.1003584229390681
0.1764415897878567,0.18,0.0,0.0,0.0,0.0,0.883304786767456,0.611111111111111,0.0
0.21611146717702379,0.7266666666666667,0.0,0.022935779816513763,0.0,0.0,0.8532247635133574,0.17889908256880735,0.0045871559633027525
0.17207236933871586,0.30666666666666664,0.0,0.0,0.0,0.0,0.8585497803436801,0.3586956521739131,0.043478260869565216
0.17184506042500214,0.19666666666666666,0.0,0.0,0.0,0.0,0.9149760279788348,0.4067796610169492,0.1016949152542373
0.207052120471494,0.6033333333333334,0.0,0.0,0.0,0.0,0.8285046301293043,0.3149171270718232,0.022099447513812154
0.27176123609610864,1.0,0.0,0.01059322033898305,0.0,0.0,0.8034174457068493,0.3241525423728814,0.07415254237288135
0.2867816461539994,1.0,0.0,0.011135857461024499,0.0,0.3333333333333333,0.7115432618369504,0.17706013363028952,0.1291759465478842
0.145470328123811,0.2,0.0,0.0,0.0,0.0,0.9047032812381101,0.25,0.0
0.2148770678458054,0.43,0.0,0.0,0.0,0.3333333333333333,0.8448559497758832,0.27906976744186046,0.046511627906976744
0.2448921874568731,0.6266666666666667,0.0,0.0,0.0,0.3333333333333333,0.8404821582566744,0.2872340425531915,0.047872340425531915
0.2547847765444189,0.25333333333333335,0.0,0.06578947368421052,0.5,0.0,0.8849530286020837,0.4342105263157895,0.0
0.22418415107091919,0.12,0.0,0.0,0.0,0.3333333333333333,0.9785081773758584,0.75,0.0
0.23233054827003796,1.0,0.0,0.0,0.0,0.0,0.564364137922125,0.22317596566523606,0.0357653791130186
0.24940482297236463,0.23333333333333334,0.0,0.07142857142857142,0.5,0.0,0.9154768011522177,0.34285714285714286,0.02857142857142857
0.2181938058369445,0.7533333333333333,0.0,0.0,0.0,0.0,0.7776017751836046,0.23893805309734512,0.035398230088495575
0.2871906403285776,1.0,0.0,0.022988505747126436,0.0,0.0,0.6132857136306036,0.3931034482758621,0.3310344827586207
0.18619195988801177,0.5966666666666667,0.0,0.0,0.0,0.0,0.8160816100533022,0.1005586592178771,0.05027932960893855
0.20362118329925016,0.56,0.0,0.0,0.0,0.0,0.8390689758496446,0.25,0.10714285714285714
0.1608617691956696,0.13,0.0,0.0,0.0,0.0,0.849515127854132,0.3076923076923077,0.2564102564102564
0.2666650452505052,0.07,0.0,0.23809523809523808,0.5,0.0,0.9783171191717186,0.42857142857142855,0.047619047619047616
0.1602992114996443,0.26666666666666666,0.0,0.0,0.0,0.0,0.890492114996443,0.26249999999999996,0.05
0.23729993024995333,0.77,0.0,0.0,0.0,0.0,0.8283889128891437,0.3116883116883117,0.07792207792207792
0.2435447483724534,0.7566666666666667,0.0,0.0,0.0,0.0,0.8114606995835649,0.40969162995594716,0.07929515418502203
0.17551212904267002,0.32,0.0,0.0,0.0,0.0,0.8688712904267002,0.375,0.03125
0.14577664923855638,0.17,0.0,0.0,0.0,0.0,0.9282566884639951,0.23529411764705882,0.0392156862745098
0.17572483468024458,0.3566666666666667,0.0,0.04672897196261682,0.0,0.0,0.8998184402603897,0.16822429906542055,0.08411214953271028
0.135,0.03333333333333333,0.0,0.0,0.0,0.0,1.0,0.30000000000000004,0.0
0.21314623602382352,0.44,0.0,0.0,0.0,0.3333333333333333,0.8729775117533868,0.25,0.015151515151515152
0.30078857215032784,1.0,0.0,0.07575757575757576,0.0,0.0,0.7487948124123697,0.5181818181818182,0.12727272727272726
0.27786923547394143,1.0,0.0,0.0,0.0,0.3333333333333333,0.7434359444830043,0.16346153846153846,0.038461538461538464
0.14169330891087836,0.06333333333333334,0.0,0.0,0.0,0.0,0.9008804575298361,0.3157894736842105,0.10526315789473684
0.3434727649660211,1.0,0.0,0.011933174224343677,0.5,0.0,0.8016727570587787,0.35799522673031026,0.007159904534606206
0.23823754803943764,0.30666666666666664,0.0,0.0,0.0,0.3333333333333333,0.8281725818436516,0.5543478260869565,0.20652173913043478
0.20500679214428963,0.47333333333333333,0.0,0.0,0.0,0.0,0.8330256679217694,0.5070422535211268,0.0
0.21908488668244247,0.43333333333333335,0.0,0.038461538461538464,0.0,0.0,0.7831565591321171,0.5076923076923077,0.19230769230769232
0.20578956847659557,0.6533333333333333,0.0,0.0,0.0,0.0,0.8227936439496293,0.24489795918367346,0.01020408163265306
0.2961622321805423,1.0,0.0,0.010351966873706004,0.0,0.0,0.7918500650766441,0.6149068322981366,0.039337474120082816
0.23046257120465985,0.7466666666666667,0.0,0.0,0.0,0.0,0.8364114263323127,0.3214285714285714,0.026785714285714284
0.27580610659352345,0.9533333333333334,0.0,0.0,0.0,0.3333333333333333,0.7884340263081948,0.1993006993006993,0.006993006993006993
0.21203448940171482,0.5566666666666666,0.0,0.0,0.0,0.0,0.8721712413225378,0.39520958083832336,0.017964071856287425
0.14497824181936847,0.18666666666666668,0.0,0.0,0.0,0.0,0.8662109896222562,0.1607142857142857,0.14285714285714285
0.14321957950392575,0.14666666666666667,0.0,0.0,0.0,0.0,0.9167412495847119,0.20454545454545453,0.09090909090909091
0.3012943117784928,0.5766666666666667,0.0,0.028901734104046242,0.5,0.3333333333333333,0.8420664318504384,0.17341040462427745,0.005780346820809248
0.11105134195787356,0.13666666666666666,0.0,0.0,0.0,0.0,0.9055134195787357,0.0,0.0
0.1275,0.05,0.0,0.0,0.0,0.0,0.9999999999999998,0.2,0.0
0.16598561036341797,0.30333333333333334,0.0,0.0,0.0,0.0,0.8751857739638499,0.23076923076923078,0.0989010989010989
0.21855991469428993,0.4266666666666667,0.0,0.1171875,0.0,0.0,0.6666928969428992,0.3515625,0.3515625
0.2010539702549405,0.5833333333333334,0.0,0.0,0.0,0.0,0.8098254168351191,0.32571428571428573,0.0
0.19026809703788686,0.4033333333333333,0.0,0.0,0.0,0.0,0.8761933670730836,0.371900826446281,0.049586776859504134
0.17120239509315763,0.3433333333333333,0.0,0.0,0.0,0.0,0.8669268635529356,0.3203883495145631,0.009708737864077669
0.2739573948361117,1.0,0.0,0.0,0.0,0.0,0.7716727137932161,0.4185185185185185,0.04938271604938271
0.2931151335351863,1.0,0.0,0.022988505747126436,0.0,0.0,0.7150593813288747,0.5689655172413792,0.11264367816091954
0.2242352267834296,0.68,0.0,0.0,0.0,0.0,0.8105875619519427,0.411764705882353,0.0
0.18385490591357087,0.26,0.0,0.0,0.0,0.0,0.7818823924690422,0.4230769230769231,0.24358974358974358
0.27199985843828295,0.9,0.0,0.0,0.0,0.0,0.8403689547531993,0.4444444444444444,0.08518518518518518
0.14684137298968863,0.16333333333333333,0.0,0.0,0.0,0.0,0.9172912809172944,0.30612244897959184,0.0
0.22930409230769055,0.71,0.0,0.0,0.0,0.0,0.810200547490051,0.3380281690140845,0.07981220657276995
0.19834439232401302,0.25333333333333335,0.0,0.0,0.0,0.0,0.6166018179769723,0.7894736842105263,0.19736842105263158
0.2510789285845049,1.0,0.0,0.0,0.0,0.0,0.7443800194357827,0.2548262548262548,0.011583011583011582
0.1640066916290523,0.19333333333333333,0.0,0.0,0.0,0.0,0.9190324335319022,0.3620689655172414,0.06896551724137931
0.15793324559715852,0.36,0.0,0.0,0.0,0.0,0.9004435670826966,0.1111111111111111,0.027777777777777776
0.21877910236323134,0.6,0.0,0.02777777777777778,0.0,0.0,0.8683465791878685,0.31666666666666665,0.06111111111111111
0.2818938022211915,1.0,0.0,0.0,0.0,0.3333333333333333,0.7835428332084783,0.16082474226804122,0.041237113402061855
0.22527592334707244,0.73,0.0,0.0,0.0,0.0,0.8244259001373908,0.3150684931506849,0.0182648401826484
0.1609300639552541,0.43333333333333335,0.0,0.0,0.0,0.0,0.8669929472448487,0.09230769230769231,0.0
0.199536030615428,0.30666666666666664,0.0,0.0,0.0,0.3333333333333333,0.7998530597774681,0.2608695652173913,0.14130434782608695
0.25713640498631346,1.0,0.0,0.011876484560570073,0.0,0.0,0.8373973040199039,0.2066508313539192,0.009501187648456057
0.1614219921852464,0.21333333333333335,0.0,0.0,0.0,0.0,0.8723449218524638,0.421875,0.0
0.23489323439126963,0.18,0.0,0.18518518518518517,0.0,0.0,0.8567101216904742,0.9444444444444444,0.0
0.17746383020282142,0.27,0.0,0.0,0.0,0.0,0.9128481785714238,0.4444444444444444,0.012345679012345678
0.3304282262263338,1.0,0.0,0.004945598417408506,0.5,0.0,0.7669429942119037,0.255192878338279,0.024727992087042534
0.2927254916368695,1.0,0.0,0.0,0.0,0.0,0.8345497491954426,0.5927051671732523,0.0
0.28520856737152384,1.0,0.0,0.0,0.0,0.3333333333333333,0.7761487900860472,0.23668639053254437,0.005917159763313609
0.13813862707256394,0.22333333333333333,0.0,0.0,0.0,0.0,0.8822071662480273,0.13432835820895522,0.029850746268656716
0.17891277547631265,0.39666666666666667,0.0,0.08403361344537814,0.0,0.0,0.8411865782925384,0.22689075630252098,0.0
0.2565176381013988,0.84,0.0,0.0,0.0,0.0,0.81708114291875,0.47619047619047616,0.011904761904761904
0.17115505939700557,0.26,0.0,0.1282051282051282,0.0,0.0,0.8984736708931326,0.23076923076923078,0.0
0.312898230134281,1.0,0.0,0.017921146953405017,0.0,0.3333333333333333,0.7938568533141361,0.39247311827956993,0.08243727598566308
0.2258980222085033,0.5833333333333334,0.0,0.0,0.0,0.0,0.8696945077993186,0.5142857142857142,0.0
0.133371278669687,0.13333333333333333,0.0,0.0,0.0,0.0,0.88371278669687,0.15000000000000002,0.1
0.26885294163144735,0.8833333333333333,0.0,0.0,0.0,0.0,0.8050388502767376,0.4867924528301887,0.07169811320754717
0.2535135421426775,0.77,0.0,0.021645021645021644,0.0,0.0,0.8281873694787231,0.4545454545454546,0.06493506493506493
0.22401421902671362,0.7766666666666666,0.0,0.0,0.0,0.0,0.8176314606534025,0.23175965665236054,0.02575107296137339
0.1672346144208289,0.06666666666666667,0.0,0.0,0.0,0.0,0.7223461442082889,0.44999999999999996,0.4
0.23090013255983752,0.8833333333333333,0.0,0.0,0.0,0.0,0.8028692501266773,0.12452830188679245,0.05660377358490566
0.19057468904340735,0.25333333333333335,0.0,0.0,0.0,0.0,0.9336416272761787,0.5921052631578947,0.0
0.29944302433651643,1.0,0.0,0.016611295681063124,0.0,0.3333333333333333,0.8305321259786754,0.27906976744186046,0.026578073089700997
0.2015,0.01,0.0,0.0,0.0,0.0,1.0,1.0,0.0
0.11849298031950281,0.12666666666666668,0.0,0.0,0.0,0.0,0.9159824347739755,0.07894736842105263,0.0
0.1698003008544291,0.31666666666666665,0.0,0.0,0.0,0.0,0.823003008544291,0.25263157894736843,0.14736842105263157
0.11840559770744193,0.12,0.0,0.0,0.0,0.0,0.9207226437410859,0.08333333333333333,0.0
0.1537437602753786,0.11333333333333333,0.0,0.0,0.0,0.0,0.9262611321655504,0.3529411764705882,0.08823529411764706
0.1673165433819421,0.39,0.0,0.0,0.0,0.0,0.8488491945031815,0.20512820512820515,0.03418803418803419
0.13686170852029372,0.14,0.0,0.0,0.0,0.0,0.9205218471076991,0.21428571428571427,0.023809523809523808
0.18989968719264627,0.09333333333333334,0.0,0.17857142857142855,0.0,0.0,0.955425443355034,0.5357142857142857,0.0
0.1488329665995668,0.23666666666666666,0.0,0.0,0.0,0.0,0.8657240321928512,0.2112676056338028,0.056338028169014086
0.14998415909588825,0.25666666666666665,0.0,0.0,0.0,0.0,0.8940623701796615,0.1948051948051948,0.025974025974025976
0.20433884763578458,0.5433333333333333,0.0,0.0,0.0,0.0,0.85415534752349,0.36809815950920244,0.006134969325153374
0.18917198963093135,0.30666666666666664,0.0,0.0,0.0,0.0,0.73606772239627,0.3913043478260869,0.30434782608695654
0.15539484573479398,0.14666666666666667,0.0,0.0,0.0,0.0,0.902130275529758,0.3409090909090909,0.09090909090909091
0.14897078636971878,0.17,0.0,0.0,0.0,0.0,0.8033353146775801,0.23529411764705882,0.19607843137254902
0.14509274032174393,0.2,0.0,0.0,0.0,0.0,0.8842607365507724,0.25,0.016666666666666666
0.1409256416337507,0.12666666666666668,0.0,0.0,0.0,0.0,0.9560985216006649,0.23684210526315788,0.02631578947368421
0.11735464747815719,0.11,0.0,0.0,0.0,0.0,0.8873343535694506,0.0,0.12121212121212122
0.1327727272727273,0.03666666666666667,0.0,0.0,0.0,0.0,1.0,0.2727272727272727,0.0
0.14678007514697886,0.19666666666666666,0.0,0.0,0.0,0.0,0.9185634633341953,0.2033898305084746,0.05084745762711865
0.1630994924641564,0.11666666666666667,0.0,0.0,0.0,0.3333333333333333,0.951233019879659,0.17142857142857143,0.0
0.15493478251632234,0.30333333333333334,0.0,0.0,0.0,0.0,0.8855566163720145,0.19780219780219782,0.01098901098901099
0.18051749529204508,0.6033333333333334,0.0,0.0,0.0,0.0,0.8007274391082958,0.08287292817679558,0.016574585635359115
0.26682619061759966,1.0,0.0,0.0,0.0,0.0,0.8044226204617108,0.36160714285714285,0.002232142857142857
0.2752626405427248,1.0,0.0,0.0,0.0,0.3333333333333333,0.7116007644016075,0.16923076923076924,0.038461538461538464
0.2570558146683738,1.0,0.0,0.0,0.0,0.0,0.7792416200730937,0.2857142857142857,0.0056022408963585435
0.16749770431216932,0.09,0.0,0.0,0.0,0.0,0.9844214875661376,0.5555555555555556,0.0
0.2388599746540871,0.7933333333333333,0.0,0.0,0.0,0.0,0.7574232759526354,0.2647058823529412,0.17647058823529413
0.28227181745000907,0.9966666666666667,0.0,0.0,0.0,0.0,0.6186880741656426,0.3511705685618729,0.35785953177257523
0.21579213029338307,0.5666666666666667,0.0,0.0,0.0,0.0,0.8196860088161835,0.4764705882352941,0.011764705882352941
0.18273780109792337,0.36333333333333334,0.0,0.0,0.0,0.0,0.7502679192361144,0.30275229357798167,0.22935779816513763
0.24746070918017268,0.22,0.0,0.0,0.5,0.0,0.9097586069532421,0.4545454545454546,0.030303030303030304
0.34137117362035757,1.0,0.0,0.0,0.0,0.6666666666666666,0.7956734984645898,0.34413965087281795,0.10723192019950124
0.30253014058842786,1.0,0.0,0.0,0.0,0.6666666666666666,0.7176655762220171,0.11233480176211454,0.028634361233480177
0.37510826023125354,1.0,0.0,0.0641025641025641,0.5,0.0,0.8228774741074072,0.5,0.08205128205128205
0.19011695504350148,0.48333333333333334,0.0,0.0,0.0,0.0,0.85892817112467,0.2896551724137931,0.027586206896551724
0.2504758311274855,1.0,0.0,0.005165289256198347,0.0,0.0,0.695357484828574,0.23863636363636365,0.06301652892561983
0.2747018108837171,1.0,0.0,0.0,0.0,0.0,0.805757363851498,0.3954154727793696,0.045845272206303724
0.2845355902939092,1.0,0.0,0.0,0.0,0.0,0.7281145236287472,0.5172413793103449,0.1
0.16171779838675346,0.11666666666666667,0.0,0.14285714285714285,0.0,0.0,0.9136065552961059,0.2571428571428571,0.05714285714285714
0.19057985290235951,0.5766666666666667,0.0,0.0,0.0,0.0,0.8211453498328438,0.20809248554913293,0.011560693641618497
0.16835274489649793,0.3,0.0,0.0,0.0,0.0,0.8557496711872016,0.26666666666666666,0.1111111111111111
0.22873599899115615,0.8333333333333334,0.0,0.02,0.0,0.0,0.8313599899115613,0.156,0.02
0.19729830632148382,0.47333333333333333,0.0,0.0,0.0,0.0,0.8756591195528662,0.38028169014084506,0.007042253521126761
0.2554091145236326,1.0,0.0,0.0,0.0,0.0,0.810670092604747,0.22697368421052633,0.01644736842105263
0.12866767556414543,0.21,0.0,0.0,0.0,0.0,0.8764386604033589,0.09523809523809523,0.0
0.271522647374721,1.0,0.0,0.014492753623188406,0.0,0.0,0.7616032853414129,0.33043478260869563,0.10144927536231885
0.17588666432601158,0.21666666666666667,0.0,0.07692307692307693,0.0,0.0,0.8569435663370385,0.27692307692307694,0.18461538461538463
0.2015241395365098,0.35333333333333333,0.0,0.04716981132075471,0.0,0.3333333333333333,0.8736061752393118,0.169811320754717,0.03773584905660377
0.12084073990415364,0.03666666666666667,0.0,0.0,0.0,0.0,0.7897710354051727,0.0,0.36363636363636365
0.18711904025401768,0.37333333333333335,0.0,0.0,0.0,0.0,0.9183332596830338,0.375,0.017857142857142856
0.24486718430647456,0.9833333333333333,0.0,0.0,0.0,0.0,0.7906209956071182,0.15254237288135594,0.030508474576271188
0.208391872945484,0.58,0.0,0.0,0.0,0.0,0.8346083846272536,0.3448275862068966,0.034482758620689655
0.14521579484783062,0.13666666666666666,0.0,0.0,0.0,0.0,0.9544750216490379,0.29268292682926833,0.0
0.2971817096052443,0.9433333333333334,0.0,0.0,0.0,0.3333333333333333,0.8171233386908412,0.36042402826855124,0.045936395759717315
0.17157325916265664,0.043333333333333335,0.0,0.0,0.0,0.0,0.9584248993188739,0.6923076923076923,0.0
0.26388688464348264,1.0,0.0,0.0,0.0,0.0,0.836166143732124,0.28378378378378377,0.01891891891891892
0.13213103527203418,0.24,0.0,0.0,0.0,0.0,0.6140881304981197,0.08333333333333333,0.2638888888888889
0.3428514515949454,0.6766666666666666,0.0,0.0,0.5,0.3333333333333333,0.8523486703008498,0.4433497536945813,0.034482758620689655
0.15455381355054282,0.21,0.0,0.0,0.0,0.0,0.9289508339181266,0.2857142857142857,0.015873015873015872
0.1531102471918751,0.13,0.0,0.0,0.0,0.0,0.9514870873033663,0.3846153846153846,0.0
0.16586206529539196,0.09,0.0,0.0,0.0,0.0,0.8939910233242899,0.4444444444444444,0.18518518518518517
0.14530245438227235,0.13333333333333333,0.0,0.0,0.0,0.0,0.9530245438227233,0.30000000000000004,0.0
0.18936850830246876,0.27,0.0,0.0,0.0,0.0,0.9084381694444408,0.5555555555555556,0.024691358024691357
0.17649799693895774,0.34,0.0,0.0,0.0,0.0,0.8824309497817344,0.3529411764705882,0.0196078431372549
0.2651166055072241,1.0,0.0,0.05555555555555556,0.0,0.0,0.8067216106277966,0.23333333333333334,0.027777777777777776
0.32525592233025236,1.0,0.0,0.009861932938856016,0.0,0.6666666666666666,0.7791864422374342,0.21893491124260356,0.07297830374753451
0.3536140062910873,0.7966666666666666,0.0,0.0,0.5,0.3333333333333333,0.8101079848076649,0.40167364016736395,0.04602510460251046
0.1417214962690702,0.2733333333333333,0.0,0.0,0.0,0.0,0.8608734992760679,0.14634146341463417,0.0
0.3101769111822557,1.0,0.0,0.010660980810234541,0.0,0.3333333333333333,0.779096759299458,0.371002132196162,0.1023454157782516
0.21934635911343686,0.32,0.0,0.05208333333333333,0.0,0.0,0.9165885911343686,0.71875,0.0
0.28252148787833953,1.0,0.0,0.0,0.0,0.0,0.777022107699058,0.3704819277108434,0.17771084337349397
0.21295448357085528,0.29333333333333333,0.0,0.0,0.0,0.0,0.9395448357085527,0.75,0.0
0.23715766644052824,0.31,0.0,0.0,0.0,0.0,0.7022755891364653,0.8387096774193548,0.3655913978494624
0.20329568669528714,0.5566666666666666,0.0,0.0,0.0,0.0,0.838675429827123,0.3592814371257485,0.0
0.16672563912890648,0.25333333333333335,0.0,0.0,0.0,0.0,0.8793616544469595,0.35526315789473684,0.05263157894736842
0.16609853249417253,0.26666666666666666,0.0,0.0,0.0,0.0,0.8484853249417252,0.3375,0.075
0.22146029148138166,0.7433333333333333,0.0,0.0,0.0,0.0,0.8798719731097807,0.20179372197309417,0.017937219730941704
0.2861237542625639,1.0,0.0,0.0,0.0,0.3333333333333333,0.7986683288936347,0.20930232558139533,0.019933554817275746
0.1780494383144589,0.20666666666666667,0.0,0.0,0.0,0.0,0.9221072863703955,0.532258064516129,0.016129032258064516
0.26438750867805094,1.0,0.0,0.0,0.0,0.0,0.8180911146550738,0.2979094076655052,0.027874564459930314
0.16369467374840457,0.36666666666666664,0.0,0.0,0.0,0.0,0.8414921920295005,0.21818181818181817,0.02727272727272727
0.16637360060798198,0.3,0.0,0.05555555555555556,0.0,0.0,0.8970693394131531,0.2,0.03333333333333333
0.15177968362822436,0.15,0.0,0.0,0.0,0.0,0.9372412807266882,0.3333333333333333,0.022222222222222223
0.26025303532691973,1.0,0.0,0.0,0.0,0.0,0.7789531174968394,0.3121951219512195,0.011382113821138212
0.17514933218992804,0.09666666666666666,0.0,0.0,0.0,0.0,0.9858036667268665,0.6206896551724138,0.0
0.24466398780731957,1.0,0.0,0.05649717514124294,0.0,0.0,0.8053969402200882,0.03389830508474576,0.022598870056497175
0.13287163647530068,0.10333333333333333,0.0,0.0,0.0,0.0,0.9479099131401035,0.0967741935483871,0.12903225806451613
0.14925142594732738,0.16666666666666666,0.0,0.0,0.0,0.0,0.9025142594732737,0.30000000000000004,0.04
0.1944280720389712,0.22333333333333333,0.0,0.0,0.0,0.0,0.8779374368076223,0.6268656716417911,0.1044776119402985
0.2717096526399941,0.8166666666666667,0.0,0.0,0.0,0.0,0.8431169345632062,0.5877551020408163,0.061224489795918366
0.26323739813813474,0.48333333333333334,0.0,0.034482758620689655,0.5,0.0,0.6504774296572094,0.08275862068965517,0.3724137931034483
0.26228765475700183,0.99,0.0,0.0,0.0,0.0,0.8180112277046987,0.30303030303030304,0.016835016835016835
0.22759581965068362,0.6666666666666666,0.0,0.0,0.0,0.0,0.8409581965068362,0.39,0.045
0.16902088783348573,0.19333333333333333,0.0,0.0,0.0,0.3333333333333333,0.9117031312084204,0.15517241379310345,0.0
0.1552024129826577,0.24,0.0,0.0,0.0,0.0,0.90035746315991,0.2916666666666667,0.0
0.24250766713201072,0.6133333333333333,0.0,0.0,0.0,0.0,0.7224679756679336,0.47282608695652173,0.30978260869565216
0.13754055361765793,0.15666666666666668,0.0,0.0,0.0,0.0,0.8850863872404091,0.2553191489361702,0.0
0.21402012743991816,0.44333333333333336,0.0,0.0,0.0,0.3333333333333333,0.8711912493365247,0.24812030075187969,0.022556390977443608
0.14846614964418503,0.24,0.0,0.0,0.0,0.0,0.8885503853307392,0.20833333333333334,0.027777777777777776
0.21054636873337634,0.6166666666666667,0.0,0.02702702702702703,0.0,0.0,0.8318150386851145,0.3081081081081081,0.0
0.17384771013643163,0.30666666666666664,0.0,0.0,0.0,0.0,0.8763031883208383,0.3913043478260869,0.010869565217391304
0.2243512291543925,0.23666666666666666,0.0,0.0,0.0,0.3333333333333333,0.8932071272246764,0.5915492957746479,0.07042253521126761
0.2881794620403073,0.91,0.0,0.0,0.0,0.3333333333333333,0.8134979171063701,0.3076923076923077,0.06227106227106227
0.14774657757345133,0.2733333333333333,0.0,0.0,0.0,0.0,0.9211243123198789,0.14634146341463417,0.0
0.1830468068491884,0.36,0.0,0.0,0.0,0.0,0.6978754758992913,0.3333333333333333,0.25925925925925924
0.18944506788353407,0.3433333333333333,0.0,0.0,0.0,0.0,0.8940137856314572,0.4368932038834951,0.04854368932038835
0.17113556553523337,0.41333333333333333,0.0,0.0,0.0,0.0,0.8574846876103979,0.217741935483871,0.016129032258064516
0.2845640480150688,0.9333333333333333,0.0,0.03571428571428571,0.0,0.0,0.834926194436402,0.5142857142857142,0.04285714285714286
0.4144483809171313,1.0,0.0,0.0,1.0,0.0,0.8375217838548575,0.2848101265822785,0.022151898734177215
0.2937677336937688,1.0,0.0,0.012406947890818858,0.0,0.0,0.8309775850766453,0.5732009925558312,0.01488833746898263
0.15188114275874273,0.23,0.0,0.0,0.0,0.0,0.8694636015004705,0.17391304347826086,0.13043478260869565
0.1465734677128908,0.25333333333333335,0.0,0.0,0.0,0.0,0.9278399402868027,0.15789473684210525,0.0
0.23683024269763145,0.51,0.0,0.032679738562091505,0.0,0.0,0.8614723616168373,0.5882352941176471,0.10457516339869281
0.18955264181004303,0.46,0.0,0.0,0.0,0.0,0.8866858383902854,0.28260869565217395,0.036231884057971016
0.2058681010385354,0.19,0.0,0.2631578947368421,0.0,0.0,0.9578915367011434,0.42105263157894735,0.0
0.18978395637004936,0.22666666666666666,0.0,0.0,0.0,0.0,0.8960748578181403,0.5294117647058824,0.1323529411764706
0.3927575930490697,1.0,0.0,0.0,0.5,0.3333333333333333,0.7395459239675402,0.4344422700587084,0.17025440313111545
0.26028251945215786,0.6,0.0,0.08333333333333333,0.0,0.0,0.8611585278549119,0.7,0.016666666666666666
0.27614760298055974,1.0,0.0,0.0,0.0,0.0,0.7885030568326246,0.47297297297297297,0.0
0.14909607800090147,0.19666666666666666,0.0,0.0,0.0,0.0,0.8908760342463027,0.3050847457627119,0.0
0.20504214255420122,0.47,0.0,0.0,0.0,0.0,0.8205987305065512,0.46808510638297873,0.05673758865248227
0.24087832336651044,0.8833333333333333,0.0,0.0,0.0,0.0,0.7894436110235953,0.21509433962264152,0.07924528301886792
0.15505776847185043,0.09333333333333334,0.0,0.0,0.0,0.0,0.5891491132899327,0.3214285714285714,0.5
0.19689536084324236,0.5166666666666667,0.0,0.0,0.0,0.0,0.8520181245614556,0.3096774193548387,0.03225806451612903
0.1983251166852788,0.43666666666666665,0.0,0.0,0.0,0.3333333333333333,0.8575132533667831,0.11450381679389313,0.022900763358778626
0.2782284701378992,0.30666666666666664,0.0,0.05434782608695652,0.5,0.0,0.7951107883355137,0.4891304347826087,0.20652173913043478
0.14396294729713874,0.14666666666666667,0.0,0.0,0.0,0.0,0.9469022002441145,0.2727272727272727,0.0
0.18342343613518125,0.13333333333333333,0.0,0.0,0.0,0.0,0.9342343613518124,0.6000000000000001,0.1
0.14612116860597787,0.18333333333333332,0.0,0.0,0.0,0.0,0.9134844133325059,0.21818181818181817,0.05454545454545454
0.18866837538880224,0.36,0.0,0.0,0.0,0.0,0.8466837538880224,0.4166666666666667,0.08333333333333333
0.17946042529759637,0.33,0.0,0.0,0.0,0.0,0.8248567782284889,0.36363636363636365,0.1111111111111111
0.12310181288538227,0.20666666666666667,0.0,0.0,0.0,0.0,0.8726310320796291,0.04838709677419355,0.0
0.22939339256196678,0.11333333333333333,0.0,0.14705882352941177,0.5,0.0,0.9768751020902559,0.1764705882352941,0.0
0.1858685201661279,0.43,0.0,0.0,0.0,0.0,0.6865534187155424,0.27906976744186046,0.24806201550387597
0.21052971607253376,0.65,0.0,0.0,0.0,0.0,0.8328612632894403,0.27692307692307694,0.020512820512820513
0.1275170031578566,0.03666666666666667,0.0,0.0,0.0,0.0,0.9474427588512933,0.2727272727272727,0.0
0.2659297067284091,0.6666666666666666,0.0,0.0,0.0,0.0,0.8392970672840908,0.72,0.1
0.20834382745249413,0.55,0.0,0.0,0.0,0.0,0.8099534260400925,0.34545454545454546,0.10303030303030303
0.1788720478252025,0.5233333333333333,0.0,0.0,0.0,0.0,0.8508542362138082,0.15286624203821658,0.0
0.18289215851749993,0.23666666666666666,0.0,0.0,0.0,0.0,0.8682877823580979,0.5492957746478874,0.056338028169014086
0.23857914639891534,0.8566666666666667,0.0,0.0,0.0,0.0,0.8167447713821494,0.25680933852140075,0.027237354085603113
0.2084673345068081,0.32,0.0,0.0,0.0,0.3333333333333333,0.9275900117347478,0.3125,0.03125
0.22157493784032395,0.18666666666666668,0.0,0.0,0.0,0.0,0.7750350926889539,0.9642857142857144,0.19642857142857142
0.22845695777593134,0.6433333333333333,0.0,0.02590673575129534,0.0,0.0,0.6744918575520595,0.27979274611398963,0.32642487046632124
0.186253413673009,0.36333333333333334,0.0,0.0,0.0,0.0,0.7762497330603652,0.3577981651376147,0.1834862385321101
0.3269530020113168,0.45666666666666667,0.0,0.0,1.0,0.0,0.8801504580693719,0.19708029197080293,0.0072992700729927005
0.1716185049737247,0.2866666666666667,0.0,0.05813953488372093,0.0,0.0,0.919905979969805,0.27906976744186046,0.0
0.1823503885177871,0.09666666666666666,0.0,0.1724137931034483,0.0,0.0,0.9716073334537331,0.41379310344827586,0.034482758620689655
0.15710172792544852,0.31666666666666665,0.0,0.0,0.0,0.0,0.8749646476755378,0.15789473684210525,0.06315789473684211
0.21358276099508758,0.4766666666666667,0.0,0.0,0.0,0.0,0.8404080295312957,0.4825174825174825,0.0979020979020979
0.26924083344623034,0.8833333333333333,0.0,0.056603773584905655,0.0,0.0,0.8296724854056996,0.3735849056603774,0.07924528301886792
0.1614153194937347,0.25666666666666665,0.0,0.0,0.0,0.0,0.8655168313009831,0.3116883116883117,0.05194805194805195
0.1957816777276851,0.38666666666666666,0.0,0.0,0.0,0.0,0.8950581565871955,0.4655172413793104,0.017241379310344827
0.16336685073743698,0.21666666666666667,0.0,0.0,0.0,0.0,0.8932838919897542,0.4153846153846154,0.0
0.26359431500284836,1.0,0.0,0.011547344110854504,0.0,0.0,0.7583449976035413,0.32563510392609696,0.03464203233256351
0.2091955668324077,0.07333333333333333,0.0,0.0,0.5,0.0,0.9592283955968041,0.2727272727272727,0.0
0.13534567814422005,0.19333333333333333,0.0,0.0,0.0,0.0,0.8910429883387523,0.15517241379310345,0.017241379310344827
0.2688816095251948,0.8633333333333333,0.0,0.0,0.0,0.3333333333333333,0.7786294800653335,0.2548262548262548,0.02702702702702703
0.14883657136151002,0.20666666666666667,0.0,0.0,0.0,0.0,0.8719141007118745,0.14516129032258063,0.16129032258064516
0.14262590566908745,0.19333333333333333,0.0,0.0,0.0,0.0,0.9293625049667363,0.20689655172413793,0.0
0.21946900272212952,0.59,0.0,0.0,0.0,0.0,0.8690120611196003,0.4067796610169492,0.03389830508474576
0.18453736184672997,0.5633333333333334,0.0,0.0,0.0,0.0,0.7045156303016191,0.21301775147928995,0.08284023668639054
0.17938632257835574,0.05,0.0,0.0,0.0,0.0,0.9188632257835573,0.8,0.0
0.1605419944140581,0.10333333333333333,0.0,0.0,0.0,0.0,0.8697747828502581,0.5806451612903225,0.0
0.20100997229206455,0.66,0.0,0.0,0.0,0.0,0.8382815411024636,0.18181818181818182,0.0
0.19863803665569707,0.5,0.0,0.03333333333333333,0.0,0.0,0.8863803665569706,0.30000000000000004,0.0
0.1290439256771595,0.14666666666666667,0.0,0.0,0.0,0.0,0.888621074953413,0.13636363636363635,0.045454545454545456
0.3767192734014681,0.8866666666666667,0.0,0.0,0.5,0.3333333333333333,0.8801751901550317,0.47368421052631576,0.0
0.16866463287417735,0.37,0.0,0.0,0.0,0.0,0.816331013426458,0.2972972972972973,0.018018018018018018
0.14274518795708666,0.11,0.0,0.0,0.0,0.0,0.9594215765405636,0.2727272727272727,0.030303030303030304
0.14531090342822392,0.17333333333333334,0.0,0.0,0.0,0.0,0.9046474958207007,0.2884615384615385,0.0
0.19282169131781374,0.36,0.0,0.0,0.0,0.0,0.915994690955915,0.4722222222222222,0.0
0.275310732746399,0.93,0.0,0.12544802867383514,0.0,0.0,0.7685015926969645,0.3010752688172043,0.1003584229390681
0.1764415897878567,0.18,0.0,0.0,0.0,0.0,0.883304786767456,0.611111111111111,0.0
0.21611146717702379,0.7266666666666667,0.0,0.022935779816513763,0.0,0.0,0.8532247635133574,0.17889908256880735,0.0045871559633027525
0.17207236933871586,0.30666666666666664,0.0,0.0,0.0,0.0,0.8585497803436801,0.3586956521739131,0.043478260869565216
0.17184506042500214,0.19666666666666666,0.0,0.0,0.0,0.0,0.9149760279788348,0.4067796610169492,0.1016949152542373
0.207052120471494,0.6033333333333334,0.0,0.0,0.0,0.0,0.8285046301293043,0.3149171270718232,0.022099447513812154
0.27176123609610864,1.0,0.0,0.01059322033898305,0.0,0.0,0.8034174457068493,0.3241525423728814,0.07415254237288135
0.2867816461539994,1.0,0.0,0.011135857461024499,0.0,0.3333333333333333,0.7115432618369504,0.17706013363028952,0.1291759465478842
0.145470328123811,0.2,0.0,0.0,0.0,0.0,0.9047032812381101,0.25,0.0
0.2148770678458054,0.43,0.0,0.0,0.0,0.3333333333333333,0.8448559497758832,0.27906976744186046,0.046511627906976744
0.2448921874568731,0.6266666666666667,0.0,0.0,0.0,0.3333333333333333,0.8404821582566744,0.2872340425531915,0.047872340425531915
0.2547847765444189,0.25333333333333335,0.0,0.06578947368421052,0.5,0.0,0.8849530286020837,0.4342105263157895,0.0
0.22418415107091919,0.12,0.0,0.0,0.0,0.3333333333333333,0.9785081773758584,0.75,0.0
0.23233054827003796,1.0,0.0,0.0,0.0,0.0,0.564364137922125,0.22317596566523606,0.0357653791130186
0.24940482297236463,0.23333333333333334,0.0,0.07142857142857142,0.5,0.0,0.9154768011522177,0.34285714285714286,0.02857142857142857
0.2181938058369445,0.7533333333333333,0.0,0.0,0.0,0.0,0.7776017751836046,0.23893805309734512,0.035398230088495575
0.2871906403285776,1.0,0.0,0.022988505747126436,0.0,0.0,0.6132857136306036,0.3931034482758621,0.3310344827586207
0.18619195988801177,0.5966666666666667,0.0,0.0,0.0,0.0,0.8160816100533022,0.1005586592178771,0.05027932960893855
0.20362118329925016,0.56,0.0,0.0,0.0,0.0,0.8390689758496446,0.25,0.10714285714285714
0.1608617691956696,0.13,0.0,0.0,0.0,0.0,0.849515127854132,0.3076923076923077,0.2564102564102564
0.2666650452505052,0.07,0.0,0.23809523809523808,0.5,0.0,0.9783171191717186,0.42857142857142855,0.047619047619047616
0.1602992114996443,0.26666666666666666,0.0,0.0,0.0,0.0,0.890492114996443,0.26249999999999996,0.05
0.23729993024995333,0.77,0.0,0.0,0.0,0.0,0.8283889128891437,0.3116883116883117,0.07792207792207792
0.2435447483724534,0.7566666666666667,0.0,0.0,0.0,0.0,0.8114606995835649,0.40969162995594716,0.07929515418502203
0.17551212904267002,0.32,0.0,0.0,0.0,0.0,0.8688712904267002,0.375,0.03125
0.14577664923855638,0.17,0.0,0.0,0.0,0.0,0.9282566884639951,0.23529411764705882,0.0392156862745098
0.17572483468024458,0.3566666666666667,0.0,0.04672897196261682,0.0,0.0,0.8998184402603897,0.16822429906542055,0.08411214953271028
0.135,0.03333333333333333,0.0,0.0,0.0,0.0,1.0,0.30000000000000004,0.0
0.21314623602382352,0.44,0.0,0.0,0.0,0.3333333333333333,0.8729775117533868,0.25,0.015151515151515152
0.30078857215032784,1.0,0.0,0.07575757575757576,0.0,0.0,0.7487948124123697,0.5181818181818182,0.12727272727272726
0.27786923547394143,1.0,0.0,0.0,0.0,0.3333333333333333,0.7434359444830043,0.16346153846153846,0.038461538461538464
0.14169330891087836,0.06333333333333334,0.0,0.0,0.0,0.0,0.9008804575298361,0.3157894736842105,0.10526315789473684
0.3434727649660211,1.0,0.0,0.011933174224343677,0.5,0.0,0.8016727570587787,0.35799522673031026,0.007159904534606206
0.23823754803943764,0.30666666666666664,0.0,0.0,0.0,0.3333333333333333,0.8281725818436516,0.5543478260869565,0.20652173913043478
0.20500679214428963,0.47333333333333333,0.0,0.0,0.0,0.0,0.8330256679217694,0.5070422535211268,0.0
0.21908488668244247,0.43333333333333335,0.0,0.038461538461538464,0.0,0.0,0.7831565591321171,0.5076923076923077,0.19230769230769232
0.20578956847659557,0.6533333333333333,0.0,0.0,0.0,0.0,0.8227936439496293,0.24489795918367346,0.01020408163265306
0.2961622321805423,1.0,0.0,0.010351966873706004,0.0,0.0,0.7918500650766441,0.6149068322981366,0.039337474120082816
0.23046257120465985,0.7466666666666667,0.0,0.0,0.0,0.0,0.8364114263323127,0.3214285714285714,0.026785714285714284
0.27580610659352345,0.9533333333333334,0.0,0.0,0.0,0.3333333333333333,0.7884340263081948,0.1993006993006993,0.006993006993006993
0.21203448940171482,0.5566666666666666,0.0,0.0,0.0,0.0,0.8721712413225378,0.39520958083832336,0.017964071856287425
0.14497824181936847,0.18666666666666668,0.0,0.0,0.0,0.0,0.8662109896222562,0.1607142857142857,0.14285714285714285
0.14321957950392575,0.14666666666666667,0.0,0.0,0.0,0.0,0.9167412495847119,0.20454545454545453,0.09090909090909091
0.3012943117784928,0.5766666666666667,0.0,0.028901734104046242,0.5,0.3333333333333333,0.8420664318504384,0.17341040462427745,0.005780346820809248
0.11105134195787356,0.13666666666666666,0.0,0.0,0.0,0.0,0.9055134195787357,0.0,0.0
0.1275,0.05,0.0,0.0,0.0,0.0,0.9999999999999998,0.2,0.0
0.16598561036341797,0.30333333333333334,0.0,0.0,0.0,0.0,0.8751857739638499,0.23076923076923078,0.0989010989010989
0.21855991469428993,0.4266666666666667,0.0,0.1171875,0.0,0.0,0.6666928969428992,0.3515625,0.3515625
0.2010539702549405,0.5833333333333334,0.0,0.0,0.0,0.0,0.8098254168351191,0.32571428571428573,0.0
0.19026809703788686,0.4033333333333333,0.0,0.0,0.0,0.0,0.8761933670730836,0.371900826446281,0.049586776859504134
0.17120239509315763,0.3433333333333333,0.0,0.0,0.0,0.0,0.8669268635529356,0.3203883495145631,0.009708737864077669
0.2739573948361117,1.0,0.0,0.0,0.0,0.0,0.7716727137932161,0.4185185185185185,0.04938271604938271
0.2931151335351863,1.0,0.0,0.022988505747126436,0.0,0.0,0.7150593813288747,0.5689655172413792,0.11264367816091954
0.2242352267834296,0.68,0.0,0.0,0.0,0.0,0.8105875619519427,0.411764705882353,0.0
0.18385490591357087,0.26,0.0,0.0,0.0,0.0,0.7818823924690422,0.4230769230769231,0.24358974358974358
0.27199985843828295,0.9,0.0,0.0,0.0,0.0,0.8403689547531993,0.4444444444444444,0.08518518518518518
0.14684137298968863,0.16333333333333333,0.0,0.0,0.0,0.0,0.9172912809172944,0.30612244897959184,0.0
0.22930409230769055,0.71,0.0,0.0,0.0,0.0,0.810200547490051,0.3380281690140845,0.07981220657276995
0.19834439232401302,0.25333333333333335,0.0,0.0,0.0,0.0,0.6166018179769723,0.7894736842105263,0.19736842105263158
0.2510789285845049,1.0,0.0,0.0,0.0,0.0,0.7443800194357827,0.2548262548262548,0.011583011583011582
0.1640066916290523,0.19333333333333333,0.0,0.0,0.0,0.0,0.9190324335319022,0.3620689655172414,0.06896551724137931
0.15793324559715852,0.36,0.0,0.0,0.0,0.0,0.9004435670826966,0.1111111111111111,0.027777777777777776
0.21877910236323134,0.6,0.0,0.02777777777777778,0.0,0.0,0.8683465791878685,0.31666666666666665,0.06111111111111111
0.2818938022211915,1.0,0.0,0.0,0.0,0.3333333333333333,0.7835428332084783,0.16082474226804122,0.041237113402061855
0.22527592334707244,0.73,0.0,0.0,0.0,0.0,0.8244259001373908,0.3150684931506849,0.0182648401826484
0.1609300639552541,0.43333333333333335,0.0,0.0,0.0,0.0,0.8669929472448487,0.09230769230769231,0.0
0.199536030615428,0.30666666666666664,0.0,0.0,0.0,0.3333333333333333,0.7998530597774681,0.2608695652173913,0.14130434782608695
0.25713640498631346,1.0,0.0,0.011876484560570073,0.0,0.0,0.8373973040199039,0.2066508313539192,0.009501187648456057
0.1614219921852464,0.21333333333333335,0.0,0.0,0.0,0.0,0.8723449218524638,0.421875,0.0
0.23489323439126963,0.18,0.0,0.18518518518518517,0.0,0.0,0.8567101216904742,0.9444444444444444,0.0
0.17746383020282142,0.27,0.0,0.0,0.0,0.0,0.9128481785714238,0.4444444444444444,0.012345679012345678
0.3304282262263338,1.0,0.0,0.004945598417408506,0.5,0.0,0.7669429942119037,0.255192878338279,0.024727992087042534
0.2927254916368695,1.0,0.0,0.0,0.0,0.0,0.8345497491954426,0.5927051671732523,0.0
0.28520856737152384,1.0,0.0,0.0,0.0,0.3333333333333333,0.7761487900860472,0.23668639053254437,0.005917159763313609
0.13813862707256394,0.22333333333333333,0.0,0.0,0.0,0.0,0.8822071662480273,0.13432835820895522,0.029850746268656716
0.17891277547631265,0.39666666666666667,0.0,0.08403361344537814,0.0,0.0,0.8411865782925384,0.22689075630252098,0.0
0.2565176381013988,0.84,0.0,0.0,0.0,0.0,0.81708114291875,0.47619047619047616,0.011904761904761904
0.17115505939700557,0.26,0.0,0.1282051282051282,0.0,0.0,0.8984736708931326,0.23076923076923078,0.0
0.312898230134281,1.0,0.0,0.017921146953405017,0.0,0.3333333333333333,0.7938568533141361,0.39247311827956993,0.08243727598566308
0.2258980222085033,0.5833333333333334,0.0,0.0,0.0,0.0,0.8696945077993186,0.5142857142857142,0.0
0.133371278669687,0.13333333333333333,0.0,0.0,0.0,0.0,0.88371278669687,0.15000000000000002,0.1
0.26885294163144735,0.8833333333333333,0.0,0.0,0.0,0.0,0.8050388502767376,0.4867924528301887,0.07169811320754717
0.2535135421426775,0.77,0.0,0.021645021645021644,0.0,0.0,0.8281873694787231,0.4545454545454546,0.06493506493506493
0.22401421902671362,0.7766666666666666,0.0,0.0,0.0,0.0,0.8176314606534025,0.23175965665236054,0.02575107296137339
0.1672346144208289,0.06666666666666667,0.0,0.0,0.0,0.0,0.7223461442082889,0.44999999999999996,0.4
0.23090013255983752,0.8833333333333333,0.0,0.0,0.0,0.0,0.8028692501266773,0.12452830188679245,0.05660377358490566
0.19057468904340735,0.25333333333333335,0.0,0.0,0.0,0.0,0.9336416272761787,0.5921052631578947,0.0
0.29944302433651643,1.0,0.0,0.016611295681063124,0.0,0.3333333333333333,0.8305321259786754,0.27906976744186046,0.026578073089700997
0.2015,0.01,0.0,0.0,0.0,0.0,1.0,1.0,0.0
0.11849298031950281,0.12666666666666668,0.0,0.0,0.0,0.0,0.9159824347739755,0.07894736842105263,0.0
0.1698003008544291,0.31666666666666665,0.0,0.0,0.0,0.0,0.823003008544291,0.25263157894736843,0.14736842105263157
0.11840559770744193,0.12,0.0,0.0,0.0,0.0,0.9207226437410859,0.08333333333333333,0.0
0.1537437602753786,0.11333333333333333,0.0,0.0,0.0,0.0,0.9262611321655504,0.3529411764705882,0.08823529411764706
0.1673165433819421,0.39,0.0,0.0,0.0,0.0,0.8488491945031815,0.20512820512820515,0.03418803418803419
0.13686170852029372,0.14,0.0,0.0,0.0,0.0,0.9205218471076991,0.21428571428571427,0.023809523809523808
0.18989968719264627,0.09333333333333334,0.0,0.17857142857142855,0.0,0.0,0.955425443355034,0.5357142857142857,0.0
0.1488329665995668,0.23666666666666666,0.0,0.0,0.0,0.0,0.8657240321928512,0.2112676056338028,0.056338028169014086
0.14998415909588825,0.25666666666666665,0.0,0.0,0.0,0.0,0.8940623701796615,0.1948051948051948,0.025974025974025976
0.20433884763578458,0.5433333333333333,0.0,0.0,0.0,0.0,0.85415534752349,0.36809815950920244,0.006134969325153374
0.18917198963093135,0.30666666666666664,0.0,0.0,0.0,0.0,0.73606772239627,0.3913043478260869,0.30434782608695654
0.15539484573479398,0.14666666666666667,0.0,0.0,0.0,0.0,0.902130275529758,0.3409090909090909,0.09090909090909091
0.14897078636971878,0.17,0.0,0.0,0.0,0.0,0.8033353146775801,0.23529411764705882,0.19607843137254902
0.14509274032174393,0.2,0.0,0.0,0.0,0.0,0.8842607365507724,0.25,0.016666666666666666
0.1409256416337507,0.12666666666666668,0.0,0.0,0.0,0.0,0.9560985216006649,0.23684210526315788,0.02631578947368421
0.11735464747815719,0.11,0.0,0.0,0.0,0.0,0.8873343535694506,0.0,0.12121212121212122
0.1327727272727273,0.03666666666666667,0.0,0.0,0.0,0.0,1.0,0.2727272727272727,0.0
0.14678007514697886,0.19666666666666666,0.0,0.0,0.0,0.0,0.9185634633341953,0.2033898305084746,0.05084745762711865
0.1630994924641564,0.11666666666666667,0.0,0.0,0.0,0.3333333333333333,0.951233019879659,0.17142857142857143,0.0
0.15493478251632234,0.30333333333333334,0.0,0.0,0.0,0.0,0.8855566163720145,0.19780219780219782,0.01098901098901099
0.18051749529204508,0.6033333333333334,0.0,0.0,0.0,0.0,0.8007274391082958,0.08287292817679558,0.016574585635359115
0.26682619061759966,1.0,0.0,0.0,0.0,0.0,0.8044226204617108,0.36160714285714285,0.002232142857142857
0.2752626405427248,1.0,0.0,0.0,0.0,0.3333333333333333,0.7116007644016075,0.16923076923076924,0.038461538461538464
0.2570558146683738,1.0,0.0,0.0,0.0,0.0,0.7792416200730937,0.2857142857142857,0.0056022408963585435
0.16749770431216932,0.09,0.0,0.0,0.0,0.0,0.9844214875661376,0.5555555555555556,0.0
0.2388599746540871,0.7933333333333333,0.0,0.0,0.0,0.0,0.7574232759526354,0.2647058823529412,0.17647058823529413
0.28227181745000907,0.9966666666666667,0.0,0.0,0.0,0.0,0.6186880741656426,0.3511705685618729,0.35785953177257523
0.21579213029338307,0.5666666666666667,0.0,0.0,0.0,0.0,0.8196860088161835,0.4764705882352941,0.011764705882352941
0.18273780109792337,0.36333333333333334,0.0,0.0,0.0,0.0,0.7502679192361144,0.30275229357798167,0.22935779816513763
0.24746070918017268,0.22,0.0,0.0,0.5,0.0,0.9097586069532421,0.4545454545454546,0.030303030303030304
0.34137117362035757,1.0,0.0,0.0,0.0,0.6666666666666666,0.7956734984645898,0.34413965087281795,0.10723192019950124
0.30253014058842786,1.0,0.0,0.0,0.0,0.6666666666666666,0.7176655762220171,0.11233480176211454,0.028634361233480177
0.37510826023125354,1.0,0.0,0.0641025641025641,0.5,0.0,0.8228774741074072,0.5,0.08205128205128205
0.19011695504350148,0.48333333333333334,0.0,0.0,0.0,0.0,0.85892817112467,0.2896551724137931,0.027586206896551724
0.2504758311274855,1.0,0.0,0.005165289256198347,0.0,0.0,0.695357484828574,0.23863636363636365,0.06301652892561983
0.2747018108837171,1.0,0.0,0.0,0.0,0.0,0.805757363851498,0.3954154727793696,0.045845272206303724
0.2845355902939092,1.0,0.0,0.0,0.0,0.0,0.7281145236287472,0.5172413793103449,0.1
0.16171779838675346,0.11666666666666667,0.0,0.14285714285714285,0.0,0.0,0.9136065552961059,0.2571428571428571,0.05714285714285714
0.19057985290235951,0.5766666666666667,0.0,0.0,0.0,0.0,0.8211453498328438,0.20809248554913293,0.011560693641618497
0.16835274489649793,0.3,0.0,0.0,0.0,0.0,0.8557496711872016,0.26666666666666666,0.1111111111111111
0.22873599899115615,0.8333333333333334,0.0,0.02,0.0,0.0,0.8313599899115613,0.156,0.02
0.19729830632148382,0.47333333333333333,0.0,0.0,0.0,0.0,0.8756591195528662,0.38028169014084506,0.007042253521126761
0.2554091145236326,1.0,0.0,0.0,0.0,0.0,0.810670092604747,0.22697368421052633,0.01644736842105263
0.12866767556414543,0.21,0.0,0.0,0.0,0.0,0.8764386604033589,0.09523809523809523,0.0
0.271522647374721,1.0,0.0,0.014492753623188406,0.0,0.0,0.7616032853414129,0.33043478260869563,0.10144927536231885
0.17588666432601158,0.21666666666666667,0.0,0.07692307692307693,0.0,0.0,0.8569435663370385,0.27692307692307694,0.18461538461538463
0.2015241395365098,0.35333333333333333,0.0,0.04716981132075471,0.0,0.3333333333333333,0.8736061752393118,0.169811320754717,0.03773584905660377
0.12084073990415364,0.03666666666666667,0.0,0.0,0.0,0.0,0.7897710354051727,0.0,0.36363636363636365
0.18711904025401768,0.37333333333333335,0.0,0.0,0.0,0.0,0.9183332596830338,0.375,0.017857142857142856
0.24486718430647456,0.9833333333333333,0.0,0.0,0.0,0.0,0.7906209956071182,0.15254237288135594,0.030508474576271188
0.208391872945484,0.58,0.0,0.0,0.0,0.0,0.8346083846272536,0.3448275862068966,0.034482758620689655
0.14521579484783062,0.13666666666666666,0.0,0.0,0.0,0.0,0.9544750216490379,0.29268292682926833,0.0
0.2971817096052443,0.9433333333333334,0.0,0.0,0.0,0.3333333333333333,0.8171233386908412,0.36042402826855124,0.045936395759717315
0.17157325916265664,0.043333333333333335,0.0,0.0,0.0,0.0,0.9584248993188739,0.6923076923076923,0.0
0.26388688464348264,1.0,0.0,0.0,0.0,0.0,0.836166143732124,0.28378378378378377,0.01891891891891892
0.13213103527203418,0.24,0.0,0.0,0.0,0.0,0.6140881304981197,0.08333333333333333,0.2638888888888889
0.3428514515949454,0.6766666666666666,0.0,0.0,0.5,0.3333333333333333,0.8523486703008498,0.4433497536945813,0.034482758620689655
0.15455381355054282,0.21,0.0,0.0,0.0,0.0,0.9289508339181266,0.2857142857142857,0.015873015873015872
0.1531102471918751,0.13,0.0,0.0,0.0,0.0,0.9514870873033663,0.3846153846153846,0.0
0.16586206529539196,0.09,0.0,0.0,0.0,0.0,0.8939910233242899,0.4444444444444444,0.18518518518518517
0.14530245438227235,0.13333333333333333,0.0,0.0,0.0,0.0,0.9530245438227233,0.30000000000000004,0.0
0.18936850830246876,0.27,0.0,0.0,0.0,0.0,0.9084381694444408,0.5555555555555556,0.024691358024691357
0.17649799693895774,0.34,0.0,0.0,0.0,0.0,0.8824309497817344,0.3529411764705882,0.0196078431372549
0.2651166055072241,1.0,0.0,0.05555555555555556,0.0,0.0,0.8067216106277966,0.23333333333333334,0.027777777777777776
0.32525592233025236,1.0,0.0,0.009861932938856016,0.0,0.6666666666666666,0.7791864422374342,0.21893491124260356,0.07297830374753451
0.3536140062910873,0.7966666666666666,0.0,0.0,0.5,0.3333333333333333,0.8101079848076649,0.40167364016736395,0.04602510460251046
0.1417214962690702,0.2733333333333333,0.0,0.0,0.0,0.0,0.8608734992760679,0.14634146341463417,0.0
0.3101769111822557,1.0,0.0,0.010660980810234541,0.0,0.3333333333333333,0.779096759299458,0.371002132196162,0.1023454157782516
0.21934635911343686,0.32,0.0,0.05208333333333333,0.0,0.0,0.9165885911343686,0.71875,0.0
0.28252148787833953,1.0,0.0,0.0,0.0,0.0,0.777022107699058,0.3704819277108434,0.17771084337349397
0.21295448357085528,0.29333333333333333,0.0,0.0,0.0,0.0,0.9395448357085527,0.75,0.0
0.23715766644052824,0.31,0.0,0.0,0.0,0.0,0.7022755891364653,0.8387096774193548,0.3655913978494624
0.20329568669528714,0.5566666666666666,0.0,0.0,0.0,0.0,0.838675429827123,0.3592814371257485,0.0
0.16672563912890648,0.25333333333333335,0.0,0.0,0.0,0.0,0.8793616544469595,0.35526315789473684,0.05263157894736842
0.16609853249417253,0.26666666666666666,0.0,0.0,0.0,0.0,0.8484853249417252,0.3375,0.075
0.22146029148138166,0.7433333333333333,0.0,0.0,0.0,0.0,0.8798719731097807,0.20179372197309417,0.017937219730941704
0.2861237542625639,1.0,0.0,0.0,0.0,0.3333333333333333,0.7986683288936347,0.20930232558139533,0.019933554817275746
0.1780494383144589,0.20666666666666667,0.0,0.0,0.0,0.0,0.9221072863703955,0.532258064516129,0.016129032258064516
0.26438750867805094,1.0,0.0,0.0,0.0,0.0,0.8180911146550738,0.2979094076655052,0.027874564459930314
0.16369467374840457,0.36666666666666664,0.0,0.0,0.0,0.0,0.8414921920295005,0.21818181818181817,0.02727272727272727
0.16637360060798198,0.3,0.0,0.05555555555555556,0.0,0.0,0.8970693394131531,0.2,0.03333333333333333
0.15177968362822436,0.15,0.0,0.0,0.0,0.0,0.9372412807266882,0.3333333333333333,0.022222222222222223
0.26025303532691973,1.0,0.0,0.0,0.0,0.0,0.7789531174968394,0.3121951219512195,0.011382113821138212
0.17514933218992804,0.09666666666666666,0.0,0.0,0.0,0.0,0.9858036667268665,0.6206896551724138,0.0
0.24466398780731957,1.0,0.0,0.05649717514124294,0.0,0.0,0.8053969402200882,0.03389830508474576,0.022598870056497175
0.13287163647530068,0.10333333333333333,0.0,0.0,0.0,0.0,0.9479099131401035,0.0967741935483871,0.12903225806451613
0.14925142594732738,0.16666666666666666,0.0,0.0,0.0,0.0,0.9025142594732737,0.30000000000000004,0.04
0.1944280720389712,0.22333333333333333,0.0,0.0,0.0,0.0,0.8779374368076223,0.6268656716417911,0.1044776119402985
0.2717096526399941,0.8166666666666667,0.0,0.0,0.0,0.0,0.8431169345632062,0.5877551020408163,0.061224489795918366
0.26323739813813474,0.48333333333333334,0.0,0.034482758620689655,0.5,0.0,0.6504774296572094,0.08275862068965517,0.3724137931034483
0.26228765475700183,0.99,0.0,0.0,0.0,0.0,0.8180112277046987,0.30303030303030304,0.016835016835016835
0.22759581965068362,0.6666666666666666,0.0,0.0,0.0,0.0,0.8409581965068362,0.39,0.045
0.16902088783348573,0.19333333333333333,0.0,0.0,0.0,0.3333333333333333,0.9117031312084204,0.15517241379310345,0.0
0.1552024129826577,0.24,0.0,0.0,0.0,0.0,0.90035746315991,0.2916666666666667,0.0
0.24250766713201072,0.6133333333333333,0.0,0.0,0.0,0.0,0.7224679756679336,0.47282608695652173,0.30978260869565216
0.13754055361765793,0.15666666666666668,0.0,0.0,0.0,0.0,0.8850863872404091,0.2553191489361702,0.0
0.21402012743991816,0.44333333333333336,0.0,0.0,0.0,0.3333333333333333,0.8711912493365247,0.24812030075187969,0.022556390977443608
0.14846614964418503,0.24,0.0,0.0,0.0,0.0,0.8885503853307392,0.20833333333333334,0.027777777777777776
0.21054636873337634,0.6166666666666667,0.0,0.02702702702702703,0.0,0.0,0.8318150386851145,0.3081081081081081,0.0
0.17384771013643163,0.30666666666666664,0.0,0.0,0.0,0.0,0.8763031883208383,0.3913043478260869,0.010869565217391304
0.2243512291543925,0.23666666666666666,0.0,0.0,0.0,0.3333333333333333,0.8932071272246764,0.5915492957746479,0.07042253521126761
0.2881794620403073,0.91,0.0,0.0,0.0,0.3333333333333333,0.8134979171063701,0.3076923076923077,0.06227106227106227
0.14774657757345133,0.2733333333333333,0.0,0.0,0.0,0.0,0.9211243123198789,0.14634146341463417,0.0
0.1830468068491884,0.36,0.0,0.0,0.0,0.0,0.6978754758992913,0.3333333333333333,0.25925925925925924
0.18944506788353407,0.3433333333333333,0.0,0.0,0.0,0.0,0.8940137856314572,0.4368932038834951,0.04854368932038835
0.17113556553523337,0.41333333333333333,0.0,0.0,0.0,0.0,0.8574846876103979,0.217741935483871,0.016129032258064516
0.2845640480150688,0.9333333333333333,0.0,0.03571428571428571,0.0,0.0,0.834926194436402,0.5142857142857142,0.04285714285714286
0.4144483809171313,1.0,0.0,0.0,1.0,0.0,0.8375217838548575,0.2848101265822785,0.022151898734177215
0.2937677336937688,1.0,0.0,0.012406947890818858,0.0,0.0,0.8309775850766453,0.5732009925558312,0.01488833746898263
0.15188114275874273,0.23,0.0,0.0,0.0,0.0,0.8694636015004705,0.17391304347826086,0.13043478260869565
0.1465734677128908,0.25333333333333335,0.0,0.0,0.0,0.0,0.9278399402868027,0.15789473684210525,0.0
0.23683024269763145,0.51,0.0,0.032679738562091505,0.0,0.0,0.8614723616168373,0.5882352941176471,0.10457516339869281
0.18955264181004303,0.46,0.0,0.0,0.0,0.0,0.8866858383902854,0.28260869565217395,0.036231884057971016
0.2058681010385354,0.19,0.0,0.2631578947368421,0.0,0.0,0.9578915367011434,0.42105263157894735,0.0
0.18978395637004936,0.22666666666666666,0.0,0.0,0.0,0.0,0.8960748578181403,0.5294117647058824,0.1323529411764706
0.3927575930490697,1.0,0.0,0.0,0.5,0.3333333333333333,0.7395459239675402,0.4344422700587084,0.17025440313111545
0.26028251945215786,0.6,0.0,0.08333333333333333,0.0,0.0,0.8611585278549119,0.7,0.016666666666666666
0.27614760298055974,1.0,0.0,0.0,0.0,0.0,0.7885030568326246,0.47297297297297297,0.0
0.14909607800090147,0.19666666666666666,0.0,0.0,0.0,0.0,0.8908760342463027,0.3050847457627119,0.0
0.2836399360390442,1.0,0.0,0.036458333333333336,0.0,0.0,0.7681701937237755,0.5031249999999999,0.010416666666666666
0.3162508340073655,0.5733333333333334,0.0,0.05813953488372093,0.5,0.0,0.8548339214690038,0.5581395348837209,0.05232558139534884
0.1792424106538221,0.24,0.0,0.0,0.0,0.0,0.8907574398715542,0.5,0.041666666666666664
0.2427518184670167,0.8066666666666666,0.0,0.0,0.0,0.0,0.8084272755792583,0.371900826446281,0.0371900826446281
0.2917452954182535,1.0,0.0,0.0,0.0,0.0,0.8251910494206305,0.5803571428571429,0.011904761904761904
0.25229931731878075,0.63,0.0,0.0,0.0,0.3333333333333333,0.8372524324470667,0.3492063492063492,0.0582010582010582
0.16328656881882028,0.08666666666666667,0.0,0.19230769230769232,0.0,0.0,0.9836349189574335,0.23076923076923078,0.0
0.2020551134018146,0.62,0.0,0.0,0.0,0.0,0.848615650147178,0.16129032258064516,0.08064516129032258
0.14420898919536487,0.19,0.0,0.0,0.0,0.0,0.7535811200238243,0.21052631578947367,0.19298245614035087
0.18541150290502445,0.45666666666666667,0.0,0.0,0.0,0.0,0.8625456859845508,0.30656934306569344,0.0
0.1915704702899247,0.04,0.0,0.41666666666666663,0.0,0.0,0.8140380362325801,0.0,0.4166666666666667
0.1502439900262903,0.19,0.0,0.0,0.0,0.0,0.8665627072804465,0.3157894736842105,0.03508771929824561
0.17799415060924417,0.26,0.0,0.0641025641025641,0.0,0.0,0.9091722753232113,0.34615384615384615,0.038461538461538464
0.3207019626882599,0.6466666666666666,0.0,0.05154639175257732,0.5,0.0,0.8323804516248666,0.4948453608247423,0.08247422680412371
0.1934100635439664,0.5633333333333334,0.0,0.0,0.0,0.0,0.8228284460905514,0.23076923076923078,0.03550295857988166
0.23820034894401812,0.7666666666666667,0.0,0.0,0.0,0.0,0.8406991416140942,0.3913043478260869,0.0
0.4136376811987863,1.0,0.0,0.05405405405405406,1.0,0.0,0.7661065417175926,0.2554054054054054,0.033783783783783786
0.19387445770496542,0.39,0.0,0.1282051282051282,0.0,0.0,0.8537445770496543,0.28205128205128205,0.02564102564102564
0.17213392261821253,0.14,0.0,0.11904761904761904,0.0,0.0,0.8327677976106966,0.3571428571428571,0.14285714285714285
0.1472652916268981,0.18666666666666668,0.0,0.0,0.0,0.0,0.9069386305546953,0.21428571428571427,0.07142857142857142
0.1429818641969042,0.19333333333333333,0.0,0.0,0.0,0.0,0.8811979523138694,0.25862068965517243,0.0
0.27816898710910626,1.0,0.0,0.0,0.0,0.0,0.7845307801819721,0.45170454545454547,0.045454545454545456
0.15475278916584168,0.24333333333333335,0.0,0.0,0.0,0.0,0.8948566587817045,0.2876712328767123,0.0
0.42051008473287627,1.0,0.0,0.02493765586034913,1.0,0.0,0.821060947079386,0.29177057356608477,0.05486284289276808
0.1493240437348467,0.17,0.0,0.0,0.0,0.0,0.9049071040151336,0.29411764705882354,0.0392156862745098
0.23012400976203629,0.44666666666666666,0.0,0.11194029850746268,0.0,0.0,0.7319863662770794,0.582089552238806,0.14925373134328357
0.2710321246266037,1.0,0.0,0.03863987635239567,0.0,0.0,0.7783274286462538,0.37094281298299847,0.0030911901081916537
0.258083331330811,1.0,0.0,0.0,0.0,0.0,0.6021447887179462,0.1377049180327869,0.34098360655737703
0.27701733320749045,0.7333333333333333,0.0,0.022727272727272728,0.0,0.0,0.5224460593476319,0.5590909090909091,0.5545454545454546
0.1635632493317904,0.17333333333333334,0.0,0.09615384615384616,0.0,0.0,0.6929401856255963,0.2884615384615385,0.25
0.15837161016716272,0.21,0.0,0.0,0.0,0.0,0.887763720719246,0.3333333333333333,0.047619047619047616
0.16518447799107538,0.09666666666666666,0.0,0.1724137931034483,0.0,0.0,0.9033965040486848,0.3103448275862069,0.034482758620689655
0.14816936330695651,0.21666666666666667,0.0,0.0,0.0,0.0,0.9105397869157189,0.18461538461538463,0.06153846153846154
0.27033796070078536,1.0,0.0,0.0,0.0,0.0,0.744377071082241,0.44378698224852076,0.015215553677092139
0.17090532061424268,0.26,0.0,0.0,0.0,0.0,0.8831557702449908,0.3076923076923077,0.1282051282051282
0.16160509205983833,0.3,0.0,0.0,0.0,0.0,0.7771620317094946,0.13333333333333333,0.25555555555555554
0.2601549991802642,0.82,0.0,0.0,0.0,0.0,0.7983792600953248,0.5609756097560975,0.012195121951219513
0.2755505799267685,0.8233333333333334,0.0,0.0,0.0,0.3333333333333333,0.8025570813189676,0.340080971659919,0.044534412955465584
0.15078112911532054,0.14666666666666667,0.0,0.0,0.0,0.0,0.9469022002441145,0.3409090909090909,0.0
0.2776256719215984,0.4766666666666667,0.0,0.0,0.5,0.0,0.8986693066285719,0.3986013986013986,0.013986013986013986
0.2724757024660006,1.0,0.0,0.0,0.0,0.0,0.7738286426971412,0.35013262599469497,0.10079575596816977
0.1729341586537017,0.27,0.0,0.0,0.0,0.0,0.8305144260431899,0.4444444444444444,0.04938271604938271
0.26419021993847913,1.0,0.0,0.0,0.0,0.0,0.8003788578614501,0.2727272727272727,0.0687960687960688
0.14599341976699723,0.13666666666666666,0.0,0.0,0.0,0.0,0.8890805391333868,0.36585365853658536,0.0
0.24448457492015474,0.5266666666666666,0.0,0.0,0.0,0.3333333333333333,0.8658162133365687,0.39873417721518983,0.056962025316455694
0.2749746009708386,0.9166666666666666,0.0,0.1090909090909091,0.0,0.0,0.5820187369811132,0.24,0.3890909090909091
0.2215291883144341,0.4,0.0,0.0,0.0,0.0,0.8402918831443411,0.5499999999999999,0.225
0.13254159166645815,0.15333333333333332,0.0,0.0,0.0,0.0,0.8345463514471902,0.06521739130434782,0.1956521739130435
0.17394860655436073,0.31333333333333335,0.0,0.10638297872340426,0.0,0.0,0.8652307463946711,0.19148936170212766,0.05319148936170213
0.14628745336143315,0.22333333333333333,0.0,0.0,0.0,0.0,0.903993936599406,0.22388059701492535,0.0
0.24505677537875503,0.7133333333333334,0.0,0.0,0.0,0.0,0.8198200902361483,0.46261682242990654,0.09813084112149532
0.18385193614786227,0.23666666666666666,0.0,0.0,0.0,0.3333333333333333,0.8966649013847261,0.2535211267605634,0.0
0.26826458560213945,1.0,0.0,0.0,0.0,0.0,0.6941970111369065,0.31683168316831684,0.1716171617161716
0.18993176954614144,0.13333333333333333,0.0,0.25,0.0,0.0,0.8743176954614147,0.44999999999999996,0.0
0.2538876411510467,0.99,0.0,0.0,0.0,0.0,0.8316541892882441,0.2121212121212121,0.010101010101010102
0.2260131597262973,0.7933333333333333,0.0,0.0,0.0,0.0,0.8516442023049898,0.20168067226890757,0.01680672268907563
0.14455391698487663,0.23666666666666666,0.0,0.0,0.0,0.0,0.9215250853417241,0.16901408450704225,0.0
0.20177914389416685,0.5333333333333333,0.0,0.03125,0.0,0.0,0.7771664389416686,0.1875,0.20625
0.2744967352841964,1.0,0.0,0.0,0.0,0.3333333333333333,0.7856497675401269,0.12598425196850394,0.0
0.2874968576524831,1.0,0.0,0.014044943820224719,0.0,0.0,0.8061483518057305,0.5056179775280899,0.042134831460674156
0.13565726443407036,0.16666666666666666,0.0,0.0,0.0,0.0,0.9065726443407037,0.18,0.02
0.18372074737408142,0.43333333333333335,0.0,0.0,0.0,0.0,0.8564382429715833,0.3230769230769231,0.007692307692307693
0.1968918528768512,0.22333333333333333,0.0,0.07462686567164178,0.0,0.0,0.8951125586192581,0.6268656716417911,0.0
0.17822429113970845,0.49,0.0,0.0,0.0,0.0,0.775134067859669,0.24489795918367346,0.027210884353741496
0.2894395150283387,1.0,0.0,0.0,0.0,0.3333333333333333,0.7848187230274016,0.2569060773480663,0.019337016574585635
0.28382779724524293,1.0,0.0,0.0364963503649635,0.0,0.0,0.7652852717225025,0.5005213764337851,0.017726798748696558
0.2910005668170499,0.6766666666666666,0.0,0.024630541871921183,0.5,0.0,0.8568283282690213,0.22167487684729065,0.029556650246305417
0.2692209048669529,0.19333333333333333,0.0,0.08620689655172414,0.5,0.0,0.9366918072902183,0.5172413793103449,0.06896551724137931
0.22130425071580598,0.6233333333333333,0.0,0.0,0.0,0.3333333333333333,0.8217145214183093,0.1122994652406417,0.0106951871657754
0.20467709723507235,0.7333333333333333,0.0,0.0,0.0,0.0,0.8013164268961779,0.10909090909090909,0.03636363636363636
0.2478567234440588,0.9633333333333334,0.0,0.0,0.0,0.0,0.8121139472433562,0.18685121107266434,0.03460207612456748
0.2997498594719268,1.0,0.0,0.0,0.0,0.3333333333333333,0.7899078356433606,0.35049504950495053,0.023762376237623763
0.22713873761084688,0.6833333333333333,0.0,0.024390243902439025,0.0,0.0,0.8488264004987127,0.29268292682926833,0.06829268292682927
0.2813476178109822,1.0,0.0,0.0,0.0,0.0,0.830504041886912,0.4458204334365325,0.03715170278637771
0.25102356138044063,0.6566666666666666,0.0,0.025380710659898477,0.0,0.0,0.8627990655810558,0.6091370558375635,0.015228426395939087
0.1813281029201223,0.42,0.0,0.0,0.0,0.0,0.8420111879313816,0.26190476190476186,0.07936507936507936
0.20361492195192452,0.5466666666666666,0.0,0.03048780487804878,0.0,0.0,0.11553946342168406,0.12804878048780488,0.926829268292683
0.1891253589518151,0.49,0.0,0.0,0.0,0.0,0.8297229772732527,0.32653061224489793,0.0
0.22783367544557842,0.18333333333333332,0.0,0.0,0.5,0.0,0.9260640271830568,0.2727272727272727,0.05454545454545454
0.13023560964005024,0.17666666666666667,0.0,0.0,0.0,0.0,0.9052806247023891,0.11320754716981132,0.018867924528301886
0.17134645182344363,0.14,0.0,0.0,0.0,0.0,0.9558454706153885,0.5,0.047619047619047616
0.29283805886861425,1.0,0.0,0.0,0.0,0.3333333333333333,0.7617139220194762,0.31620553359683795,0.017127799736495388
0.2697967045676659,1.0,0.0,0.0,0.0,0.0,0.7712569479567897,0.3713355048859935,0.05537459283387622
0.2459352727557796,0.7733333333333333,0.0,0.0,0.0,0.3333333333333333,0.7979159459486006,0.15517241379310345,0.01293103448275862
0.17526744718253937,0.03,0.0,0.0,0.0,0.0,0.9298966940476158,0.6666666666666666,0.1111111111111111
0.2602491737654764,1.0,0.0,0.0,0.0,0.0,0.7658083205693369,0.33668341708542715,0.0
0.13742055966920244,0.05,0.0,0.0,0.0,0.3333333333333333,0.965872263358691,0.0,0.0
0.10838431530811267,0.11,0.0,0.0,0.0,0.0,0.9188431530811266,0.0,0.0
0.2816193405903715,1.0,0.0,0.0,0.0,0.0,0.8279427531622006,0.4856396866840731,0.0026109660574412533
0.14593838962121664,0.15333333333333332,0.0,0.0,0.0,0.0,0.9685143309947751,0.2608695652173913,0.0
0.25362939546313995,0.8933333333333333,0.0,0.0,0.0,0.0,0.8642044023925937,0.3246268656716418,0.007462686567164179
0.17215712768117944,0.2966666666666667,0.0,0.0,0.0,0.0,0.7597173442275246,0.3033707865168539,0.21348314606741572
0.32977679329646875,0.8933333333333333,0.0,0.0,0.5,0.0,0.7973201717706585,0.39179104477611937,0.018656716417910446
0.18401892686773863,0.5233333333333333,0.0,0.0,0.0,0.0,0.6029599693143288,0.30573248407643316,0.1464968152866242
0.2844953628419264,1.0,0.0,0.0,0.0,0.0,0.8138332964690567,0.5228215767634854,0.008298755186721992
0.26960680987422864,0.45666666666666667,0.0,0.0,0.5,0.0,0.8669075148006806,0.30656934306569344,0.08759124087591241
0.187088601574459,0.42333333333333334,0.0,0.03937007874015748,0.0,0.0,0.8382482204689996,0.23622047244094488,0.10236220472440945
0.1447031866465707,0.12,0.0,0.0,0.0,0.0,0.9059207553545958,0.3333333333333333,0.027777777777777776
0.14635714285714285,0.023333333333333334,0.0,0.0,0.0,0.0,1.0,0.42857142857142855,0.0
0.17602576353884664,0.15,0.0,0.0,0.0,0.0,0.9352576353884662,0.6000000000000001,0.0
0.15600295851910073,0.36666666666666664,0.0,0.0,0.0,0.0,0.8736659488273709,0.08181818181818182,0.05454545454545454
0.2099685644457482,0.4033333333333333,0.0,0.0,0.0,0.0,0.8996443221434323,0.5950413223140496,0.0
0.2669668429200218,1.0,0.0,0.0,0.0,0.0,0.7165434292002177,0.328125,0.125
0.2769460525093462,1.0,0.0,0.0,0.0,0.0,0.8054082375117626,0.4215686274509804,0.042483660130718956
0.16371958213883994,0.18666666666666668,0.0,0.0,0.0,0.0,0.9107672499598279,0.375,0.07142857142857142
0.23232399750160385,0.24,0.0,0.06944444444444445,0.5,0.0,0.8868510861271495,0.125,0.09722222222222222
0.21139098285226318,0.7066666666666667,0.0,0.0,0.0,0.0,0.8416456775792355,0.19811320754716982,0.014150943396226415
0.18129921839461732,0.43,0.0,0.0,0.0,0.0,0.5555890831709795,0.13953488372093023,0.4728682170542636
0.17291046480348612,0.17,0.0,0.0,0.0,0.0,0.9446928833289788,0.5294117647058824,0.0
0.15633313407351654,0.10333333333333333,0.0,0.0,0.0,0.0,0.8599442439609717,0.29032258064516125,0.25806451612903225
0.1546091949158245,0.15,0.0,0.11111111111111112,0.0,0.0,0.9322030602693562,0.2,0.022222222222222223
0.18419914972896537,0.24,0.0,0.0,0.0,0.0,0.89865816395632,0.5416666666666666,0.041666666666666664
0.15298761028730323,0.22333333333333333,0.0,0.07462686567164178,0.0,0.0,0.9187566998879575,0.13432835820895522,0.029850746268656716
0.25251876392218736,1.0,0.0,0.0,0.0,0.0,0.7583809165327982,0.21428571428571427,0.052521008403361345
0.2849155647699381,1.0,0.0,0.0,0.0,0.3333333333333333,0.7661960064437763,0.2376681614349776,0.01195814648729447
0.1458328724960607,0.17,0.0,0.0,0.0,0.0,0.9092110779017833,0.29411764705882354,0.0
0.1792057295902378,0.3,0.0,0.0,0.0,0.3333333333333333,0.842057295902378,0.16666666666666666,0.0
0.1721373766161231,0.23,0.0,0.0,0.0,0.0,0.8691273893496367,0.3913043478260869,0.11594202898550725
0.19209496661993636,0.33666666666666667,0.0,0.0,0.0,0.3333333333333333,0.8746955407868224,0.20792079207920794,0.0
0.3051719231841715,0.8966666666666666,0.0,0.0,0.0,0.0,0.8331132838863252,0.7695167286245352,0.10408921933085502
0.1196289372256916,0.08666666666666667,0.0,0.0,0.0,0.0,0.9509047568723006,0.11538461538461539,0.0
0.28823139762859146,1.0,0.0,0.04784688995215311,0.0,0.0,0.8081512968600773,0.43779904306220097,0.0645933014354067
0.2814238044667647,1.0,0.0,0.01256281407035176,0.0,0.0,0.8180068888887523,0.4522613065326633,0.02512562814070352
0.22666331476047757,0.5133333333333333,0.0,0.0,0.0,0.3333333333333333,0.8645985155701437,0.2532467532467533,0.045454545454545456
0.1654015335322799,0.27666666666666667,0.0,0.0,0.0,0.0,0.8896177449613533,0.25301204819277107,0.0963855421686747
0.20504214255420122,0.47,0.0,0.0,0.0,0.0,0.8205987305065512,0.46808510638297873,0.05673758865248227
0.24087832336651044,0.8833333333333333,0.0,0.0,0.0,0.0,0.7894436110235953,0.21509433962264152,0.07924528301886792
0.15505776847185043,0.09333333333333334,0.0,0.0,0.0,0.0,0.5891491132899327,0.3214285714285714,0.5
0.19689536084324236,0.5166666666666667,0.0,0.0,0.0,0.0,0.8520181245614556,0.3096774193548387,0.03225806451612903
0.1983251166852788,0.43666666666666665,0.0,0.0,0.0,0.3333333333333333,0.8575132533667831,0.11450381679389313,0.022900763358778626
0.2782284701378992,0.30666666666666664,0.0,0.05434782608695652,0.5,0.0,0.7951107883355137,0.4891304347826087,0.20652173913043478
0.14396294729713874,0.14666666666666667,0.0,0.0,0.0,0.0,0.9469022002441145,0.2727272727272727,0.0
0.18342343613518125,0.13333333333333333,0.0,0.0,0.0,0.0,0.9342343613518124,0.6000000000000001,0.1
0.14612116860597787,0.18333333333333332,0.0,0.0,0.0,0.0,0.9134844133325059,0.21818181818181817,0.05454545454545454
0.18866837538880224,0.36,0.0,0.0,0.0,0.0,0.8466837538880224,0.4166666666666667,0.08333333333333333
0.17946042529759637,0.33,0.0,0.0,0.0,0.0,0.8248567782284889,0.36363636363636365,0.1111111111111111
0.12310181288538227,0.20666666666666667,0.0,0.0,0.0,0.0,0.8726310320796291,0.04838709677419355,0.0
0.22939339256196678,0.11333333333333333,0.0,0.14705882352941177,0.5,0.0,0.9768751020902559,0.1764705882352941,0.0
0.1858685201661279,0.43,0.0,0.0,0.0,0.0,0.6865534187155424,0.27906976744186046,0.24806201550387597
0.21052971607253376,0.65,0.0,0.0,0.0,0.0,0.8328612632894403,0.27692307692307694,0.020512820512820513
0.1275170031578566,0.03666666666666667,0.0,0.0,0.0,0.0,0.9474427588512933,0.2727272727272727,0.0
0.2659297067284091,0.6666666666666666,0.0,0.0,0.0,0.0,0.8392970672840908,0.72,0.1
0.20834382745249413,0.55,0.0,0.0,0.0,0.0,0.8099534260400925,0.34545454545454546,0.10303030303030303
0.1788720478252025,0.5233333333333333,0.0,0.0,0.0,0.0,0.8508542362138082,0.15286624203821658,0.0
0.18289215851749993,0.23666666666666666,0.0,0.0,0.0,0.0,0.8682877823580979,0.5492957746478874,0.056338028169014086
0.23857914639891534,0.8566666666666667,0.0,0.0,0.0,0.0,0.8167447713821494,0.25680933852140075,0.027237354085603113
0.2084673345068081,0.32,0.0,0.0,0.0,0.3333333333333333,0.9275900117347478,0.3125,0.03125
0.22157493784032395,0.18666666666666668,0.0,0.0,0.0,0.0,0.7750350926889539,0.9642857142857144,0.19642857142857142
0.22845695777593134,0.6433333333333333,0.0,0.02590673575129534,0.0,0.0,0.6744918575520595,0.27979274611398963,0.32642487046632124
0.186253413673009,0.36333333333333334,0.0,0.0,0.0,0.0,0.7762497330603652,0.3577981651376147,0.1834862385321101
0.3269530020113168,0.45666666666666667,0.0,0.0,1.0,0.0,0.8801504580693719,0.19708029197080293,0.0072992700729927005
0.1716185049737247,0.2866666666666667,0.0,0.05813953488372093,0.0,0.0,0.919905979969805,0.27906976744186046,0.0
0.1823503885177871,0.09666666666666666,0.0,0.1724137931034483,0.0,0.0,0.9716073334537331,0.41379310344827586,0.034482758620689655
0.15710172792544852,0.31666666666666665,0.0,0.0,0.0,0.0,0.8749646476755378,0.15789473684210525,0.06315789473684211
0.21358276099508758,0.4766666666666667,0.0,0.0,0.0,0.0,0.8404080295312957,0.4825174825174825,0.0979020979020979
0.26924083344623034,0.8833333333333333,0.0,0.056603773584905655,0.0,0.0,0.8296724854056996,0.3735849056603774,0.07924528301886792
0.1614153194937347,0.25666666666666665,0.0,0.0,0.0,0.0,0.8655168313009831,0.3116883116883117,0.05194805194805195
0.1957816777276851,0.38666666666666666,0.0,0.0,0.0,0.0,0.8950581565871955,0.4655172413793104,0.017241379310344827
0.16336685073743698,0.21666666666666667,0.0,0.0,0.0,0.0,0.8932838919897542,0.4153846153846154,0.0
0.26359431500284836,1.0,0.0,0.011547344110854504,0.0,0.0,0.7583449976035413,0.32563510392609696,0.03464203233256351
0.2091955668324077,0.07333333333333333,0.0,0.0,0.5,0.0,0.9592283955968041,0.2727272727272727,0.0
0.13534567814422005,0.19333333333333333,0.0,0.0,0.0,0.0,0.8910429883387523,0.15517241379310345,0.017241379310344827
0.2688816095251948,0.8633333333333333,0.0,0.0,0.0,0.3333333333333333,0.7786294800653335,0.2548262548262548,0.02702702702702703
0.14883657136151002,0.20666666666666667,0.0,0.0,0.0,0.0,0.8719141007118745,0.14516129032258063,0.16129032258064516
0.14262590566908745,0.19333333333333333,0.0,0.0,0.0,0.0,0.9293625049667363,0.20689655172413793,0.0
0.21946900272212952,0.59,0.0,0.0,0.0,0.0,0.8690120611196003,0.4067796610169492,0.03389830508474576
0.18453736184672997,0.5633333333333334,0.0,0.0,0.0,0.0,0.7045156303016191,0.21301775147928995,0.08284023668639054
0.17938632257835574,0.05,0.0,0.0,0.0,0.0,0.9188632257835573,0.8,0.0
0.1605419944140581,0.10333333333333333,0.0,0.0,0.0,0.0,0.8697747828502581,0.5806451612903225,0.0
0.20100997229206455,0.66,0.0,0.0,0.0,0.0,0.8382815411024636,0.18181818181818182,0.0
0.19863803665569707,0.5,0.0,0.03333333333333333,0.0,0.0,0.8863803665569706,0.30000000000000004,0.0
0.1290439256771595,0.14666666666666667,0.0,0.0,0.0,0.0,0.888621074953413,0.13636363636363635,0.045454545454545456
0.3767192734014681,0.8866666666666667,0.0,0.0,0.5,0.3333333333333333,0.8801751901550317,0.47368421052631576,0.0
0.16866463287417735,0.37,0.0,0.0,0.0,0.0,0.816331013426458,0.2972972972972973,0.018018018018018018
0.14274518795708666,0.11,0.0,0.0,0.0,0.0,0.9594215765405636,0.2727272727272727,0.030303030303030304
0.14531090342822392,0.17333333333333334,0.0,0.0,0.0,0.0,0.9046474958207007,0.2884615384615385,0.0
0.19282169131781374,0.36,0.0,0.0,0.0,0.0,0.915994690955915,0.4722222222222222,0.0
0.275310732746399,0.93,0.0,0.12544802867383514,0.0,0.0,0.7685015926969645,0.3010752688172043,0.1003584229390681
0.1764415897878567,0.18,0.0,0.0,0.0,0.0,0.883304786767456,0.611111111111111,0.0
0.21611146717702379,0.7266666666666667,0.0,0.022935779816513763,0.0,0.0,0.8532247635133574,0.17889908256880735,0.0045871559633027525
0.17207236933871586,0.30666666666666664,0.0,0.0,0.0,0.0,0.8585497803436801,0.3586956521739131,0.043478260869565216
0.17184506042500214,0.19666666666666666,0.0,0.0,0.0,0.0,0.9149760279788348,0.4067796610169492,0.1016949152542373
0.207052120471494,0.6033333333333334,0.0,0.0,0.0,0.0,0.8285046301293043,0.3149171270718232,0.022099447513812154
0.27176123609610864,1.0,0.0,0.01059322033898305,0.0,0.0,0.8034174457068493,0.3241525423728814,0.07415254237288135
0.2867816461539994,1.0,0.0,0.011135857461024499,0.0,0.3333333333333333,0.7115432618369504,0.17706013363028952,0.1291759465478842
0.145470328123811,0.2,0.0,0.0,0.0,0.0,0.9047032812381101,0.25,0.0
0.2148770678458054,0.43,0.0,0.0,0.0,0.3333333333333333,0.8448559497758832,0.27906976744186046,0.046511627906976744
0.2448921874568731,0.6266666666666667,0.0,0.0,0.0,0.3333333333333333,0.8404821582566744,0.2872340425531915,0.047872340425531915
0.2547847765444189,0.25333333333333335,0.0,0.06578947368421052,0.5,0.0,0.8849530286020837,0.4342105263157895,0.0
0.22418415107091919,0.12,0.0,0.0,0.0,0.3333333333333333,0.9785081773758584,0.75,0.0
0.23233054827003796,1.0,0.0,0.0,0.0,0.0,0.564364137922125,0.22317596566523606,0.0357653791130186
0.24940482297236463,0.23333333333333334,0.0,0.07142857142857142,0.5,0.0,0.9154768011522177,0.34285714285714286,0.02857142857142857
0.2181938058369445,0.7533333333333333,0.0,0.0,0.0,0.0,0.7776017751836046,0.23893805309734512,0.035398230088495575
0.2871906403285776,1.0,0.0,0.022988505747126436,0.0,0.0,0.6132857136306036,0.3931034482758621,0.3310344827586207
0.18619195988801177,0.5966666666666667,0.0,0.0,0.0,0.0,0.8160816100533022,0.1005586592178771,0.05027932960893855
0.20362118329925016,0.56,0.0,0.0,0.0,0.0,0.8390689758496446,0.25,0.10714285714285714
0.1608617691956696,0.13,0.0,0.0,0.0,0.0,0.849515127854132,0.3076923076923077,0.2564102564102564
0.2666650452505052,0.07,0.0,0.23809523809523808,0.5,0.0,0.9783171191717186,0.42857142857142855,0.047619047619047616
0.1602992114996443,0.26666666666666666,0.0,0.0,0.0,0.0,0.890492114996443,0.26249999999999996,0.05
0.23729993024995333,0.77,0.0,0.0,0.0,0.0,0.8283889128891437,0.3116883116883117,0.07792207792207792
0.2435447483724534,0.7566666666666667,0.0,0.0,0.0,0.0,0.8114606995835649,0.40969162995594716,0.07929515418502203
0.17551212904267002,0.32,0.0,0.0,0.0,0.0,0.8688712904267002,0.375,0.03125
0.14577664923855638,0.17,0.0,0.0,0.0,0.0,0.9282566884639951,0.23529411764705882,0.0392156862745098
0.17572483468024458,0.3566666666666667,0.0,0.04672897196261682,0.0,0.0,0.8998184402603897,0.16822429906542055,0.08411214953271028
0.135,0.03333333333333333,0.0,0.0,0.0,0.0,1.0,0.30000000000000004,0.0
0.21314623602382352,0.44,0.0,0.0,0.0,0.3333333333333333,0.8729775117533868,0.25,0.015151515151515152
0.30078857215032784,1.0,0.0,0.07575757575757576,0.0,0.0,0.7487948124123697,0.5181818181818182,0.12727272727272726
0.27786923547394143,1.0,0.0,0.0,0.0,0.3333333333333333,0.7434359444830043,0.16346153846153846,0.038461538461538464
0.14169330891087836,0.06333333333333334,0.0,0.0,0.0,0.0,0.9008804575298361,0.3157894736842105,0.10526315789473684
0.3434727649660211,1.0,0.0,0.011933174224343677,0.5,0.0,0.8016727570587787,0.35799522673031026,0.007159904534606206
0.23823754803943764,0.30666666666666664,0.0,0.0,0.0,0.3333333333333333,0.8281725818436516,0.5543478260869565,0.20652173913043478
0.20500679214428963,0.47333333333333333,0.0,0.0,0.0,0.0,0.8330256679217694,0.5070422535211268,0.0
0.21908488668244247,0.43333333333333335,0.0,0.038461538461538464,0.0,0.0,0.7831565591321171,0.5076923076923077,0.19230769230769232
0.20578956847659557,0.6533333333333333,0.0,0.0,0.0,0.0,0.8227936439496293,0.24489795918367346,0.01020408163265306
0.2961622321805423,1.0,0.0,0.010351966873706004,0.0,0.0,0.7918500650766441,0.6149068322981366,0.039337474120082816
0.23046257120465985,0.7466666666666667,0.0,0.0,0.0,0.0,0.8364114263323127,0.3214285714285714,0.026785714285714284
0.27580610659352345,0.9533333333333334,0.0,0.0,0.0,0.3333333333333333,0.7884340263081948,0.1993006993006993,0.006993006993006993
0.21203448940171482,0.5566666666666666,0.0,0.0,0.0,0.0,0.8721712413225378,0.39520958083832336,0.017964071856287425
0.14497824181936847,0.18666666666666668,0.0,0.0,0.0,0.0,0.8662109896222562,0.1607142857142857,0.14285714285714285
0.14321957950392575,0.14666666666666667,0.0,0.0,0.0,0.0,0.9167412495847119,0.20454545454545453,0.09090909090909091
0.3012943117784928,0.5766666666666667,0.0,0.028901734104046242,0.5,0.3333333333333333,0.8420664318504384,0.17341040462427745,0.005780346820809248
0.11105134195787356,0.13666666666666666,0.0,0.0,0.0,0.0,0.9055134195787357,0.0,0.0
0.1275,0.05,0.0,0.0,0.0,0.0,0.9999999999999998,0.2,0.0
0.16598561036341797,0.30333333333333334,0.0,0.0,0.0,0.0,0.8751857739638499,0.23076923076923078,0.0989010989010989
0.21855991469428993,0.4266666666666667,0.0,0.1171875,0.0,0.0,0.6666928969428992,0.3515625,0.3515625
0.2010539702549405,0.5833333333333334,0.0,0.0,0.0,0.0,0.8098254168351191,0.32571428571428573,0.0
0.19026809703788686,0.4033333333333333,0.0,0.0,0.0,0.0,0.8761933670730836,0.371900826446281,0.049586776859504134
0.17120239509315763,0.3433333333333333,0.0,0.0,0.0,0.0,0.8669268635529356,0.3203883495145631,0.009708737864077669
0.2739573948361117,1.0,0.0,0.0,0.0,0.0,0.7716727137932161,0.4185185185185185,0.04938271604938271
0.2931151335351863,1.0,0.0,0.022988505747126436,0.0,0.0,0.7150593813288747,0.5689655172413792,0.11264367816091954
0.2242352267834296,0.68,0.0,0.0,0.0,0.0,0.8105875619519427,0.411764705882353,0.0
0.18385490591357087,0.26,0.0,0.0,0.0,0.0,0.7818823924690422,0.4230769230769231,0.24358974358974358
0.27199985843828295,0.9,0.0,0.0,0.0,0.0,0.8403689547531993,0.4444444444444444,0.08518518518518518
0.14684137298968863,0.16333333333333333,0.0,0.0,0.0,0.0,0.9172912809172944,0.30612244897959184,0.0
0.22930409230769055,0.71,0.0,0.0,0.0,0.0,0.810200547490051,0.3380281690140845,0.07981220657276995
0.19834439232401302,0.25333333333333335,0.0,0.0,0.0,0.0,0.6166018179769723,0.7894736842105263,0.19736842105263158
0.2510789285845049,1.0,0.0,0.0,0.0,0.0,0.7443800194357827,0.2548262548262548,0.011583011583011582
0.1640066916290523,0.19333333333333333,0.0,0.0,0.0,0.0,0.9190324335319022,0.3620689655172414,0.06896551724137931
0.15793324559715852,0.36,0.0,0.0,0.0,0.0,0.9004435670826966,0.1111111111111111,0.027777777777777776
0.21877910236323134,0.6,0.0,0.02777777777777778,0.0,0.0,0.8683465791878685,0.31666666666666665,0.06111111111111111
0.2818938022211915,1.0,0.0,0.0,0.0,0.3333333333333333,0.7835428332084783,0.16082474226804122,0.041237113402061855
0.22527592334707244,0.73,0.0,0.0,0.0,0.0,0.8244259001373908,0.3150684931506849,0.0182648401826484
0.1609300639552541,0.43333333333333335,0.0,0.0,0.0,0.0,0.8669929472448487,0.09230769230769231,0.0
0.199536030615428,0.30666666666666664,0.0,0.0,0.0,0.3333333333333333,0.7998530597774681,0.2608695652173913,0.14130434782608695
0.25713640498631346,1.0,0.0,0.011876484560570073,0.0,0.0,0.8373973040199039,0.2066508313539192,0.009501187648456057
0.1614219921852464,0.21333333333333335,0.0,0.0,0.0,0.0,0.8723449218524638,0.421875,0.0
0.23489323439126963,0.18,0.0,0.18518518518518517,0.0,0.0,0.8567101216904742,0.9444444444444444,0.0
0.17746383020282142,0.27,0.0,0.0,0.0,0.0,0.9128481785714238,0.4444444444444444,0.012345679012345678
0.3304282262263338,1.0,0.0,0.004945598417408506,0.5,0.0,0.7669429942119037,0.255192878338279,0.024727992087042534
0.2927254916368695,1.0,0.0,0.0,0.0,0.0,0.8345497491954426,0.5927051671732523,0.0
0.28520856737152384,1.0,0.0,0.0,0.0,0.3333333333333333,0.7761487900860472,0.23668639053254437,0.005917159763313609
0.13813862707256394,0.22333333333333333,0.0,0.0,0.0,0.0,0.8822071662480273,0.13432835820895522,0.029850746268656716
0.17891277547631265,0.39666666666666667,0.0,0.08403361344537814,0.0,0.0,0.8411865782925384,0.22689075630252098,0.0
0.2565176381013988,0.84,0.0,0.0,0.0,0.0,0.81708114291875,0.47619047619047616,0.011904761904761904
0.17115505939700557,0.26,0.0,0.1282051282051282,0.0,0.0,0.8984736708931326,0.23076923076923078,0.0
0.312898230134281,1.0,0.0,0.017921146953405017,0.0,0.3333333333333333,0.7938568533141361,0.39247311827956993,0.08243727598566308
0.2258980222085033,0.5833333333333334,0.0,0.0,0.0,0.0,0.8696945077993186,0.5142857142857142,0.0
0.133371278669687,0.13333333333333333,0.0,0.0,0.0,0.0,0.88371278669687,0.15000000000000002,0.1
0.26885294163144735,0.8833333333333333,0.0,0.0,0.0,0.0,0.8050388502767376,0.4867924528301887,0.07169811320754717
0.2535135421426775,0.77,0.0,0.021645021645021644,0.0,0.0,0.8281873694787231,0.4545454545454546,0.06493506493506493
0.22401421902671362,0.7766666666666666,0.0,0.0,0.0,0.0,0.8176314606534025,0.23175965665236054,0.02575107296137339
0.1672346144208289,0.06666666666666667,0.0,0.0,0.0,0.0,0.7223461442082889,0.44999999999999996,0.4
0.23090013255983752,0.8833333333333333,0.0,0.0,0.0,0.0,0.8028692501266773,0.12452830188679245,0.05660377358490566
0.19057468904340735,0.25333333333333335,0.0,0.0,0.0,0.0,0.9336416272761787,0.5921052631578947,0.0
0.29944302433651643,1.0,0.0,0.016611295681063124,0.0,0.3333333333333333,0.8305321259786754,0.27906976744186046,0.026578073089700997
0.2015,0.01,0.0,0.0,0.0,0.0,1.0,1.0,0.0
0.11849298031950281,0.12666666666666668,0.0,0.0,0.0,0.0,0.9159824347739755,0.07894736842105263,0.0
0.1698003008544291,0.31666666666666665,0.0,0.0,0.0,0.0,0.823003008544291,0.25263157894736843,0.14736842105263157
0.11840559770744193,0.12,0.0,0.0,0.0,0.0,0.9207226437410859,0.08333333333333333,0.0
0.1537437602753786,0.11333333333333333,0.0,0.0,0.0,0.0,0.9262611321655504,0.3529411764705882,0.08823529411764706
0.1673165433819421,0.39,0.0,0.0,0.0,0.0,0.8488491945031815,0.20512820512820515,0.03418803418803419
0.13686170852029372,0.14,0.0,0.0,0.0,0.0,0.9205218471076991,0.21428571428571427,0.023809523809523808
0.18989968719264627,0.09333333333333334,0.0,0.17857142857142855,0.0,0.0,0.955425443355034,0.5357142857142857,0.0
0.1488329665995668,0.23666666666666666,0.0,0.0,0.0,0.0,0.8657240321928512,0.2112676056338028,0.056338028169014086
0.14998415909588825,0.25666666666666665,0.0,0.0,0.0,0.0,0.8940623701796615,0.1948051948051948,0.025974025974025976
0.20433884763578458,0.5433333333333333,0.0,0.0,0.0,0.0,0.85415534752349,0.36809815950920244,0.006134969325153374
0.18917198963093135,0.30666666666666664,0.0,0.0,0.0,0.0,0.73606772239627,0.3913043478260869,0.30434782608695654
0.15539484573479398,0.14666666666666667,0.0,0.0,0.0,0.0,0.902130275529758,0.3409090909090909,0.09090909090909091
0.14897078636971878,0.17,0.0,0.0,0.0,0.0,0.8033353146775801,0.23529411764705882,0.19607843137254902
0.14509274032174393,0.2,0.0,0.0,0.0,0.0,0.8842607365507724,0.25,0.016666666666666666
0.1409256416337507,0.12666666666666668,0.0,0.0,0.0,0.0,0.9560985216006649,0.23684210526315788,0.02631578947368421
0.11735464747815719,0.11,0.0,0.0,0.0,0.0,0.8873343535694506,0.0,0.12121212121212122
0.1327727272727273,0.03666666666666667,0.0,0.0,0.0,0.0,1.0,0.2727272727272727,0.0
0.14678007514697886,0.19666666666666666,0.0,0.0,0.0,0.0,0.9185634633341953,0.2033898305084746,0.05084745762711865
0.1630994924641564,0.11666666666666667,0.0,0.0,0.0,0.3333333333333333,0.951233019879659,0.17142857142857143,0.0
0.15493478251632234,0.30333333333333334,0.0,0.0,0.0,0.0,0.8855566163720145,0.19780219780219782,0.01098901098901099
0.18051749529204508,0.6033333333333334,0.0,0.0,0.0,0.0,0.8007274391082958,0.08287292817679558,0.016574585635359115
0.26682619061759966,1.0,0.0,0.0,0.0,0.0,0.8044226204617108,0.36160714285714285,0.002232142857142857
0.2752626405427248,1.0,0.0,0.0,0.0,0.3333333333333333,0.7116007644016075,0.16923076923076924,0.038461538461538464
0.2570558146683738,1.0,0.0,0.0,0.0,0.0,0.7792416200730937,0.2857142857142857,0.0056022408963585435
0.16749770431216932,0.09,0.0,0.0,0.0,0.0,0.9844214875661376,0.5555555555555556,0.0
0.2388599746540871,0.7933333333333333,0.0,0.0,0.0,0.0,0.7574232759526354,0.2647058823529412,0.17647058823529413
0.28227181745000907,0.9966666666666667,0.0,0.0,0.0,0.0,0.6186880741656426,0.3511705685618729,0.35785953177257523
0.21579213029338307,0.5666666666666667,0.0,0.0,0.0,0.0,0.8196860088161835,0.4764705882352941,0.011764705882352941
0.18273780109792337,0.36333333333333334,0.0,0.0,0.0,0.0,0.7502679192361144,0.30275229357798167,0.22935779816513763
0.24746070918017268,0.22,0.0,0.0,0.5,0.0,0.9097586069532421,0.4545454545454546,0.030303030303030304
0.34137117362035757,1.0,0.0,0.0,0.0,0.6666666666666666,0.7956734984645898,0.34413965087281795,0.10723192019950124
0.30253014058842786,1.0,0.0,0.0,0.0,0.6666666666666666,0.7176655762220171,0.11233480176211454,0.028634361233480177
0.37510826023125354,1.0,0.0,0.0641025641025641,0.5,0.0,0.8228774741074072,0.5,0.08205128205128205
0.19011695504350148,0.48333333333333334,0.0,0.0,0.0,0.0,0.85892817112467,0.2896551724137931,0.027586206896551724
0.2504758311274855,1.0,0.0,0.005165289256198347,0.0,0.0,0.695357484828574,0.23863636363636365,0.06301652892561983
0.2747018108837171,1.0,0.0,0.0,0.0,0.0,0.805757363851498,0.3954154727793696,0.045845272206303724
0.2845355902939092,1.0,0.0,0.0,0.0,0.0,0.7281145236287472,0.5172413793103449,0.1
0.16171779838675346,0.11666666666666667,0.0,0.14285714285714285,0.0,0.0,0.9136065552961059,0.2571428571428571,0.05714285714285714
0.19057985290235951,0.5766666666666667,0.0,0.0,0.0,0.0,0.8211453498328438,0.20809248554913293,0.011560693641618497
0.16835274489649793,0.3,0.0,0.0,0.0,0.0,0.8557496711872016,0.26666666666666666,0.1111111111111111
0.22873599899115615,0.8333333333333334,0.0,0.02,0.0,0.0,0.8313599899115613,0.156,0.02
0.19729830632148382,0.47333333333333333,0.0,0.0,0.0,0.0,0.8756591195528662,0.38028169014084506,0.007042253521126761
0.2554091145236326,1.0,0.0,0.0,0.0,0.0,0.810670092604747,0.22697368421052633,0.01644736842105263
0.12866767556414543,0.21,0.0,0.0,0.0,0.0,0.8764386604033589,0.09523809523809523,0.0
0.271522647374721,1.0,0.0,0.014492753623188406,0.0,0.0,0.7616032853414129,0.33043478260869563,0.10144927536231885
0.17588666432601158,0.21666666666666667,0.0,0.07692307692307693,0.0,0.0,0.8569435663370385,0.27692307692307694,0.18461538461538463
0.2015241395365098,0.35333333333333333,0.0,0.04716981132075471,0.0,0.3333333333333333,0.8736061752393118,0.169811320754717,0.03773584905660377
0.12084073990415364,0.03666666666666667,0.0,0.0,0.0,0.0,0.7897710354051727,0.0,0.36363636363636365
0.18711904025401768,0.37333333333333335,0.0,0.0,0.0,0.0,0.9183332596830338,0.375,0.017857142857142856
0.24486718430647456,0.9833333333333333,0.0,0.0,0.0,0.0,0.7906209956071182,0.15254237288135594,0.030508474576271188
0.208391872945484,0.58,0.0,0.0,0.0,0.0,0.8346083846272536,0.3448275862068966,0.034482758620689655
0.14521579484783062,0.13666666666666666,0.0,0.0,0.0,0.0,0.9544750216490379,0.29268292682926833,0.0
0.2971817096052443,0.9433333333333334,0.0,0.0,0.0,0.3333333333333333,0.8171233386908412,0.36042402826855124,0.045936395759717315
0.17157325916265664,0.043333333333333335,0.0,0.0,0.0,0.0,0.9584248993188739,0.6923076923076923,0.0
0.26388688464348264,1.0,0.0,0.0,0.0,0.0,0.836166143732124,0.28378378378378377,0.01891891891891892
0.13213103527203418,0.24,0.0,0.0,0.0,0.0,0.6140881304981197,0.08333333333333333,0.2638888888888889
0.3428514515949454,0.6766666666666666,0.0,0.0,0.5,0.3333333333333333,0.8523486703008498,0.4433497536945813,0.034482758620689655
0.15455381355054282,0.21,0.0,0.0,0.0,0.0,0.9289508339181266,0.2857142857142857,0.015873015873015872
0.1531102471918751,0.13,0.0,0.0,0.0,0.0,0.9514870873033663,0.3846153846153846,0.0
0.16586206529539196,0.09,0.0,0.0,0.0,0.0,0.8939910233242899,0.4444444444444444,0.18518518518518517
0.14530245438227235,0.13333333333333333,0.0,0.0,0.0,0.0,0.9530245438227233,0.30000000000000004,0.0
0.18936850830246876,0.27,0.0,0.0,0.0,0.0,0.9084381694444408,0.5555555555555556,0.024691358024691357
0.17649799693895774,0.34,0.0,0.0,0.0,0.0,0.8824309497817344,0.3529411764705882,0.0196078431372549
0.2651166055072241,1.0,0.0,0.05555555555555556,0.0,0.0,0.8067216106277966,0.23333333333333334,0.027777777777777776
0.32525592233025236,1.0,0.0,0.009861932938856016,0.0,0.6666666666666666,0.7791864422374342,0.21893491124260356,0.07297830374753451
0.3536140062910873,0.7966666666666666,0.0,0.0,0.5,0.3333333333333333,0.8101079848076649,0.40167364016736395,0.04602510460251046
0.1417214962690702,0.2733333333333333,0.0,0.0,0.0,0.0,0.8608734992760679,0.14634146341463417,0.0
0.3101769111822557,1.0,0.0,0.010660980810234541,0.0,0.3333333333333333,0.779096759299458,0.371002132196162,0.1023454157782516
0.21934635911343686,0.32,0.0,0.05208333333333333,0.0,0.0,0.9165885911343686,0.71875,0.0
0.28252148787833953,1.0,0.0,0.0,0.0,0.0,0.777022107699058,0.3704819277108434,0.17771084337349397
0.21295448357085528,0.29333333333333333,0.0,0.0,0.0,0.0,0.9395448357085527,0.75,0.0
0.23715766644052824,0.31,0.0,0.0,0.0,0.0,0.7022755891364653,0.8387096774193548,0.3655913978494624
0.20329568669528714,0.5566666666666666,0.0,0.0,0.0,0.0,0.838675429827123,0.3592814371257485,0.0
0.16672563912890648,0.25333333333333335,0.0,0.0,0.0,0.0,0.8793616544469595,0.35526315789473684,0.05263157894736842
0.16609853249417253,0.26666666666666666,0.0,0.0,0.0,0.0,0.8484853249417252,0.3375,0.075
0.22146029148138166,0.7433333333333333,0.0,0.0,0.0,0.0,0.8798719731097807,0.20179372197309417,0.017937219730941704
0.2861237542625639,1.0,0.0,0.0,0.0,0.3333333333333333,0.7986683288936347,0.20930232558139533,0.019933554817275746
0.1780494383144589,0.20666666666666667,0.0,0.0,0.0,0.0,0.9221072863703955,0.532258064516129,0.016129032258064516
0.26438750867805094,1.0,0.0,0.0,0.0,0.0,0.8180911146550738,0.2979094076655052,0.027874564459930314
0.16369467374840457,0.36666666666666664,0.0,0.0,0.0,0.0,0.8414921920295005,0.21818181818181817,0.02727272727272727
0.16637360060798198,0.3,0.0,0.05555555555555556,0.0,0.0,0.8970693394131531,0.2,0.03333333333333333
0.15177968362822436,0.15,0.0,0.0,0.0,0.0,0.9372412807266882,0.3333333333333333,0.022222222222222223
0.26025303532691973,1.0,0.0,0.0,0.0,0.0,0.7789531174968394,0.3121951219512195,0.011382113821138212
0.17514933218992804,0.09666666666666666,0.0,0.0,0.0,0.0,0.9858036667268665,0.6206896551724138,0.0
0.24466398780731957,1.0,0.0,0.05649717514124294,0.0,0.0,0.8053969402200882,0.03389830508474576,0.022598870056497175
0.13287163647530068,0.10333333333333333,0.0,0.0,0.0,0.0,0.9479099131401035,0.0967741935483871,0.12903225806451613
0.14925142594732738,0.16666666666666666,0.0,0.0,0.0,0.0,0.9025142594732737,0.30000000000000004,0.04
0.1944280720389712,0.22333333333333333,0.0,0.0,0.0,0.0,0.8779374368076223,0.6268656716417911,0.1044776119402985
0.2717096526399941,0.8166666666666667,0.0,0.0,0.0,0.0,0.8431169345632062,0.5877551020408163,0.061224489795918366
0.26323739813813474,0.48333333333333334,0.0,0.034482758620689655,0.5,0.0,0.6504774296572094,0.08275862068965517,0.3724137931034483
0.26228765475700183,0.99,0.0,0.0,0.0,0.0,0.8180112277046987,0.30303030303030304,0.016835016835016835
0.22759581965068362,0.6666666666666666,0.0,0.0,0.0,0.0,0.8409581965068362,0.39,0.045
0.16902088783348573,0.19333333333333333,0.0,0.0,0.0,0.3333333333333333,0.9117031312084204,0.15517241379310345,0.0
0.1552024129826577,0.24,0.0,0.0,0.0,0.0,0.90035746315991,0.2916666666666667,0.0
0.24250766713201072,0.6133333333333333,0.0,0.0,0.0,0.0,0.7224679756679336,0.47282608695652173,0.30978260869565216
0.13754055361765793,0.15666666666666668,0.0,0.0,0.0,0.0,0.8850863872404091,0.2553191489361702,0.0
0.21402012743991816,0.44333333333333336,0.0,0.0,0.0,0.3333333333333333,0.8711912493365247,0.24812030075187969,0.022556390977443608
0.14846614964418503,0.24,0.0,0.0,0.0,0.0,0.8885503853307392,0.20833333333333334,0.027777777777777776
0.21054636873337634,0.6166666666666667,0.0,0.02702702702702703,0.0,0.0,0.8318150386851145,0.3081081081081081,0.0
0.17384771013643163,0.30666666666666664,0.0,0.0,0.0,0.0,0.8763031883208383,0.3913043478260869,0.010869565217391304
0.2243512291543925,0.23666666666666666,0.0,0.0,0.0,0.3333333333333333,0.8932071272246764,0.5915492957746479,0.07042253521126761
0.2881794620403073,0.91,0.0,0.0,0.0,0.3333333333333333,0.8134979171063701,0.3076923076923077,0.06227106227106227
0.14774657757345133,0.2733333333333333,0.0,0.0,0.0,0.0,0.9211243123198789,0.14634146341463417,0.0
0.1830468068491884,0.36,0.0,0.0,0.0,0.0,0.6978754758992913,0.3333333333333333,0.25925925925925924
0.18944506788353407,0.3433333333333333,0.0,0.0,0.0,0.0,0.8940137856314572,0.4368932038834951,0.04854368932038835
0.17113556553523337,0.41333333333333333,0.0,0.0,0.0,0.0,0.8574846876103979,0.217741935483871,0.016129032258064516
0.2845640480150688,0.9333333333333333,0.0,0.03571428571428571,0.0,0.0,0.834926194436402,0.5142857142857142,0.04285714285714286
0.4144483809171313,1.0,0.0,0.0,1.0,0.0,0.8375217838548575,0.2848101265822785,0.022151898734177215
0.2937677336937688,1.0,0.0,0.012406947890818858,0.0,0.0,0.8309775850766453,0.5732009925558312,0.01488833746898263
0.15188114275874273,0.23,0.0,0.0,0.0,0.0,0.8694636015004705,0.17391304347826086,0.13043478260869565
0.1465734677128908,0.25333333333333335,0.0,0.0,0.0,0.0,0.9278399402868027,0.15789473684210525,0.0
0.23683024269763145,0.51,0.0,0.032679738562091505,0.0,0.0,0.8614723616168373,0.5882352941176471,0.10457516339869281
0.18955264181004303,0.46,0.0,0.0,0.0,0.0,0.8866858383902854,0.28260869565217395,0.036231884057971016
0.2058681010385354,0.19,0.0,0.2631578947368421,0.0,0.0,0.9578915367011434,0.42105263157894735,0.0
0.18978395637004936,0.22666666666666666,0.0,0.0,0.0,0.0,0.8960748578181403,0.5294117647058824,0.1323529411764706
0.3927575930490697,1.0,0.0,0.0,0.5,0.3333333333333333,0.7395459239675402,0.4344422700587084,0.17025440313111545
0.26028251945215786,0.6,0.0,0.08333333333333333,0.0,0.0,0.8611585278549119,0.7,0.016666666666666666
0.27614760298055974,1.0,0.0,0.0,0.0,0.0,0.7885030568326246,0.47297297297297297,0.0
0.14909607800090147,0.19666666666666666,0.0,0.0,0.0,0.0,0.8908760342463027,0.3050847457627119,0.0
0.2836399360390442,1.0,0.0,0.036458333333333336,0.0,0.0,0.7681701937237755,0.5031249999999999,0.010416666666666666
0.3162508340073655,0.5733333333333334,0.0,0.05813953488372093,0.5,0.0,0.8548339214690038,0.5581395348837209,0.05232558139534884
0.1792424106538221,0.24,0.0,0.0,0.0,0.0,0.8907574398715542,0.5,0.041666666666666664
0.2427518184670167,0.8066666666666666,0.0,0.0,0.0,0.0,0.8084272755792583,0.371900826446281,0.0371900826446281
0.2917452954182535,1.0,0.0,0.0,0.0,0.0,0.8251910494206305,0.5803571428571429,0.011904761904761904
0.25229931731878075,0.63,0.0,0.0,0.0,0.3333333333333333,0.8372524324470667,0.3492063492063492,0.0582010582010582
0.16328656881882028,0.08666666666666667,0.0,0.19230769230769232,0.0,0.0,0.9836349189574335,0.23076923076923078,0.0
0.2020551134018146,0.62,0.0,0.0,0.0,0.0,0.848615650147178,0.16129032258064516,0.08064516129032258
0.14420898919536487,0.19,0.0,0.0,0.0,0.0,0.7535811200238243,0.21052631578947367,0.19298245614035087
0.18541150290502445,0.45666666666666667,0.0,0.0,0.0,0.0,0.8625456859845508,0.30656934306569344,0.0
0.1915704702899247,0.04,0.0,0.41666666666666663,0.0,0.0,0.8140380362325801,0.0,0.4166666666666667
0.1502439900262903,0.19,0.0,0.0,0.0,0.0,0.8665627072804465,0.3157894736842105,0.03508771929824561
0.17799415060924417,0.26,0.0,0.0641025641025641,0.0,0.0,0.9091722753232113,0.34615384615384615,0.038461538461538464
0.3207019626882599,0.6466666666666666,0.0,0.05154639175257732,0.5,0.0,0.8323804516248666,0.4948453608247423,0.08247422680412371
0.1934100635439664,0.5633333333333334,0.0,0.0,0.0,0.0,0.8228284460905514,0.23076923076923078,0.03550295857988166
0.23820034894401812,0.7666666666666667,0.0,0.0,0.0,0.0,0.8406991416140942,0.3913043478260869,0.0
0.4136376811987863,1.0,0.0,0.05405405405405406,1.0,0.0,0.7661065417175926,0.2554054054054054,0.033783783783783786
0.19387445770496542,0.39,0.0,0.1282051282051282,0.0,0.0,0.8537445770496543,0.28205128205128205,0.02564102564102564
0.17213392261821253,0.14,0.0,0.11904761904761904,0.0,0.0,0.8327677976106966,0.3571428571428571,0.14285714285714285
0.1472652916268981,0.18666666666666668,0.0,0.0,0.0,0.0,0.9069386305546953,0.21428571428571427,0.07142857142857142
0.1429818641969042,0.19333333333333333,0.0,0.0,0.0,0.0,0.8811979523138694,0.25862068965517243,0.0
0.27816898710910626,1.0,0.0,0.0,0.0,0.0,0.7845307801819721,0.45170454545454547,0.045454545454545456
0.15475278916584168,0.24333333333333335,0.0,0.0,0.0,0.0,0.8948566587817045,0.2876712328767123,0.0
0.42051008473287627,1.0,0.0,0.02493765586034913,1.0,0.0,0.821060947079386,0.29177057356608477,0.05486284289276808
0.1493240437348467,0.17,0.0,0.0,0.0,0.0,0.9049071040151336,0.29411764705882354,0.0392156862745098
0.23012400976203629,0.44666666666666666,0.0,0.11194029850746268,0.0,0.0,0.7319863662770794,0.582089552238806,0.14925373134328357
0.2710321246266037,1.0,0.0,0.03863987635239567,0.0,0.0,0.7783274286462538,0.37094281298299847,0.0030911901081916537
0.258083331330811,1.0,0.0,0.0,0.0,0.0,0.6021447887179462,0.1377049180327869,0.34098360655737703
0.27701733320749045,0.7333333333333333,0.0,0.022727272727272728,0.0,0.0,0.5224460593476319,0.5590909090909091,0.5545454545454546
0.1635632493317904,0.17333333333333334,0.0,0.09615384615384616,0.0,0.0,0.6929401856255963,0.2884615384615385,0.25
0.15837161016716272,0.21,0.0,0.0,0.0,0.0,0.887763720719246,0.3333333333333333,0.047619047619047616
0.16518447799107538,0.09666666666666666,0.0,0.1724137931034483,0.0,0.0,0.9033965040486848,0.3103448275862069,0.034482758620689655
0.14816936330695651,0.21666666666666667,0.0,0.0,0.0,0.0,0.9105397869157189,0.18461538461538463,0.06153846153846154
0.27033796070078536,1.0,0.0,0.0,0.0,0.0,0.744377071082241,0.44378698224852076,0.015215553677092139
0.17090532061424268,0.26,0.0,0.0,0.0,0.0,0.8831557702449908,0.3076923076923077,0.1282051282051282
0.16160509205983833,0.3,0.0,0.0,0.0,0.0,0.7771620317094946,0.13333333333333333,0.25555555555555554
0.2601549991802642,0.82,0.0,0.0,0.0,0.0,0.7983792600953248,0.5609756097560975,0.012195121951219513
0.2755505799267685,0.8233333333333334,0.0,0.0,0.0,0.3333333333333333,0.8025570813189676,0.340080971659919,0.044534412955465584
0.15078112911532054,0.14666666666666667,0.0,0.0,0.0,0.0,0.9469022002441145,0.3409090909090909,0.0
0.2776256719215984,0.4766666666666667,0.0,0.0,0.5,0.0,0.8986693066285719,0.3986013986013986,0.013986013986013986
0.2724757024660006,1.0,0.0,0.0,0.0,0.0,0.7738286426971412,0.35013262599469497,0.10079575596816977
0.1729341586537017,0.27,0.0,0.0,0.0,0.0,0.8305144260431899,0.4444444444444444,0.04938271604938271
0.26419021993847913,1.0,0.0,0.0,0.0,0.0,0.8003788578614501,0.2727272727272727,0.0687960687960688
0.14599341976699723,0.13666666666666666,0.0,0.0,0.0,0.0,0.8890805391333868,0.36585365853658536,0.0
0.24448457492015474,0.5266666666666666,0.0,0.0,0.0,0.3333333333333333,0.8658162133365687,0.39873417721518983,0.056962025316455694
0.2749746009708386,0.9166666666666666,0.0,0.1090909090909091,0.0,0.0,0.5820187369811132,0.24,0.3890909090909091
0.2215291883144341,0.4,0.0,0.0,0.0,0.0,0.8402918831443411,0.5499999999999999,0.225
0.13254159166645815,0.15333333333333332,0.0,0.0,0.0,0.0,0.8345463514471902,0.06521739130434782,0.1956521739130435
0.17394860655436073,0.31333333333333335,0.0,0.10638297872340426,0.0,0.0,0.8652307463946711,0.19148936170212766,0.05319148936170213
0.14628745336143315,0.22333333333333333,0.0,0.0,0.0,0.0,0.903993936599406,0.22388059701492535,0.0
0.24505677537875503,0.7133333333333334,0.0,0.0,0.0,0.0,0.8198200902361483,0.46261682242990654,0.09813084112149532
0.18385193614786227,0.23666666666666666,0.0,0.0,0.0,0.3333333333333333,0.8966649013847261,0.2535211267605634,0.0
0.26826458560213945,1.0,0.0,0.0,0.0,0.0,0.6941970111369065,0.31683168316831684,0.1716171617161716
0.18993176954614144,0.13333333333333333,0.0,0.25,0.0,0.0,0.8743176954614147,0.44999999999999996,0.0
0.2538876411510467,0.99,0.0,0.0,0.0,0.0,0.8316541892882441,0.2121212121212121,0.010101010101010102
0.2260131597262973,0.7933333333333333,0.0,0.0,0.0,0.0,0.8516442023049898,0.20168067226890757,0.01680672268907563
0.14455391698487663,0.23666666666666666,0.0,0.0,0.0,0.0,0.9215250853417241,0.16901408450704225,0.0
0.20177914389416685,0.5333333333333333,0.0,0.03125,0.0,0.0,0.7771664389416686,0.1875,0.20625
0.2744967352841964,1.0,0.0,0.0,0.0,0.3333333333333333,0.7856497675401269,0.12598425196850394,0.0
0.2874968576524831,1.0,0.0,0.014044943820224719,0.0,0.0,0.8061483518057305,0.5056179775280899,0.042134831460674156
0.13565726443407036,0.16666666666666666,0.0,0.0,0.0,0.0,0.9065726443407037,0.18,0.02
0.18372074737408142,0.43333333333333335,0.0,0.0,0.0,0.0,0.8564382429715833,0.3230769230769231,0.007692307692307693
0.1968918528768512,0.22333333333333333,0.0,0.07462686567164178,0.0,0.0,0.8951125586192581,0.6268656716417911,0.0
0.17822429113970845,0.49,0.0,0.0,0.0,0.0,0.775134067859669,0.24489795918367346,0.027210884353741496
0.2894395150283387,1.0,0.0,0.0,0.0,0.3333333333333333,0.7848187230274016,0.2569060773480663,0.019337016574585635
0.28382779724524293,1.0,0.0,0.0364963503649635,0.0,0.0,0.7652852717225025,0.5005213764337851,0.017726798748696558
0.2910005668170499,0.6766666666666666,0.0,0.024630541871921183,0.5,0.0,0.8568283282690213,0.22167487684729065,0.029556650246305417
0.2692209048669529,0.19333333333333333,0.0,0.08620689655172414,0.5,0.0,0.9366918072902183,0.5172413793103449,0.06896551724137931
0.22130425071580598,0.6233333333333333,0.0,0.0,0.0,0.3333333333333333,0.8217145214183093,0.1122994652406417,0.0106951871657754
0.20467709723507235,0.7333333333333333,0.0,0.0,0.0,0.0,0.8013164268961779,0.10909090909090909,0.03636363636363636
0.2478567234440588,0.9633333333333334,0.0,0.0,0.0,0.0,0.8121139472433562,0.18685121107266434,0.03460207612456748
0.2997498594719268,1.0,0.0,0.0,0.0,0.3333333333333333,0.7899078356433606,0.35049504950495053,0.023762376237623763
0.22713873761084688,0.6833333333333333,0.0,0.024390243902439025,0.0,0.0,0.8488264004987127,0.29268292682926833,0.06829268292682927
0.2813476178109822,1.0,0.0,0.0,0.0,0.0,0.830504041886912,0.4458204334365325,0.03715170278637771
0.25102356138044063,0.6566666666666666,0.0,0.025380710659898477,0.0,0.0,0.8627990655810558,0.6091370558375635,0.015228426395939087
0.1813281029201223,0.42,0.0,0.0,0.0,0.0,0.8420111879313816,0.26190476190476186,0.07936507936507936
0.20361492195192452,0.5466666666666666,0.0,0.03048780487804878,0.0,0.0,0.11553946342168406,0.12804878048780488,0.926829268292683
0.1891253589518151,0.49,0.0,0.0,0.0,0.0,0.8297229772732527,0.32653061224489793,0.0
0.22783367544557842,0.18333333333333332,0.0,0.0,0.5,0.0,0.9260640271830568,0.2727272727272727,0.05454545454545454
0.13023560964005024,0.17666666666666667,0.0,0.0,0.0,0.0,0.9052806247023891,0.11320754716981132,0.018867924528301886
0.17134645182344363,0.14,0.0,0.0,0.0,0.0,0.9558454706153885,0.5,0.047619047619047616
0.29283805886861425,1.0,0.0,0.0,0.0,0.3333333333333333,0.7617139220194762,0.31620553359683795,0.017127799736495388
0.2697967045676659,1.0,0.0,0.0,0.0,0.0,0.7712569479567897,0.3713355048859935,0.05537459283387622
0.2459352727557796,0.7733333333333333,0.0,0.0,0.0,0.3333333333333333,0.7979159459486006,0.15517241379310345,0.01293103448275862
0.17526744718253937,0.03,0.0,0.0,0.0,0.0,0.9298966940476158,0.6666666666666666,0.1111111111111111
0.2602491737654764,1.0,0.0,0.0,0.0,0.0,0.7658083205693369,0.33668341708542715,0.0
0.13742055966920244,0.05,0.0,0.0,0.0,0.3333333333333333,0.965872263358691,0.0,0.0
0.10838431530811267,0.11,0.0,0.0,0.0,0.0,0.9188431530811266,0.0,0.0
0.2816193405903715,1.0,0.0,0.0,0.0,0.0,0.8279427531622006,0.4856396866840731,0.0026109660574412533
0.14593838962121664,0.15333333333333332,0.0,0.0,0.0,0.0,0.9685143309947751,0.2608695652173913,0.0
0.25362939546313995,0.8933333333333333,0.0,0.0,0.0,0.0,0.8642044023925937,0.3246268656716418,0.007462686567164179
0.17215712768117944,0.2966666666666667,0.0,0.0,0.0,0.0,0.7597173442275246,0.3033707865168539,0.21348314606741572
0.32977679329646875,0.8933333333333333,0.0,0.0,0.5,0.0,0.7973201717706585,0.39179104477611937,0.018656716417910446
0.18401892686773863,0.5233333333333333,0.0,0.0,0.0,0.0,0.6029599693143288,0.30573248407643316,0.1464968152866242
0.2844953628419264,1.0,0.0,0.0,0.0,0.0,0.8138332964690567,0.5228215767634854,0.008298755186721992
0.26960680987422864,0.45666666666666667,0.0,0.0,0.5,0.0,0.8669075148006806,0.30656934306569344,0.08759124087591241
0.187088601574459,0.42333333333333334,0.0,0.03937007874015748,0.0,0.0,0.8382482204689996,0.23622047244094488,0.10236220472440945
0.1447031866465707,0.12,0.0,0.0,0.0,0.0,0.9059207553545958,0.3333333333333333,0.027777777777777776
0.14635714285714285,0.023333333333333334,0.0,0.0,0.0,0.0,1.0,0.42857142857142855,0.0
0.17602576353884664,0.15,0.0,0.0,0.0,0.0,0.9352576353884662,0.6000000000000001,0.0
0.15600295851910073,0.36666666666666664,0.0,0.0,0.0,0.0,0.8736659488273709,0.08181818181818182,0.05454545454545454
0.2099685644457482,0.4033333333333333,0.0,0.0,0.0,0.0,0.8996443221434323,0.5950413223140496,0.0
0.2669668429200218,1.0,0.0,0.0,0.0,0.0,0.7165434292002177,0.328125,0.125
0.2769460525093462,1.0,0.0,0.0,0.0,0.0,0.8054082375117626,0.4215686274509804,0.042483660130718956
0.16371958213883994,0.18666666666666668,0.0,0.0,0.0,0.0,0.9107672499598279,0.375,0.07142857142857142
0.23232399750160385,0.24,0.0,0.06944444444444445,0.5,0.0,0.8868510861271495,0.125,0.09722222222222222
0.21139098285226318,0.7066666666666667,0.0,0.0,0.0,0.0,0.8416456775792355,0.19811320754716982,0.014150943396226415
0.18129921839461732,0.43,0.0,0.0,0.0,0.0,0.5555890831709795,0.13953488372093023,0.4728682170542636
0.17291046480348612,0.17,0.0,0.0,0.0,0.0,0.9446928833289788,0.5294117647058824,0.0
0.15633313407351654,0.10333333333333333,0.0,0.0,0.0,0.0,0.8599442439609717,0.29032258064516125,0.25806451612903225
0.1546091949158245,0.15,0.0,0.11111111111111112,0.0,0.0,0.9322030602693562,0.2,0.022222222222222223
0.18419914972896537,0.24,0.0,0.0,0.0,0.0,0.89865816395632,0.5416666666666666,0.041666666666666664
0.15298761028730323,0.22333333333333333,0.0,0.07462686567164178,0.0,0.0,0.9187566998879575,0.13432835820895522,0.029850746268656716
0.25251876392218736,1.0,0.0,0.0,0.0,0.0,0.7583809165327982,0.21428571428571427,0.052521008403361345
0.2849155647699381,1.0,0.0,0.0,0.0,0.3333333333333333,0.7661960064437763,0.2376681614349776,0.01195814648729447
0.1458328724960607,0.17,0.0,0.0,0.0,0.0,0.9092110779017833,0.29411764705882354,0.0
0.1792057295902378,0.3,0.0,0.0,0.0,0.3333333333333333,0.842057295902378,0.16666666666666666,0.0
0.1721373766161231,0.23,0.0,0.0,0.0,0.0,0.8691273893496367,0.3913043478260869,0.11594202898550725
0.19209496661993636,0.33666666666666667,0.0,0.0,0.0,0.3333333333333333,0.8746955407868224,0.20792079207920794,0.0
0.3051719231841715,0.8966666666666666,0.0,0.0,0.0,0.0,0.8331132838863252,0.7695167286245352,0.10408921933085502
0.1196289372256916,0.08666666666666667,0.0,0.0,0.0,0.0,0.9509047568723006,0.11538461538461539,0.0
0.28823139762859146,1.0,0.0,0.04784688995215311,0.0,0.0,0.8081512968600773,0.43779904306220097,0.0645933014354067
0.2814238044667647,1.0,0.0,0.01256281407035176,0.0,0.0,0.8180068888887523,0.4522613065326633,0.02512562814070352
0.22666331476047757,0.5133333333333333,0.0,0.0,0.0,0.3333333333333333,0.8645985155701437,0.2532467532467533,0.045454545454545456
0.1654015335322799,0.27666666666666667,0.0,0.0,0.0,0.0,0.8896177449613533,0.25301204819277107,0.0963855421686747
0.20504214255420122,0.47,0.0,0.0,0.0,0.0,0.8205987305065512,0.46808510638297873,0.05673758865248227
0.24087832336651044,0.8833333333333333,0.0,0.0,0.0,0.0,0.7894436110235953,0.21509433962264152,0.07924528301886792
0.15505776847185043,0.09333333333333334,0.0,0.0,0.0,0.0,0.5891491132899327,0.3214285714285714,0.5
0.19689536084324236,0.5166666666666667,0.0,0.0,0.0,0.0,0.8520181245614556,0.3096774193548387,0.03225806451612903
0.1983251166852788,0.43666666666666665,0.0,0.0,0.0,0.3333333333333333,0.8575132533667831,0.11450381679389313,0.022900763358778626
0.2782284701378992,0.30666666666666664,0.0,0.05434782608695652,0.5,0.0,0.7951107883355137,0.4891304347826087,0.20652173913043478
0.14396294729713874,0.14666666666666667,0.0,0.0,0.0,0.0,0.9469022002441145,0.2727272727272727,0.0
0.18342343613518125,0.13333333333333333,0.0,0.0,0.0,0.0,0.9342343613518124,0.6000000000000001,0.1
0.14612116860597787,0.18333333333333332,0.0,0.0,0.0,0.0,0.9134844133325059,0.21818181818181817,0.05454545454545454
0.18866837538880224,0.36,0.0,0.0,0.0,0.0,0.8466837538880224,0.4166666666666667,0.08333333333333333
0.17946042529759637,0.33,0.0,0.0,0.0,0.0,0.8248567782284889,0.36363636363636365,0.1111111111111111
0.12310181288538227,0.20666666666666667,0.0,0.0,0.0,0.0,0.8726310320796291,0.04838709677419355,0.0
0.22939339256196678,0.11333333333333333,0.0,0.14705882352941177,0.5,0.0,0.9768751020902559,0.1764705882352941,0.0
0.1858685201661279,0.43,0.0,0.0,0.0,0.0,0.6865534187155424,0.27906976744186046,0.24806201550387597
0.21052971607253376,0.65,0.0,0.0,0.0,0.0,0.8328612632894403,0.27692307692307694,0.020512820512820513
0.1275170031578566,0.03666666666666667,0.0,0.0,0.0,0.0,0.9474427588512933,0.2727272727272727,0.0
0.2659297067284091,0.6666666666666666,0.0,0.0,0.0,0.0,0.8392970672840908,0.72,0.1
0.20834382745249413,0.55,0.0,0.0,0.0,0.0,0.8099534260400925,0.34545454545454546,0.10303030303030303
0.1788720478252025,0.5233333333333333,0.0,0.0,0.0,0.0,0.8508542362138082,0.15286624203821658,0.0
0.18289215851749993,0.23666666666666666,0.0,0.0,0.0,0.0,0.8682877823580979,0.5492957746478874,0.056338028169014086
0.23857914639891534,0.8566666666666667,0.0,0.0,0.0,0.0,0.8167447713821494,0.25680933852140075,0.027237354085603113
0.2084673345068081,0.32,0.0,0.0,0.0,0.3333333333333333,0.9275900117347478,0.3125,0.03125
0.22157493784032395,0.18666666666666668,0.0,0.0,0.0,0.0,0.7750350926889539,0.9642857142857144,0.19642857142857142
0.22845695777593134,0.6433333333333333,0.0,0.02590673575129534,0.0,0.0,0.6744918575520595,0.27979274611398963,0.32642487046632124
0.186253413673009,0.36333333333333334,0.0,0.0,0.0,0.0,0.7762497330603652,0.3577981651376147,0.1834862385321101
0.3269530020113168,0.45666666666666667,0.0,0.0,1.0,0.0,0.8801504580693719,0.19708029197080293,0.0072992700729927005
0.1716185049737247,0.2866666666666667,0.0,0.05813953488372093,0.0,0.0,0.919905979969805,0.27906976744186046,0.0
0.1823503885177871,0.09666666666666666,0.0,0.1724137931034483,0.0,0.0,0.9716073334537331,0.41379310344827586,0.034482758620689655
0.15710172792544852,0.31666666666666665,0.0,0.0,0.0,0.0,0.8749646476755378,0.15789473684210525,0.06315789473684211
0.21358276099508758,0.4766666666666667,0.0,0.0,0.0,0.0,0.8404080295312957,0.4825174825174825,0.0979020979020979
0.26924083344623034,0.8833333333333333,0.0,0.056603773584905655,0.0,0.0,0.8296724854056996,0.3735849056603774,0.07924528301886792
0.1614153194937347,0.25666666666666665,0.0,0.0,0.0,0.0,0.8655168313009831,0.3116883116883117,0.05194805194805195
0.1957816777276851,0.38666666666666666,0.0,0.0,0.0,0.0,0.8950581565871955,0.4655172413793104,0.017241379310344827
0.16336685073743698,0.21666666666666667,0.0,0.0,0.0,0.0,0.8932838919897542,0.4153846153846154,0.0
0.26359431500284836,1.0,0.0,0.011547344110854504,0.0,0.0,0.7583449976035413,0.32563510392609696,0.03464203233256351
0.2091955668324077,0.07333333333333333,0.0,0.0,0.5,0.0,0.9592283955968041,0.2727272727272727,0.0
0.13534567814422005,0.19333333333333333,0.0,0.0,0.0,0.0,0.8910429883387523,0.15517241379310345,0.017241379310344827
0.2688816095251948,0.8633333333333333,0.0,0.0,0.0,0.3333333333333333,0.7786294800653335,0.2548262548262548,0.02702702702702703
0.14883657136151002,0.20666666666666667,0.0,0.0,0.0,0.0,0.8719141007118745,0.14516129032258063,0.16129032258064516
0.14262590566908745,0.19333333333333333,0.0,0.0,0.0,0.0,0.9293625049667363,0.20689655172413793,0.0
0.21946900272212952,0.59,0.0,0.0,0.0,0.0,0.8690120611196003,0.4067796610169492,0.03389830508474576
0.18453736184672997,0.5633333333333334,0.0,0.0,0.0,0.0,0.7045156303016191,0.21301775147928995,0.08284023668639054
0.17938632257835574,0.05,0.0,0.0,0.0,0.0,0.9188632257835573,0.8,0.0
0.1605419944140581,0.10333333333333333,0.0,0.0,0.0,0.0,0.8697747828502581,0.5806451612903225,0.0
0.20100997229206455,0.66,0.0,0.0,0.0,0.0,0.8382815411024636,0.18181818181818182,0.0
0.19863803665569707,0.5,0.0,0.03333333333333333,0.0,0.0,0.8863803665569706,0.30000000000000004,0.0
0.1290439256771595,0.14666666666666667,0.0,0.0,0.0,0.0,0.888621074953413,0.13636363636363635,0.045454545454545456
0.3767192734014681,0.8866666666666667,0.0,0.0,0.5,0.3333333333333333,0.8801751901550317,0.47368421052631576,0.0
0.16866463287417735,0.37,0.0,0.0,0.0,0.0,0.816331013426458,0.2972972972972973,0.018018018018018018
0.14274518795708666,0.11,0.0,0.0,0.0,0.0,0.9594215765405636,0.2727272727272727,0.030303030303030304
0.14531090342822392,0.17333333333333334,0.0,0.0,0.0,0.0,0.9046474958207007,0.2884615384615385,0.0
0.19282169131781374,0.36,0.0,0.0,0.0,0.0,0.915994690955915,0.4722222222222222,0.0
0.275310732746399,0.93,0.0,0.12544802867383514,0.0,0.0,0.7685015926969645,0.3010752688172043,0.1003584229390681
0.1764415897878567,0.18,0.0,0.0,0.0,0.0,0.883304786767456,0.611111111111111,0.0
0.21611146717702379,0.7266666666666667,0.0,0.022935779816513763,0.0,0.0,0.8532247635133574,0.17889908256880735,0.0045871559633027525
0.17207236933871586,0.30666666666666664,0.0,0.0,0.0,0.0,0.8585497803436801,0.3586956521739131,0.043478260869565216
0.17184506042500214,0.19666666666666666,0.0,0.0,0.0,0.0,0.9149760279788348,0.4067796610169492,0.1016949152542373
0.207052120471494,0.6033333333333334,0.0,0.0,0.0,0.0,0.8285046301293043,0.3149171270718232,0.022099447513812154
0.27176123609610864,1.0,0.0,0.01059322033898305,0.0,0.0,0.8034174457068493,0.3241525423728814,0.07415254237288135
0.2867816461539994,1.0,0.0,0.011135857461024499,0.0,0.3333333333333333,0.7115432618369504,0.17706013363028952,0.1291759465478842
0.145470328123811,0.2,0.0,0.0,0.0,0.0,0.9047032812381101,0.25,0.0
0.2148770678458054,0.43,0.0,0.0,0.0,0.3333333333333333,0.8448559497758832,0.27906976744186046,0.046511627906976744
0.2448921874568731,0.6266666666666667,0.0,0.0,0.0,0.3333333333333333,0.8404821582566744,0.2872340425531915,0.047872340425531915
0.2547847765444189,0.25333333333333335,0.0,0.06578947368421052,0.5,0.0,0.8849530286020837,0.4342105263157895,0.0
0.22418415107091919,0.12,0.0,0.0,0.0,0.3333333333333333,0.9785081773758584,0.75,0.0
0.23233054827003796,1.0,0.0,0.0,0.0,0.0,0.564364137922125,0.22317596566523606,0.0357653791130186
0.24940482297236463,0.23333333333333334,0.0,0.07142857142857142,0.5,0.0,0.9154768011522177,0.34285714285714286,0.02857142857142857
0.2181938058369445,0.7533333333333333,0.0,0.0,0.0,0.0,0.7776017751836046,0.23893805309734512,0.035398230088495575
0.2871906403285776,1.0,0.0,0.022988505747126436,0.0,0.0,0.6132857136306036,0.3931034482758621,0.3310344827586207
0.18619195988801177,0.5966666666666667,0.0,0.0,0.0,0.0,0.8160816100533022,0.1005586592178771,0.05027932960893855
0.20362118329925016,0.56,0.0,0.0,0.0,0.0,0.8390689758496446,0.25,0.10714285714285714
0.1608617691956696,0.13,0.0,0.0,0.0,0.0,0.849515127854132,0.3076923076923077,0.2564102564102564
0.2666650452505052,0.07,0.0,0.23809523809523808,0.5,0.0,0.9783171191717186,0.42857142857142855,0.047619047619047616
0.1602992114996443,0.26666666666666666,0.0,0.0,0.0,0.0,0.890492114996443,0.26249999999999996,0.05
0.23729993024995333,0.77,0.0,0.0,0.0,0.0,0.8283889128891437,0.3116883116883117,0.07792207792207792
0.2435447483724534,0.7566666666666667,0.0,0.0,0.0,0.0,0.8114606995835649,0.40969162995594716,0.07929515418502203
0.17551212904267002,0.32,0.0,0.0,0.0,0.0,0.8688712904267002,0.375,0.03125
0.14577664923855638,0.17,0.0,0.0,0.0,0.0,0.9282566884639951,0.23529411764705882,0.0392156862745098
0.17572483468024458,0.3566666666666667,0.0,0.04672897196261682,0.0,0.0,0.8998184402603897,0.16822429906542055,0.08411214953271028
0.135,0.03333333333333333,0.0,0.0,0.0,0.0,1.0,0.30000000000000004,0.0
0.21314623602382352,0.44,0.0,0.0,0.0,0.3333333333333333,0.8729775117533868,0.25,0.015151515151515152
0.30078857215032784,1.0,0.0,0.07575757575757576,0.0,0.0,0.7487948124123697,0.5181818181818182,0.12727272727272726
0.27786923547394143,1.0,0.0,0.0,0.0,0.3333333333333333,0.7434359444830043,0.16346153846153846,0.038461538461538464
0.14169330891087836,0.06333333333333334,0.0,0.0,0.0,0.0,0.9008804575298361,0.3157894736842105,0.10526315789473684
0.3434727649660211,1.0,0.0,0.011933174224343677,0.5,0.0,0.8016727570587787,0.35799522673031026,0.007159904534606206
0.23823754803943764,0.30666666666666664,0.0,0.0,0.0,0.3333333333333333,0.8281725818436516,0.5543478260869565,0.20652173913043478
0.20500679214428963,0.47333333333333333,0.0,0.0,0.0,0.0,0.8330256679217694,0.5070422535211268,0.0
0.21908488668244247,0.43333333333333335,0.0,0.038461538461538464,0.0,0.0,0.7831565591321171,0.5076923076923077,0.19230769230769232
0.20578956847659557,0.6533333333333333,0.0,0.0,0.0,0.0,0.8227936439496293,0.24489795918367346,0.01020408163265306
0.2961622321805423,1.0,0.0,0.010351966873706004,0.0,0.0,0.7918500650766441,0.6149068322981366,0.039337474120082816
0.23046257120465985,0.7466666666666667,0.0,0.0,0.0,0.0,0.8364114263323127,0.3214285714285714,0.026785714285714284
0.27580610659352345,0.9533333333333334,0.0,0.0,0.0,0.3333333333333333,0.7884340263081948,0.1993006993006993,0.006993006993006993
0.21203448940171482,0.5566666666666666,0.0,0.0,0.0,0.0,0.8721712413225378,0.39520958083832336,0.017964071856287425
0.14497824181936847,0.18666666666666668,0.0,0.0,0.0,0.0,0.8662109896222562,0.1607142857142857,0.14285714285714285
0.14321957950392575,0.14666666666666667,0.0,0.0,0.0,0.0,0.9167412495847119,0.20454545454545453,0.09090909090909091
0.3012943117784928,0.5766666666666667,0.0,0.028901734104046242,0.5,0.3333333333333333,0.8420664318504384,0.17341040462427745,0.005780346820809248
0.11105134195787356,0.13666666666666666,0.0,0.0,0.0,0.0,0.9055134195787357,0.0,0.0
0.1275,0.05,0.0,0.0,0.0,0.0,0.9999999999999998,0.2,0.0
0.16598561036341797,0.30333333333333334,0.0,0.0,0.0,0.0,0.8751857739638499,0.23076923076923078,0.0989010989010989
0.21855991469428993,0.4266666666666667,0.0,0.1171875,0.0,0.0,0.6666928969428992,0.3515625,0.3515625
0.2010539702549405,0.5833333333333334,0.0,0.0,0.0,0.0,0.8098254168351191,0.32571428571428573,0.0
0.19026809703788686,0.4033333333333333,0.0,0.0,0.0,0.0,0.8761933670730836,0.371900826446281,0.049586776859504134
0.17120239509315763,0.3433333333333333,0.0,0.0,0.0,0.0,0.8669268635529356,0.3203883495145631,0.009708737864077669
0.2739573948361117,1.0,0.0,0.0,0.0,0.0,0.7716727137932161,0.4185185185185185,0.04938271604938271
0.2931151335351863,1.0,0.0,0.022988505747126436,0.0,0.0,0.7150593813288747,0.5689655172413792,0.11264367816091954
0.2242352267834296,0.68,0.0,0.0,0.0,0.0,0.8105875619519427,0.411764705882353,0.0
0.18385490591357087,0.26,0.0,0.0,0.0,0.0,0.7818823924690422,0.4230769230769231,0.24358974358974358
0.27199985843828295,0.9,0.0,0.0,0.0,0.0,0.8403689547531993,0.4444444444444444,0.08518518518518518
0.14684137298968863,0.16333333333333333,0.0,0.0,0.0,0.0,0.9172912809172944,0.30612244897959184,0.0
0.22930409230769055,0.71,0.0,0.0,0.0,0.0,0.810200547490051,0.3380281690140845,0.07981220657276995
0.19834439232401302,0.25333333333333335,0.0,0.0,0.0,0.0,0.6166018179769723,0.7894736842105263,0.19736842105263158
0.2510789285845049,1.0,0.0,0.0,0.0,0.0,0.7443800194357827,0.2548262548262548,0.011583011583011582
0.1640066916290523,0.19333333333333333,0.0,0.0,0.0,0.0,0.9190324335319022,0.3620689655172414,0.06896551724137931
0.15793324559715852,0.36,0.0,0.0,0.0,0.0,0.9004435670826966,0.1111111111111111,0.027777777777777776
0.21877910236323134,0.6,0.0,0.02777777777777778,0.0,0.0,0.8683465791878685,0.31666666666666665,0.06111111111111111
0.2818938022211915,1.0,0.0,0.0,0.0,0.3333333333333333,0.7835428332084783,0.16082474226804122,0.041237113402061855
0.22527592334707244,0.73,0.0,0.0,0.0,0.0,0.8244259001373908,0.3150684931506849,0.0182648401826484
0.1609300639552541,0.43333333333333335,0.0,0.0,0.0,0.0,0.8669929472448487,0.09230769230769231,0.0
0.199536030615428,0.30666666666666664,0.0,0.0,0.0,0.3333333333333333,0.7998530597774681,0.2608695652173913,0.14130434782608695
0.25713640498631346,1.0,0.0,0.011876484560570073,0.0,0.0,0.8373973040199039,0.2066508313539192,0.009501187648456057
0.1614219921852464,0.21333333333333335,0.0,0.0,0.0,0.0,0.8723449218524638,0.421875,0.0
0.23489323439126963,0.18,0.0,0.18518518518518517,0.0,0.0,0.8567101216904742,0.9444444444444444,0.0
0.17746383020282142,0.27,0.0,0.0,0.0,0.0,0.9128481785714238,0.4444444444444444,0.012345679012345678
0.3304282262263338,1.0,0.0,0.004945598417408506,0.5,0.0,0.7669429942119037,0.255192878338279,0.024727992087042534
0.2927254916368695,1.0,0.0,0.0,0.0,0.0,0.8345497491954426,0.5927051671732523,0.0
0.28520856737152384,1.0,0.0,0.0,0.0,0.3333333333333333,0.7761487900860472,0.23668639053254437,0.005917159763313609
0.13813862707256394,0.22333333333333333,0.0,0.0,0.0,0.0,0.8822071662480273,0.13432835820895522,0.029850746268656716
0.17891277547631265,0.39666666666666667,0.0,0.08403361344537814,0.0,0.0,0.8411865782925384,0.22689075630252098,0.0
0.2565176381013988,0.84,0.0,0.0,0.0,0.0,0.81708114291875,0.47619047619047616,0.011904761904761904
0.17115505939700557,0.26,0.0,0.1282051282051282,0.0,0.0,0.8984736708931326,0.23076923076923078,0.0
0.312898230134281,1.0,0.0,0.017921146953405017,0.0,0.3333333333333333,0.7938568533141361,0.39247311827956993,0.08243727598566308
0.2258980222085033,0.5833333333333334,0.0,0.0,0.0,0.0,0.8696945077993186,0.5142857142857142,0.0
0.133371278669687,0.13333333333333333,0.0,0.0,0.0,0.0,0.88371278669687,0.15000000000000002,0.1
0.26885294163144735,0.8833333333333333,0.0,0.0,0.0,0.0,0.8050388502767376,0.4867924528301887,0.07169811320754717
0.2535135421426775,0.77,0.0,0.021645021645021644,0.0,0.0,0.8281873694787231,0.4545454545454546,0.06493506493506493
0.22401421902671362,0.7766666666666666,0.0,0.0,0.0,0.0,0.8176314606534025,0.23175965665236054,0.02575107296137339
0.1672346144208289,0.06666666666666667,0.0,0.0,0.0,0.0,0.7223461442082889,0.44999999999999996,0.4
0.23090013255983752,0.8833333333333333,0.0,0.0,0.0,0.0,0.8028692501266773,0.12452830188679245,0.05660377358490566
0.19057468904340735,0.25333333333333335,0.0,0.0,0.0,0.0,0.9336416272761787,0.5921052631578947,0.0
0.29944302433651643,1.0,0.0,0.016611295681063124,0.0,0.3333333333333333,0.8305321259786754,0.27906976744186046,0.026578073089700997
0.2015,0.01,0.0,0.0,0.0,0.0,1.0,1.0,0.0
0.11849298031950281,0.12666666666666668,0.0,0.0,0.0,0.0,0.9159824347739755,0.07894736842105263,0.0
0.1698003008544291,0.31666666666666665,0.0,0.0,0.0,0.0,0.823003008544291,0.25263157894736843,0.14736842105263157
0.11840559770744193,0.12,0.0,0.0,0.0,0.0,0.9207226437410859,0.08333333333333333,0.0
0.1537437602753786,0.11333333333333333,0.0,0.0,0.0,0.0,0.9262611321655504,0.3529411764705882,0.08823529411764706
0.1673165433819421,0.39,0.0,0.0,0.0,0.0,0.8488491945031815,0.20512820512820515,0.03418803418803419
0.13686170852029372,0.14,0.0,0.0,0.0,0.0,0.9205218471076991,0.21428571428571427,0.023809523809523808
0.18989968719264627,0.09333333333333334,0.0,0.17857142857142855,0.0,0.0,0.955425443355034,0.5357142857142857,0.0
0.1488329665995668,0.23666666666666666,0.0,0.0,0.0,0.0,0.8657240321928512,0.2112676056338028,0.056338028169014086
0.14998415909588825,0.25666666666666665,0.0,0.0,0.0,0.0,0.8940623701796615,0.1948051948051948,0.025974025974025976
0.20433884763578458,0.5433333333333333,0.0,0.0,0.0,0.0,0.85415534752349,0.36809815950920244,0.006134969325153374
0.18917198963093135,0.30666666666666664,0.0,0.0,0.0,0.0,0.73606772239627,0.3913043478260869,0.30434782608695654
0.15539484573479398,0.14666666666666667,0.0,0.0,0.0,0.0,0.902130275529758,0.3409090909090909,0.09090909090909091
0.14897078636971878,0.17,0.0,0.0,0.0,0.0,0.8033353146775801,0.23529411764705882,0.19607843137254902
0.14509274032174393,0.2,0.0,0.0,0.0,0.0,0.8842607365507724,0.25,0.016666666666666666
0.1409256416337507,0.12666666666666668,0.0,0.0,0.0,0.0,0.9560985216006649,0.23684210526315788,0.02631578947368421
0.11735464747815719,0.11,0.0,0.0,0.0,0.0,0.8873343535694506,0.0,0.12121212121212122
0.1327727272727273,0.03666666666666667,0.0,0.0,0.0,0.0,1.0,0.2727272727272727,0.0
0.14678007514697886,0.19666666666666666,0.0,0.0,0.0,0.0,0.9185634633341953,0.2033898305084746,0.05084745762711865
0.1630994924641564,0.11666666666666667,0.0,0.0,0.0,0.3333333333333333,0.951233019879659,0.17142857142857143,0.0
0.15493478251632234,0.30333333333333334,0.0,0.0,0.0,0.0,0.8855566163720145,0.19780219780219782,0.01098901098901099
0.18051749529204508,0.6033333333333334,0.0,0.0,0.0,0.0,0.8007274391082958,0.08287292817679558,0.016574585635359115
0.26682619061759966,1.0,0.0,0.0,0.0,0.0,0.8044226204617108,0.36160714285714285,0.002232142857142857
0.2752626405427248,1.0,0.0,0.0,0.0,0.3333333333333333,0.7116007644016075,0.16923076923076924,0.038461538461538464
0.2570558146683738,1.0,0.0,0.0,0.0,0.0,0.7792416200730937,0.2857142857142857,0.0056022408963585435
0.16749770431216932,0.09,0.0,0.0,0.0,0.0,0.9844214875661376,0.5555555555555556,0.0
0.2388599746540871,0.7933333333333333,0.0,0.0,0.0,0.0,0.7574232759526354,0.2647058823529412,0.17647058823529413
0.28227181745000907,0.9966666666666667,0.0,0.0,0.0,0.0,0.6186880741656426,0.3511705685618729,0.35785953177257523
0.21579213029338307,0.5666666666666667,0.0,0.0,0.0,0.0,0.8196860088161835,0.4764705882352941,0.011764705882352941
0.18273780109792337,0.36333333333333334,0.0,0.0,0.0,0.0,0.7502679192361144,0.30275229357798167,0.22935779816513763
0.24746070918017268,0.22,0.0,0.0,0.5,0.0,0.9097586069532421,0.4545454545454546,0.030303030303030304
0.34137117362035757,1.0,0.0,0.0,0.0,0.6666666666666666,0.7956734984645898,0.34413965087281795,0.10723192019950124
0.30253014058842786,1.0,0.0,0.0,0.0,0.6666666666666666,0.7176655762220171,0.11233480176211454,0.028634361233480177
0.37510826023125354,1.0,0.0,0.0641025641025641,0.5,0.0,0.8228774741074072,0.5,0.08205128205128205
0.19011695504350148,0.48333333333333334,0.0,0.0,0.0,0.0,0.85892817112467,0.2896551724137931,0.027586206896551724
0.2504758311274855,1.0,0.0,0.005165289256198347,0.0,0.0,0.695357484828574,0.23863636363636365,0.06301652892561983
0.2747018108837171,1.0,0.0,0.0,0.0,0.0,0.805757363851498,0.3954154727793696,0.045845272206303724
0.2845355902939092,1.0,0.0,0.0,0.0,0.0,0.7281145236287472,0.5172413793103449,0.1
0.16171779838675346,0.11666666666666667,0.0,0.14285714285714285,0.0,0.0,0.9136065552961059,0.2571428571428571,0.05714285714285714
0.19057985290235951,0.5766666666666667,0.0,0.0,0.0,0.0,0.8211453498328438,0.20809248554913293,0.011560693641618497
0.16835274489649793,0.3,0.0,0.0,0.0,0.0,0.8557496711872016,0.26666666666666666,0.1111111111111111
0.22873599899115615,0.8333333333333334,0.0,0.02,0.0,0.0,0.8313599899115613,0.156,0.02
0.19729830632148382,0.47333333333333333,0.0,0.0,0.0,0.0,0.8756591195528662,0.38028169014084506,0.007042253521126761
0.2554091145236326,1.0,0.0,0.0,0.0,0.0,0.810670092604747,0.22697368421052633,0.01644736842105263
0.12866767556414543,0.21,0.0,0.0,0.0,0.0,0.8764386604033589,0.09523809523809523,0.0
0.271522647374721,1.0,0.0,0.014492753623188406,0.0,0.0,0.7616032853414129,0.33043478260869563,0.10144927536231885
0.17588666432601158,0.21666666666666667,0.0,0.07692307692307693,0.0,0.0,0.8569435663370385,0.27692307692307694,0.18461538461538463
0.2015241395365098,0.35333333333333333,0.0,0.04716981132075471,0.0,0.3333333333333333,0.8736061752393118,0.169811320754717,0.03773584905660377
0.12084073990415364,0.03666666666666667,0.0,0.0,0.0,0.0,0.7897710354051727,0.0,0.36363636363636365
0.18711904025401768,0.37333333333333335,0.0,0.0,0.0,0.0,0.9183332596830338,0.375,0.017857142857142856
0.24486718430647456,0.9833333333333333,0.0,0.0,0.0,0.0,0.7906209956071182,0.15254237288135594,0.030508474576271188
0.208391872945484,0.58,0.0,0.0,0.0,0.0,0.8346083846272536,0.3448275862068966,0.034482758620689655
0.14521579484783062,0.13666666666666666,0.0,0.0,0.0,0.0,0.9544750216490379,0.29268292682926833,0.0
0.2971817096052443,0.9433333333333334,0.0,0.0,0.0,0.3333333333333333,0.8171233386908412,0.36042402826855124,0.045936395759717315
0.17157325916265664,0.043333333333333335,0.0,0.0,0.0,0.0,0.9584248993188739,0.6923076923076923,0.0
0.26388688464348264,1.0,0.0,0.0,0.0,0.0,0.836166143732124,0.28378378378378377,0.01891891891891892
0.13213103527203418,0.24,0.0,0.0,0.0,0.0,0.6140881304981197,0.08333333333333333,0.2638888888888889
0.3428514515949454,0.6766666666666666,0.0,0.0,0.5,0.3333333333333333,0.8523486703008498,0.4433497536945813,0.034482758620689655
0.15455381355054282,0.21,0.0,0.0,0.0,0.0,0.9289508339181266,0.2857142857142857,0.015873015873015872
0.1531102471918751,0.13,0.0,0.0,0.0,0.0,0.9514870873033663,0.3846153846153846,0.0
0.16586206529539196,0.09,0.0,0.0,0.0,0.0,0.8939910233242899,0.4444444444444444,0.18518518518518517
0.14530245438227235,0.13333333333333333,0.0,0.0,0.0,0.0,0.9530245438227233,0.30000000000000004,0.0
0.18936850830246876,0.27,0.0,0.0,0.0,0.0,0.9084381694444408,0.5555555555555556,0.024691358024691357
0.17649799693895774,0.34,0.0,0.0,0.0,0.0,0.8824309497817344,0.3529411764705882,0.0196078431372549
0.2651166055072241,1.0,0.0,0.05555555555555556,0.0,0.0,0.8067216106277966,0.23333333333333334,0.027777777777777776
0.32525592233025236,1.0,0.0,0.009861932938856016,0.0,0.6666666666666666,0.7791864422374342,0.21893491124260356,0.07297830374753451
0.3536140062910873,0.7966666666666666,0.0,0.0,0.5,0.3333333333333333,0.8101079848076649,0.40167364016736395,0.04602510460251046
0.1417214962690702,0.2733333333333333,0.0,0.0,0.0,0.0,0.8608734992760679,0.14634146341463417,0.0
0.3101769111822557,1.0,0.0,0.010660980810234541,0.0,0.3333333333333333,0.779096759299458,0.371002132196162,0.1023454157782516
0.21934635911343686,0.32,0.0,0.05208333333333333,0.0,0.0,0.9165885911343686,0.71875,0.0
0.28252148787833953,1.0,0.0,0.0,0.0,0.0,0.777022107699058,0.3704819277108434,0.17771084337349397
0.21295448357085528,0.29333333333333333,0.0,0.0,0.0,0.0,0.9395448357085527,0.75,0.0
0.23715766644052824,0.31,0.0,0.0,0.0,0.0,0.7022755891364653,0.8387096774193548,0.3655913978494624
0.20329568669528714,0.5566666666666666,0.0,0.0,0.0,0.0,0.838675429827123,0.3592814371257485,0.0
0.16672563912890648,0.25333333333333335,0.0,0.0,0.0,0.0,0.8793616544469595,0.35526315789473684,0.05263157894736842
0.16609853249417253,0.26666666666666666,0.0,0.0,0.0,0.0,0.8484853249417252,0.3375,0.075
0.22146029148138166,0.7433333333333333,0.0,0.0,0.0,0.0,0.8798719731097807,0.20179372197309417,0.017937219730941704
0.2861237542625639,1.0,0.0,0.0,0.0,0.3333333333333333,0.7986683288936347,0.20930232558139533,0.019933554817275746
0.1780494383144589,0.20666666666666667,0.0,0.0,0.0,0.0,0.9221072863703955,0.532258064516129,0.016129032258064516
0.26438750867805094,1.0,0.0,0.0,0.0,0.0,0.8180911146550738,0.2979094076655052,0.027874564459930314
0.16369467374840457,0.36666666666666664,0.0,0.0,0.0,0.0,0.8414921920295005,0.21818181818181817,0.02727272727272727
0.16637360060798198,0.3,0.0,0.05555555555555556,0.0,0.0,0.8970693394131531,0.2,0.03333333333333333
0.15177968362822436,0.15,0.0,0.0,0.0,0.0,0.9372412807266882,0.3333333333333333,0.022222222222222223
0.26025303532691973,1.0,0.0,0.0,0.0,0.0,0.7789531174968394,0.3121951219512195,0.011382113821138212
0.17514933218992804,0.09666666666666666,0.0,0.0,0.0,0.0,0.9858036667268665,0.6206896551724138,0.0
0.24466398780731957,1.0,0.0,0.05649717514124294,0.0,0.0,0.8053969402200882,0.03389830508474576,0.022598870056497175
0.13287163647530068,0.10333333333333333,0.0,0.0,0.0,0.0,0.9479099131401035,0.0967741935483871,0.12903225806451613
0.14925142594732738,0.16666666666666666,0.0,0.0,0.0,0.0,0.9025142594732737,0.30000000000000004,0.04
0.1944280720389712,0.22333333333333333,0.0,0.0,0.0,0.0,0.8779374368076223,0.6268656716417911,0.1044776119402985
0.2717096526399941,0.8166666666666667,0.0,0.0,0.0,0.0,0.8431169345632062,0.5877551020408163,0.061224489795918366
0.26323739813813474,0.48333333333333334,0.0,0.034482758620689655,0.5,0.0,0.6504774296572094,0.08275862068965517,0.3724137931034483
0.26228765475700183,0.99,0.0,0.0,0.0,0.0,0.8180112277046987,0.30303030303030304,0.016835016835016835
0.22759581965068362,0.6666666666666666,0.0,0.0,0.0,0.0,0.8409581965068362,0.39,0.045
0.16902088783348573,0.19333333333333333,0.0,0.0,0.0,0.3333333333333333,0.9117031312084204,0.15517241379310345,0.0
0.1552024129826577,0.24,0.0,0.0,0.0,0.0,0.90035746315991,0.2916666666666667,0.0
0.24250766713201072,0.6133333333333333,0.0,0.0,0.0,0.0,0.7224679756679336,0.47282608695652173,0.30978260869565216
0.13754055361765793,0.15666666666666668,0.0,0.0,0.0,0.0,0.8850863872404091,0.2553191489361702,0.0
0.21402012743991816,0.44333333333333336,0.0,0.0,0.0,0.3333333333333333,0.8711912493365247,0.24812030075187969,0.022556390977443608
0.14846614964418503,0.24,0.0,0.0,0.0,0.0,0.8885503853307392,0.20833333333333334,0.027777777777777776
0.21054636873337634,0.6166666666666667,0.0,0.02702702702702703,0.0,0.0,0.8318150386851145,0.3081081081081081,0.0
0.17384771013643163,0.30666666666666664,0.0,0.0,0.0,0.0,0.8763031883208383,0.3913043478260869,0.010869565217391304
0.2243512291543925,0.23666666666666666,0.0,0.0,0.0,0.3333333333333333,0.8932071272246764,0.5915492957746479,0.07042253521126761
0.2881794620403073,0.91,0.0,0.0,0.0,0.3333333333333333,0.8134979171063701,0.3076923076923077,0.06227106227106227
0.14774657757345133,0.2733333333333333,0.0,0.0,0.0,0.0,0.9211243123198789,0.14634146341463417,0.0
0.1830468068491884,0.36,0.0,0.0,0.0,0.0,0.6978754758992913,0.3333333333333333,0.25925925925925924
0.18944506788353407,0.3433333333333333,0.0,0.0,0.0,0.0,0.8940137856314572,0.4368932038834951,0.04854368932038835
0.17113556553523337,0.41333333333333333,0.0,0.0,0.0,0.0,0.8574846876103979,0.217741935483871,0.016129032258064516
0.2845640480150688,0.9333333333333333,0.0,0.03571428571428571,0.0,0.0,0.834926194436402,0.5142857142857142,0.04285714285714286
0.4144483809171313,1.0,0.0,0.0,1.0,0.0,0.8375217838548575,0.2848101265822785,0.022151898734177215
0.2937677336937688,1.0,0.0,0.012406947890818858,0.0,0.0,0.8309775850766453,0.5732009925558312,0.01488833746898263
0.15188114275874273,0.23,0.0,0.0,0.0,0.0,0.8694636015004705,0.17391304347826086,0.13043478260869565
0.1465734677128908,0.25333333333333335,0.0,0.0,0.0,0.0,0.9278399402868027,0.15789473684210525,0.0
0.23683024269763145,0.51,0.0,0.032679738562091505,0.0,0.0,0.8614723616168373,0.5882352941176471,0.10457516339869281
0.18955264181004303,0.46,0.0,0.0,0.0,0.0,0.8866858383902854,0.28260869565217395,0.036231884057971016
0.2058681010385354,0.19,0.0,0.2631578947368421,0.0,0.0,0.9578915367011434,0.42105263157894735,0.0
0.18978395637004936,0.22666666666666666,0.0,0.0,0.0,0.0,0.8960748578181403,0.5294117647058824,0.1323529411764706
0.3927575930490697,1.0,0.0,0.0,0.5,0.3333333333333333,0.7395459239675402,0.4344422700587084,0.17025440313111545
0.26028251945215786,0.6,0.0,0.08333333333333333,0.0,0.0,0.8611585278549119,0.7,0.016666666666666666
0.27614760298055974,1.0,0.0,0.0,0.0,0.0,0.7885030568326246,0.47297297297297297,0.0
0.14909607800090147,0.19666666666666666,0.0,0.0,0.0,0.0,0.8908760342463027,0.3050847457627119,0.0
0.2836399360390442,1.0,0.0,0.036458333333333336,0.0,0.0,0.7681701937237755,0.5031249999999999,0.010416666666666666
0.3162508340073655,0.5733333333333334,0.0,0.05813953488372093,0.5,0.0,0.8548339214690038,0.5581395348837209,0.05232558139534884
0.1792424106538221,0.24,0.0,0.0,0.0,0.0,0.8907574398715542,0.5,0.041666666666666664
0.2427518184670167,0.8066666666666666,0.0,0.0,0.0,0.0,0.8084272755792583,0.371900826446281,0.0371900826446281
0.2917452954182535,1.0,0.0,0.0,0.0,0.0,0.8251910494206305,0.5803571428571429,0.011904761904761904
0.25229931731878075,0.63,0.0,0.0,0.0,0.3333333333333333,0.8372524324470667,0.3492063492063492,0.0582010582010582
0.16328656881882028,0.08666666666666667,0.0,0.19230769230769232,0.0,0.0,0.9836349189574335,0.23076923076923078,0.0
0.2020551134018146,0.62,0.0,0.0,0.0,0.0,0.848615650147178,0.16129032258064516,0.08064516129032258
0.14420898919536487,0.19,0.0,0.0,0.0,0.0,0.7535811200238243,0.21052631578947367,0.19298245614035087
0.18541150290502445,0.45666666666666667,0.0,0.0,0.0,0.0,0.8625456859845508,0.30656934306569344,0.0
0.1915704702899247,0.04,0.0,0.41666666666666663,0.0,0.0,0.8140380362325801,0.0,0.4166666666666667
0.1502439900262903,0.19,0.0,0.0,0.0,0.0,0.8665627072804465,0.3157894736842105,0.03508771929824561
0.17799415060924417,0.26,0.0,0.0641025641025641,0.0,0.0,0.9091722753232113,0.34615384615384615,0.038461538461538464
0.3207019626882599,0.6466666666666666,0.0,0.05154639175257732,0.5,0.0,0.8323804516248666,0.4948453608247423,0.08247422680412371
0.1934100635439664,0.5633333333333334,0.0,0.0,0.0,0.0,0.8228284460905514,0.23076923076923078,0.03550295857988166
0.23820034894401812,0.7666666666666667,0.0,0.0,0.0,0.0,0.8406991416140942,0.3913043478260869,0.0
0.4136376811987863,1.0,0.0,0.05405405405405406,1.0,0.0,0.7661065417175926,0.2554054054054054,0.033783783783783786
0.19387445770496542,0.39,0.0,0.1282051282051282,0.0,0.0,0.8537445770496543,0.28205128205128205,0.02564102564102564
0.17213392261821253,0.14,0.0,0.11904761904761904,0.0,0.0,0.8327677976106966,0.3571428571428571,0.14285714285714285
0.1472652916268981,0.18666666666666668,0.0,0.0,0.0,0.0,0.9069386305546953,0.21428571428571427,0.07142857142857142
0.1429818641969042,0.19333333333333333,0.0,0.0,0.0,0.0,0.8811979523138694,0.25862068965517243,0.0
0.27816898710910626,1.0,0.0,0.0,0.0,0.0,0.7845307801819721,0.45170454545454547,0.045454545454545456
0.15475278916584168,0.24333333333333335,0.0,0.0,0.0,0.0,0.8948566587817045,0.2876712328767123,0.0
0.42051008473287627,1.0,0.0,0.02493765586034913,1.0,0.0,0.821060947079386,0.29177057356608477,0.05486284289276808
0.1493240437348467,0.17,0.0,0.0,0.0,0.0,0.9049071040151336,0.29411764705882354,0.0392156862745098
0.23012400976203629,0.44666666666666666,0.0,0.11194029850746268,0.0,0.0,0.7319863662770794,0.582089552238806,0.14925373134328357
0.2710321246266037,1.0,0.0,0.03863987635239567,0.0,0.0,0.7783274286462538,0.37094281298299847,0.0030911901081916537
0.258083331330811,1.0,0.0,0.0,0.0,0.0,0.6021447887179462,0.1377049180327869,0.34098360655737703
0.27701733320749045,0.7333333333333333,0.0,0.022727272727272728,0.0,0.0,0.5224460593476319,0.5590909090909091,0.5545454545454546
0.1635632493317904,0.17333333333333334,0.0,0.09615384615384616,0.0,0.0,0.6929401856255963,0.2884615384615385,0.25
0.15837161016716272,0.21,0.0,0.0,0.0,0.0,0.887763720719246,0.3333333333333333,0.047619047619047616
0.16518447799107538,0.09666666666666666,0.0,0.1724137931034483,0.0,0.0,0.9033965040486848,0.3103448275862069,0.034482758620689655
0.14816936330695651,0.21666666666666667,0.0,0.0,0.0,0.0,0.9105397869157189,0.18461538461538463,0.06153846153846154
0.27033796070078536,1.0,0.0,0.0,0.0,0.0,0.744377071082241,0.44378698224852076,0.015215553677092139
0.17090532061424268,0.26,0.0,0.0,0.0,0.0,0.8831557702449908,0.3076923076923077,0.1282051282051282
0.16160509205983833,0.3,0.0,0.0,0.0,0.0,0.7771620317094946,0.13333333333333333,0.25555555555555554
0.2601549991802642,0.82,0.0,0.0,0.0,0.0,0.7983792600953248,0.5609756097560975,0.012195121951219513
0.2755505799267685,0.8233333333333334,0.0,0.0,0.0,0.3333333333333333,0.8025570813189676,0.340080971659919,0.044534412955465584
0.15078112911532054,0.14666666666666667,0.0,0.0,0.0,0.0,0.9469022002441145,0.3409090909090909,0.0
0.2776256719215984,0.4766666666666667,0.0,0.0,0.5,0.0,0.8986693066285719,0.3986013986013986,0.013986013986013986
0.2724757024660006,1.0,0.0,0.0,0.0,0.0,0.7738286426971412,0.35013262599469497,0.10079575596816977
0.1729341586537017,0.27,0.0,0.0,0.0,0.0,0.8305144260431899,0.4444444444444444,0.04938271604938271
0.26419021993847913,1.0,0.0,0.0,0.0,0.0,0.8003788578614501,0.2727272727272727,0.0687960687960688
0.14599341976699723,0.13666666666666666,0.0,0.0,0.0,0.0,0.8890805391333868,0.36585365853658536,0.0
0.24448457492015474,0.5266666666666666,0.0,0.0,0.0,0.3333333333333333,0.8658162133365687,0.39873417721518983,0.056962025316455694
0.2749746009708386,0.9166666666666666,0.0,0.1090909090909091,0.0,0.0,0.5820187369811132,0.24,0.3890909090909091
0.2215291883144341,0.4,0.0,0.0,0.0,0.0,0.8402918831443411,0.5499999999999999,0.225
0.13254159166645815,0.15333333333333332,0.0,0.0,0.0,0.0,0.8345463514471902,0.06521739130434782,0.1956521739130435
0.17394860655436073,0.31333333333333335,0.0,0.10638297872340426,0.0,0.0,0.8652307463946711,0.19148936170212766,0.05319148936170213
0.14628745336143315,0.22333333333333333,0.0,0.0,0.0,0.0,0.903993936599406,0.22388059701492535,0.0
0.24505677537875503,0.7133333333333334,0.0,0.0,0.0,0.0,0.8198200902361483,0.46261682242990654,0.09813084112149532
0.18385193614786227,0.23666666666666666,0.0,0.0,0.0,0.3333333333333333,0.8966649013847261,0.2535211267605634,0.0
0.26826458560213945,1.0,0.0,0.0,0.0,0.0,0.6941970111369065,0.31683168316831684,0.1716171617161716
0.18993176954614144,0.13333333333333333,0.0,0.25,0.0,0.0,0.8743176954614147,0.44999999999999996,0.0
0.2538876411510467,0.99,0.0,0.0,0.0,0.0,0.8316541892882441,0.2121212121212121,0.010101010101010102
0.2260131597262973,0.7933333333333333,0.0,0.0,0.0,0.0,0.8516442023049898,0.20168067226890757,0.01680672268907563
0.14455391698487663,0.23666666666666666,0.0,0.0,0.0,0.0,0.9215250853417241,0.16901408450704225,0.0
0.20177914389416685,0.5333333333333333,0.0,0.03125,0.0,0.0,0.7771664389416686,0.1875,0.20625
0.2744967352841964,1.0,0.0,0.0,0.0,0.3333333333333333,0.7856497675401269,0.12598425196850394,0.0
0.2874968576524831,1.0,0.0,0.014044943820224719,0.0,0.0,0.8061483518057305,0.5056179775280899,0.042134831460674156
0.13565726443407036,0.16666666666666666,0.0,0.0,0.0,0.0,0.9065726443407037,0.18,0.02
0.18372074737408142,0.43333333333333335,0.0,0.0,0.0,0.0,0.8564382429715833,0.3230769230769231,0.007692307692307693
0.1968918528768512,0.22333333333333333,0.0,0.07462686567164178,0.0,0.0,0.8951125586192581,0.6268656716417911,0.0
0.17822429113970845,0.49,0.0,0.0,0.0,0.0,0.775134067859669,0.24489795918367346,0.027210884353741496
0.2894395150283387,1.0,0.0,0.0,0.0,0.3333333333333333,0.7848187230274016,0.2569060773480663,0.019337016574585635
0.28382779724524293,1.0,0.0,0.0364963503649635,0.0,0.0,0.7652852717225025,0.5005213764337851,0.017726798748696558
0.2910005668170499,0.6766666666666666,0.0,0.024630541871921183,0.5,0.0,0.8568283282690213,0.22167487684729065,0.029556650246305417
0.2692209048669529,0.19333333333333333,0.0,0.08620689655172414,0.5,0.0,0.9366918072902183,0.5172413793103449,0.06896551724137931
0.22130425071580598,0.6233333333333333,0.0,0.0,0.0,0.3333333333333333,0.8217145214183093,0.1122994652406417,0.0106951871657754
0.20467709723507235,0.7333333333333333,0.0,0.0,0.0,0.0,0.8013164268961779,0.10909090909090909,0.03636363636363636
0.2478567234440588,0.9633333333333334,0.0,0.0,0.0,0.0,0.8121139472433562,0.18685121107266434,0.03460207612456748
0.2997498594719268,1.0,0.0,0.0,0.0,0.3333333333333333,0.7899078356433606,0.35049504950495053,0.023762376237623763
0.22713873761084688,0.6833333333333333,0.0,0.024390243902439025,0.0,0.0,0.8488264004987127,0.29268292682926833,0.06829268292682927
0.2813476178109822,1.0,0.0,0.0,0.0,0.0,0.830504041886912,0.4458204334365325,0.03715170278637771
0.25102356138044063,0.6566666666666666,0.0,0.025380710659898477,0.0,0.0,0.8627990655810558,0.6091370558375635,0.015228426395939087
0.1813281029201223,0.42,0.0,0.0,0.0,0.0,0.8420111879313816,0.26190476190476186,0.07936507936507936
0.20361492195192452,0.5466666666666666,0.0,0.03048780487804878,0.0,0.0,0.11553946342168406,0.12804878048780488,0.926829268292683
0.1891253589518151,0.49,0.0,0.0,0.0,0.0,0.8297229772732527,0.32653061224489793,0.0
0.22783367544557842,0.18333333333333332,0.0,0.0,0.5,0.0,0.9260640271830568,0.2727272727272727,0.05454545454545454
0.13023560964005024,0.17666666666666667,0.0,0.0,0.0,0.0,0.9052806247023891,0.11320754716981132,0.018867924528301886
0.17134645182344363,0.14,0.0,0.0,0.0,0.0,0.9558454706153885,0.5,0.047619047619047616
0.29283805886861425,1.0,0.0,0.0,0.0,0.3333333333333333,0.7617139220194762,0.31620553359683795,0.017127799736495388
0.2697967045676659,1.0,0.0,0.0,0.0,0.0,0.7712569479567897,0.3713355048859935,0.05537459283387622
0.2459352727557796,0.7733333333333333,0.0,0.0,0.0,0.3333333333333333,0.7979159459486006,0.15517241379310345,0.01293103448275862
0.17526744718253937,0.03,0.0,0.0,0.0,0.0,0.9298966940476158,0.6666666666666666,0.1111111111111111
0.2602491737654764,1.0,0.0,0.0,0.0,0.0,0.7658083205693369,0.33668341708542715,0.0
0.13742055966920244,0.05,0.0,0.0,0.0,0.3333333333333333,0.965872263358691,0.0,0.0
0.10838431530811267,0.11,0.0,0.0,0.0,0.0,0.9188431530811266,0.0,0.0
0.2816193405903715,1.0,0.0,0.0,0.0,0.0,0.8279427531622006,0.4856396866840731,0.0026109660574412533
0.14593838962121664,0.15333333333333332,0.0,0.0,0.0,0.0,0.9685143309947751,0.2608695652173913,0.0
0.25362939546313995,0.8933333333333333,0.0,0.0,0.0,0.0,0.8642044023925937,0.3246268656716418,0.007462686567164179
0.17215712768117944,0.2966666666666667,0.0,0.0,0.0,0.0,0.7597173442275246,0.3033707865168539,0.21348314606741572
0.32977679329646875,0.8933333333333333,0.0,0.0,0.5,0.0,0.7973201717706585,0.39179104477611937,0.018656716417910446
0.18401892686773863,0.5233333333333333,0.0,0.0,0.0,0.0,0.6029599693143288,0.30573248407643316,0.1464968152866242
0.2844953628419264,1.0,0.0,0.0,0.0,0.0,0.8138332964690567,0.5228215767634854,0.008298755186721992
0.26960680987422864,0.45666666666666667,0.0,0.0,0.5,0.0,0.8669075148006806,0.30656934306569344,0.08759124087591241
0.187088601574459,0.42333333333333334,0.0,0.03937007874015748,0.0,0.0,0.8382482204689996,0.23622047244094488,0.10236220472440945
0.1447031866465707,0.12,0.0,0.0,0.0,0.0,0.9059207553545958,0.3333333333333333,0.027777777777777776
0.14635714285714285,0.023333333333333334,0.0,0.0,0.0,0.0,1.0,0.42857142857142855,0.0
0.17602576353884664,0.15,0.0,0.0,0.0,0.0,0.9352576353884662,0.6000000000000001,0.0
0.15600295851910073,0.36666666666666664,0.0,0.0,0.0,0.0,0.8736659488273709,0.08181818181818182,0.05454545454545454
0.2099685644457482,0.4033333333333333,0.0,0.0,0.0,0.0,0.8996443221434323,0.5950413223140496,0.0
0.2669668429200218,1.0,0.0,0.0,0.0,0.0,0.7165434292002177,0.328125,0.125
0.2769460525093462,1.0,0.0,0.0,0.0,0.0,0.8054082375117626,0.4215686274509804,0.042483660130718956
0.16371958213883994,0.18666666666666668,0.0,0.0,0.0,0.0,0.9107672499598279,0.375,0.07142857142857142
0.23232399750160385,0.24,0.0,0.06944444444444445,0.5,0.0,0.8868510861271495,0.125,0.09722222222222222
0.21139098285226318,0.7066666666666667,0.0,0.0,0.0,0.0,0.8416456775792355,0.19811320754716982,0.014150943396226415
0.18129921839461732,0.43,0.0,0.0,0.0,0.0,0.5555890831709795,0.13953488372093023,0.4728682170542636
0.17291046480348612,0.17,0.0,0.0,0.0,0.0,0.9446928833289788,0.5294117647058824,0.0
0.15633313407351654,0.10333333333333333,0.0,0.0,0.0,0.0,0.8599442439609717,0.29032258064516125,0.25806451612903225
0.1546091949158245,0.15,0.0,0.11111111111111112,0.0,0.0,0.9322030602693562,0.2,0.022222222222222223
0.18419914972896537,0.24,0.0,0.0,0.0,0.0,0.89865816395632,0.5416666666666666,0.041666666666666664
0.15298761028730323,0.22333333333333333,0.0,0.07462686567164178,0.0,0.0,0.9187566998879575,0.13432835820895522,0.029850746268656716
0.25251876392218736,1.0,0.0,0.0,0.0,0.0,0.7583809165327982,0.21428571428571427,0.052521008403361345
0.2849155647699381,1.0,0.0,0.0,0.0,0.3333333333333333,0.7661960064437763,0.2376681614349776,0.01195814648729447
0.1458328724960607,0.17,0.0,0.0,0.0,0.0,0.9092110779017833,0.29411764705882354,0.0
0.1792057295902378,0.3,0.0,0.0,0.0,0.3333333333333333,0.842057295902378,0.16666666666666666,0.0
0.1721373766161231,0.23,0.0,0.0,0.0,0.0,0.8691273893496367,0.3913043478260869,0.11594202898550725
0.19209496661993636,0.33666666666666667,0.0,0.0,0.0,0.3333333333333333,0.8746955407868224,0.20792079207920794,0.0
0.3051719231841715,0.8966666666666666,0.0,0.0,0.0,0.0,0.8331132838863252,0.7695167286245352,0.10408921933085502
0.1196289372256916,0.08666666666666667,0.0,0.0,0.0,0.0,0.9509047568723006,0.11538461538461539,0.0
0.28823139762859146,1.0,0.0,0.04784688995215311,0.0,0.0,0.8081512968600773,0.43779904306220097,0.0645933014354067
0.2814238044667647,1.0,0.0,0.01256281407035176,0.0,0.0,0.8180068888887523,0.4522613065326633,0.02512562814070352
0.22666331476047757,0.5133333333333333,0.0,0.0,0.0,0.3333333333333333,0.8645985155701437,0.2532467532467533,0.045454545454545456
0.1654015335322799,0.27666666666666667,0.0,0.0,0.0,0.0,0.8896177449613533,0.25301204819277107,0.0963855421686747
0.20504214255420122,0.47,0.0,0.0,0.0,0.0,0.8205987305065512,0.46808510638297873,0.05673758865248227
0.24087832336651044,0.8833333333333333,0.0,0.0,0.0,0.0,0.7894436110235953,0.21509433962264152,0.07924528301886792
0.15505776847185043,0.09333333333333334,0.0,0.0,0.0,0.0,0.5891491132899327,0.3214285714285714,0.5
0.19689536084324236,0.5166666666666667,0.0,0.0,0.0,0.0,0.8520181245614556,0.3096774193548387,0.03225806451612903
0.1983251166852788,0.43666666666666665,0.0,0.0,0.0,0.3333333333333333,0.8575132533667831,0.11450381679389313,0.022900763358778626
0.2782284701378992,0.30666666666666664,0.0,0.05434782608695652,0.5,0.0,0.7951107883355137,0.4891304347826087,0.20652173913043478
0.14396294729713874,0.14666666666666667,0.0,0.0,0.0,0.0,0.9469022002441145,0.2727272727272727,0.0
0.18342343613518125,0.13333333333333333,0.0,0.0,0.0,0.0,0.9342343613518124,0.6000000000000001,0.1
0.14612116860597787,0.18333333333333332,0.0,0.0,0.0,0.0,0.9134844133325059,0.21818181818181817,0.05454545454545454
0.18866837538880224,0.36,0.0,0.0,0.0,0.0,0.8466837538880224,0.4166666666666667,0.08333333333333333
0.17946042529759637,0.33,0.0,0.0,0.0,0.0,0.8248567782284889,0.36363636363636365,0.1111111111111111
0.12310181288538227,0.20666666666666667,0.0,0.0,0.0,0.0,0.8726310320796291,0.04838709677419355,0.0
0.22939339256196678,0.11333333333333333,0.0,0.14705882352941177,0.5,0.0,0.9768751020902559,0.1764705882352941,0.0
0.1858685201661279,0.43,0.0,0.0,0.0,0.0,0.6865534187155424,0.27906976744186046,0.24806201550387597
0.21052971607253376,0.65,0.0,0.0,0.0,0.0,0.8328612632894403,0.27692307692307694,0.020512820512820513
0.1275170031578566,0.03666666666666667,0.0,0.0,0.0,0.0,0.9474427588512933,0.2727272727272727,0.0
0.2659297067284091,0.6666666666666666,0.0,0.0,0.0,0.0,0.8392970672840908,0.72,0.1
0.20834382745249413,0.55,0.0,0.0,0.0,0.0,0.8099534260400925,0.34545454545454546,0.10303030303030303
0.1788720478252025,0.5233333333333333,0.0,0.0,0.0,0.0,0.8508542362138082,0.15286624203821658,0.0
0.18289215851749993,0.23666666666666666,0.0,0.0,0.0,0.0,0.8682877823580979,0.5492957746478874,0.056338028169014086
0.23857914639891534,0.8566666666666667,0.0,0.0,0.0,0.0,0.8167447713821494,0.25680933852140075,0.027237354085603113
0.2084673345068081,0.32,0.0,0.0,0.0,0.3333333333333333,0.9275900117347478,0.3125,0.03125
0.22157493784032395,0.18666666666666668,0.0,0.0,0.0,0.0,0.7750350926889539,0.9642857142857144,0.19642857142857142
0.22845695777593134,0.6433333333333333,0.0,0.02590673575129534,0.0,0.0,0.6744918575520595,0.27979274611398963,0.32642487046632124
0.186253413673009,0.36333333333333334,0.0,0.0,0.0,0.0,0.7762497330603652,0.3577981651376147,0.1834862385321101
0.3269530020113168,0.45666666666666667,0.0,0.0,1.0,0.0,0.8801504580693719,0.19708029197080293,0.0072992700729927005
0.1716185049737247,0.2866666666666667,0.0,0.05813953488372093,0.0,0.0,0.919905979969805,0.27906976744186046,0.0
0.1823503885177871,0.09666666666666666,0.0,0.1724137931034483,0.0,0.0,0.9716073334537331,0.41379310344827586,0.034482758620689655
0.15710172792544852,0.31666666666666665,0.0,0.0,0.0,0.0,0.8749646476755378,0.15789473684210525,0.06315789473684211
0.21358276099508758,0.4766666666666667,0.0,0.0,0.0,0.0,0.8404080295312957,0.4825174825174825,0.0979020979020979
0.26924083344623034,0.8833333333333333,0.0,0.056603773584905655,0.0,0.0,0.8296724854056996,0.3735849056603774,0.07924528301886792
0.1614153194937347,0.25666666666666665,0.0,0.0,0.0,0.0,0.8655168313009831,0.3116883116883117,0.05194805194805195
0.1957816777276851,0.38666666666666666,0.0,0.0,0.0,0.0,0.8950581565871955,0.4655172413793104,0.017241379310344827
0.16336685073743698,0.21666666666666667,0.0,0.0,0.0,0.0,0.8932838919897542,0.4153846153846154,0.0
0.26359431500284836,1.0,0.0,0.011547344110854504,0.0,0.0,0.7583449976035413,0.32563510392609696,0.03464203233256351
0.2091955668324077,0.07333333333333333,0.0,0.0,0.5,0.0,0.9592283955968041,0.2727272727272727,0.0
0.13534567814422005,0.19333333333333333,0.0,0.0,0.0,0.0,0.8910429883387523,0.15517241379310345,0.017241379310344827
0.2688816095251948,0.8633333333333333,0.0,0.0,0.0,0.3333333333333333,0.7786294800653335,0.2548262548262548,0.02702702702702703
0.14883657136151002,0.20666666666666667,0.0,0.0,0.0,0.0,0.8719141007118745,0.14516129032258063,0.16129032258064516
0.14262590566908745,0.19333333333333333,0.0,0.0,0.0,0.0,0.9293625049667363,0.20689655172413793,0.0
0.21946900272212952,0.59,0.0,0.0,0.0,0.0,0.8690120611196003,0.4067796610169492,0.03389830508474576
0.18453736184672997,0.5633333333333334,0.0,0.0,0.0,0.0,0.7045156303016191,0.21301775147928995,0.08284023668639054
0.17938632257835574,0.05,0.0,0.0,0.0,0.0,0.9188632257835573,0.8,0.0
0.1605419944140581,0.10333333333333333,0.0,0.0,0.0,0.0,0.8697747828502581,0.5806451612903225,0.0
0.20100997229206455,0.66,0.0,0.0,0.0,0.0,0.8382815411024636,0.18181818181818182,0.0
0.19863803665569707,0.5,0.0,0.03333333333333333,0.0,0.0,0.8863803665569706,0.30000000000000004,0.0
0.1290439256771595,0.14666666666666667,0.0,0.0,0.0,0.0,0.888621074953413,0.13636363636363635,0.045454545454545456
0.3767192734014681,0.8866666666666667,0.0,0.0,0.5,0.3333333333333333,0.8801751901550317,0.47368421052631576,0.0
0.16866463287417735,0.37,0.0,0.0,0.0,0.0,0.816331013426458,0.2972972972972973,0.018018018018018018
0.14274518795708666,0.11,0.0,0.0,0.0,0.0,0.9594215765405636,0.2727272727272727,0.030303030303030304
0.14531090342822392,0.17333333333333334,0.0,0.0,0.0,0.0,0.9046474958207007,0.2884615384615385,0.0
0.19282169131781374,0.36,0.0,0.0,0.0,0.0,0.915994690955915,0.4722222222222222,0.0
0.275310732746399,0.93,0.0,0.12544802867383514,0.0,0.0,0.7685015926969645,0.3010752688172043,0.1003584229390681
0.1764415897878567,0.18,0.0,0.0,0.0,0.0,0.883304786767456,0.611111111111111,0.0
0.21611146717702379,0.7266666666666667,0.0,0.022935779816513763,0.0,0.0,0.8532247635133574,0.17889908256880735,0.0045871559633027525
0.17207236933871586,0.30666666666666664,0.0,0.0,0.0,0.0,0.8585497803436801,0.3586956521739131,0.043478260869565216
0.17184506042500214,0.19666666666666666,0.0,0.0,0.0,0.0,0.9149760279788348,0.4067796610169492,0.1016949152542373
0.207052120471494,0.6033333333333334,0.0,0.0,0.0,0.0,0.8285046301293043,0.3149171270718232,0.022099447513812154
0.27176123609610864,1.0,0.0,0.01059322033898305,0.0,0.0,0.8034174457068493,0.3241525423728814,0.07415254237288135
0.2867816461539994,1.0,0.0,0.011135857461024499,0.0,0.3333333333333333,0.7115432618369504,0.17706013363028952,0.1291759465478842
0.145470328123811,0.2,0.0,0.0,0.0,0.0,0.9047032812381101,0.25,0.0
0.2148770678458054,0.43,0.0,0.0,0.0,0.3333333333333333,0.8448559497758832,0.27906976744186046,0.046511627906976744
0.2448921874568731,0.6266666666666667,0.0,0.0,0.0,0.3333333333333333,0.8404821582566744,0.2872340425531915,0.047872340425531915
0.2547847765444189,0.25333333333333335,0.0,0.06578947368421052,0.5,0.0,0.8849530286020837,0.4342105263157895,0.0
0.22418415107091919,0.12,0.0,0.0,0.0,0.3333333333333333,0.9785081773758584,0.75,0.0
0.23233054827003796,1.0,0.0,0.0,0.0,0.0,0.564364137922125,0.22317596566523606,0.0357653791130186
0.24940482297236463,0.23333333333333334,0.0,0.07142857142857142,0.5,0.0,0.9154768011522177,0.34285714285714286,0.02857142857142857
0.2181938058369445,0.7533333333333333,0.0,0.0,0.0,0.0,0.7776017751836046,0.23893805309734512,0.035398230088495575
0.2871906403285776,1.0,0.0,0.022988505747126436,0.0,0.0,0.6132857136306036,0.3931034482758621,0.3310344827586207
0.18619195988801177,0.5966666666666667,0.0,0.0,0.0,0.0,0.8160816100533022,0.1005586592178771,0.05027932960893855
0.20362118329925016,0.56,0.0,0.0,0.0,0.0,0.8390689758496446,0.25,0.10714285714285714
0.1608617691956696,0.13,0.0,0.0,0.0,0.0,0.849515127854132,0.3076923076923077,0.2564102564102564
0.2666650452505052,0.07,0.0,0.23809523809523808,0.5,0.0,0.9783171191717186,0.42857142857142855,0.047619047619047616
0.1602992114996443,0.26666666666666666,0.0,0.0,0.0,0.0,0.890492114996443,0.26249999999999996,0.05
0.23729993024995333,0.77,0.0,0.0,0.0,0.0,0.8283889128891437,0.3116883116883117,0.07792207792207792
0.2435447483724534,0.7566666666666667,0.0,0.0,0.0,0.0,0.8114606995835649,0.40969162995594716,0.07929515418502203
0.17551212904267002,0.32,0.0,0.0,0.0,0.0,0.8688712904267002,0.375,0.03125
0.14577664923855638,0.17,0.0,0.0,0.0,0.0,0.9282566884639951,0.23529411764705882,0.0392156862745098
0.17572483468024458,0.3566666666666667,0.0,0.04672897196261682,0.0,0.0,0.8998184402603897,0.16822429906542055,0.08411214953271028
0.135,0.03333333333333333,0.0,0.0,0.0,0.0,1.0,0.30000000000000004,0.0
0.21314623602382352,0.44,0.0,0.0,0.0,0.3333333333333333,0.8729775117533868,0.25,0.015151515151515152
0.30078857215032784,1.0,0.0,0.07575757575757576,0.0,0.0,0.7487948124123697,0.5181818181818182,0.12727272727272726
0.27786923547394143,1.0,0.0,0.0,0.0,0.3333333333333333,0.7434359444830043,0.16346153846153846,0.038461538461538464
0.14169330891087836,0.06333333333333334,0.0,0.0,0.0,0.0,0.9008804575298361,0.3157894736842105,0.10526315789473684
0.3434727649660211,1.0,0.0,0.011933174224343677,0.5,0.0,0.8016727570587787,0.35799522673031026,0.007159904534606206
0.23823754803943764,0.30666666666666664,0.0,0.0,0.0,0.3333333333333333,0.8281725818436516,0.5543478260869565,0.20652173913043478
0.20500679214428963,0.47333333333333333,0.0,0.0,0.0,0.0,0.8330256679217694,0.5070422535211268,0.0
0.21908488668244247,0.43333333333333335,0.0,0.038461538461538464,0.0,0.0,0.7831565591321171,0.5076923076923077,0.19230769230769232
0.20578956847659557,0.6533333333333333,0.0,0.0,0.0,0.0,0.8227936439496293,0.24489795918367346,0.01020408163265306
0.2961622321805423,1.0,0.0,0.010351966873706004,0.0,0.0,0.7918500650766441,0.6149068322981366,0.039337474120082816
0.23046257120465985,0.7466666666666667,0.0,0.0,0.0,0.0,0.8364114263323127,0.3214285714285714,0.026785714285714284
0.27580610659352345,0.9533333333333334,0.0,0.0,0.0,0.3333333333333333,0.7884340263081948,0.1993006993006993,0.006993006993006993
0.21203448940171482,0.5566666666666666,0.0,0.0,0.0,0.0,0.8721712413225378,0.39520958083832336,0.017964071856287425
0.14497824181936847,0.18666666666666668,0.0,0.0,0.0,0.0,0.8662109896222562,0.1607142857142857,0.14285714285714285
0.14321957950392575,0.14666666666666667,0.0,0.0,0.0,0.0,0.9167412495847119,0.20454545454545453,0.09090909090909091
0.3012943117784928,0.5766666666666667,0.0,0.028901734104046242,0.5,0.3333333333333333,0.8420664318504384,0.17341040462427745,0.005780346820809248
0.11105134195787356,0.13666666666666666,0.0,0.0,0.0,0.0,0.9055134195787357,0.0,0.0
0.1275,0.05,0.0,0.0,0.0,0.0,0.9999999999999998,0.2,0.0
0.16598561036341797,0.30333333333333334,0.0,0.0,0.0,0.0,0.8751857739638499,0.23076923076923078,0.0989010989010989
0.21855991469428993,0.4266666666666667,0.0,0.1171875,0.0,0.0,0.6666928969428992,0.3515625,0.3515625
0.2010539702549405,0.5833333333333334,0.0,0.0,0.0,0.0,0.8098254168351191,0.32571428571428573,0.0
0.19026809703788686,0.4033333333333333,0.0,0.0,0.0,0.0,0.8761933670730836,0.371900826446281,0.049586776859504134
0.17120239509315763,0.3433333333333333,0.0,0.0,0.0,0.0,0.8669268635529356,0.3203883495145631,0.009708737864077669
0.2739573948361117,1.0,0.0,0.0,0.0,0.0,0.7716727137932161,0.4185185185185185,0.04938271604938271
0.2931151335351863,1.0,0.0,0.022988505747126436,0.0,0.0,0.7150593813288747,0.5689655172413792,0.11264367816091954
0.2242352267834296,0.68,0.0,0.0,0.0,0.0,0.8105875619519427,0.411764705882353,0.0
0.18385490591357087,0.26,0.0,0.0,0.0,0.0,0.7818823924690422,0.4230769230769231,0.24358974358974358
0.27199985843828295,0.9,0.0,0.0,0.0,0.0,0.8403689547531993,0.4444444444444444,0.08518518518518518
0.14684137298968863,0.16333333333333333,0.0,0.0,0.0,0.0,0.9172912809172944,0.30612244897959184,0.0
0.22930409230769055,0.71,0.0,0.0,0.0,0.0,0.810200547490051,0.3380281690140845,0.07981220657276995
0.19834439232401302,0.25333333333333335,0.0,0.0,0.0,0.0,0.6166018179769723,0.7894736842105263,0.19736842105263158
0.2510789285845049,1.0,0.0,0.0,0.0,0.0,0.7443800194357827,0.2548262548262548,0.011583011583011582
0.1640066916290523,0.19333333333333333,0.0,0.0,0.0,0.0,0.9190324335319022,0.3620689655172414,0.06896551724137931
0.15793324559715852,0.36,0.0,0.0,0.0,0.0,0.9004435670826966,0.1111111111111111,0.027777777777777776
0.21877910236323134,0.6,0.0,0.02777777777777778,0.0,0.0,0.8683465791878685,0.31666666666666665,0.06111111111111111
0.2818938022211915,1.0,0.0,0.0,0.0,0.3333333333333333,0.7835428332084783,0.16082474226804122,0.041237113402061855
0.22527592334707244,0.73,0.0,0.0,0.0,0.0,0.8244259001373908,0.3150684931506849,0.0182648401826484
0.1609300639552541,0.43333333333333335,0.0,0.0,0.0,0.0,0.8669929472448487,0.09230769230769231,0.0
0.199536030615428,0.30666666666666664,0.0,0.0,0.0,0.3333333333333333,0.7998530597774681,0.2608695652173913,0.14130434782608695
0.25713640498631346,1.0,0.0,0.011876484560570073,0.0,0.0,0.8373973040199039,0.2066508313539192,0.009501187648456057
0.1614219921852464,0.21333333333333335,0.0,0.0,0.0,0.0,0.8723449218524638,0.421875,0.0
0.23489323439126963,0.18,0.0,0.18518518518518517,0.0,0.0,0.8567101216904742,0.9444444444444444,0.0
0.17746383020282142,0.27,0.0,0.0,0.0,0.0,0.9128481785714238,0.4444444444444444,0.012345679012345678
0.3304282262263338,1.0,0.0,0.004945598417408506,0.5,0.0,0.7669429942119037,0.255192878338279,0.024727992087042534
0.2927254916368695,1.0,0.0,0.0,0.0,0.0,0.8345497491954426,0.5927051671732523,0.0
0.28520856737152384,1.0,0.0,0.0,0.0,0.3333333333333333,0.7761487900860472,0.23668639053254437,0.005917159763313609
0.13813862707256394,0.22333333333333333,0.0,0.0,0.0,0.0,0.8822071662480273,0.13432835820895522,0.029850746268656716
0.17891277547631265,0.39666666666666667,0.0,0.08403361344537814,0.0,0.0,0.8411865782925384,0.22689075630252098,0.0
0.2565176381013988,0.84,0.0,0.0,0.0,0.0,0.81708114291875,0.47619047619047616,0.011904761904761904
0.17115505939700557,0.26,0.0,0.1282051282051282,0.0,0.0,0.8984736708931326,0.23076923076923078,0.0
0.312898230134281,1.0,0.0,0.017921146953405017,0.0,0.3333333333333333,0.7938568533141361,0.39247311827956993,0.08243727598566308
0.2258980222085033,0.5833333333333334,0.0,0.0,0.0,0.0,0.8696945077993186,0.5142857142857142,0.0
0.133371278669687,0.13333333333333333,0.0,0.0,0.0,0.0,0.88371278669687,0.15000000000000002,0.1
0.26885294163144735,0.8833333333333333,0.0,0.0,0.0,0.0,0.8050388502767376,0.4867924528301887,0.07169811320754717
0.2535135421426775,0.77,0.0,0.021645021645021644,0.0,0.0,0.8281873694787231,0.4545454545454546,0.06493506493506493
0.22401421902671362,0.7766666666666666,0.0,0.0,0.0,0.0,0.8176314606534025,0.23175965665236054,0.02575107296137339
0.1672346144208289,0.06666666666666667,0.0,0.0,0.0,0.0,0.7223461442082889,0.44999999999999996,0.4
0.23090013255983752,0.8833333333333333,0.0,0.0,0.0,0.0,0.8028692501266773,0.12452830188679245,0.05660377358490566
0.19057468904340735,0.25333333333333335,0.0,0.0,0.0,0.0,0.9336416272761787,0.5921052631578947,0.0
0.29944302433651643,1.0,0.0,0.016611295681063124,0.0,0.3333333333333333,0.8305321259786754,0.27906976744186046,0.026578073089700997
0.2015,0.01,0.0,0.0,0.0,0.0,1.0,1.0,0.0
0.11849298031950281,0.12666666666666668,0.0,0.0,0.0,0.0,0.9159824347739755,0.07894736842105263,0.0
0.1698003008544291,0.31666666666666665,0.0,0.0,0.0,0.0,0.823003008544291,0.25263157894736843,0.14736842105263157
0.11840559770744193,0.12,0.0,0.0,0.0,0.0,0.9207226437410859,0.08333333333333333,0.0
0.1537437602753786,0.11333333333333333,0.0,0.0,0.0,0.0,0.9262611321655504,0.3529411764705882,0.08823529411764706
0.1673165433819421,0.39,0.0,0.0,0.0,0.0,0.8488491945031815,0.20512820512820515,0.03418803418803419
0.13686170852029372,0.14,0.0,0.0,0.0,0.0,0.9205218471076991,0.21428571428571427,0.023809523809523808
0.18989968719264627,0.09333333333333334,0.0,0.17857142857142855,0.0,0.0,0.955425443355034,0.5357142857142857,0.0
0.1488329665995668,0.23666666666666666,0.0,0.0,0.0,0.0,0.8657240321928512,0.2112676056338028,0.056338028169014086
0.14998415909588825,0.25666666666666665,0.0,0.0,0.0,0.0,0.8940623701796615,0.1948051948051948,0.025974025974025976
0.20433884763578458,0.5433333333333333,0.0,0.0,0.0,0.0,0.85415534752349,0.36809815950920244,0.006134969325153374
0.18917198963093135,0.30666666666666664,0.0,0.0,0.0,0.0,0.73606772239627,0.3913043478260869,0.30434782608695654
0.15539484573479398,0.14666666666666667,0.0,0.0,0.0,0.0,0.902130275529758,0.3409090909090909,0.09090909090909091
0.14897078636971878,0.17,0.0,0.0,0.0,0.0,0.8033353146775801,0.23529411764705882,0.19607843137254902
0.14509274032174393,0.2,0.0,0.0,0.0,0.0,0.8842607365507724,0.25,0.016666666666666666
0.1409256416337507,0.12666666666666668,0.0,0.0,0.0,0.0,0.9560985216006649,0.23684210526315788,0.02631578947368421
0.11735464747815719,0.11,0.0,0.0,0.0,0.0,0.8873343535694506,0.0,0.12121212121212122
0.1327727272727273,0.03666666666666667,0.0,0.0,0.0,0.0,1.0,0.2727272727272727,0.0
0.14678007514697886,0.19666666666666666,0.0,0.0,0.0,0.0,0.9185634633341953,0.2033898305084746,0.05084745762711865
0.1630994924641564,0.11666666666666667,0.0,0.0,0.0,0.3333333333333333,0.951233019879659,0.17142857142857143,0.0
0.15493478251632234,0.30333333333333334,0.0,0.0,0.0,0.0,0.8855566163720145,0.19780219780219782,0.01098901098901099
0.18051749529204508,0.6033333333333334,0.0,0.0,0.0,0.0,0.8007274391082958,0.08287292817679558,0.016574585635359115
0.26682619061759966,1.0,0.0,0.0,0.0,0.0,0.8044226204617108,0.36160714285714285,0.002232142857142857
0.2752626405427248,1.0,0.0,0.0,0.0,0.3333333333333333,0.7116007644016075,0.16923076923076924,0.038461538461538464
0.2570558146683738,1.0,0.0,0.0,0.0,0.0,0.7792416200730937,0.2857142857142857,0.0056022408963585435
0.16749770431216932,0.09,0.0,0.0,0.0,0.0,0.9844214875661376,0.5555555555555556,0.0
0.2388599746540871,0.7933333333333333,0.0,0.0,0.0,0.0,0.7574232759526354,0.2647058823529412,0.17647058823529413
0.28227181745000907,0.9966666666666667,0.0,0.0,0.0,0.0,0.6186880741656426,0.3511705685618729,0.35785953177257523
0.21579213029338307,0.5666666666666667,0.0,0.0,0.0,0.0,0.8196860088161835,0.4764705882352941,0.011764705882352941
0.18273780109792337,0.36333333333333334,0.0,0.0,0.0,0.0,0.7502679192361144,0.30275229357798167,0.22935779816513763
0.24746070918017268,0.22,0.0,0.0,0.5,0.0,0.9097586069532421,0.4545454545454546,0.030303030303030304
0.34137117362035757,1.0,0.0,0.0,0.0,0.6666666666666666,0.7956734984645898,0.34413965087281795,0.10723192019950124
0.30253014058842786,1.0,0.0,0.0,0.0,0.6666666666666666,0.7176655762220171,0.11233480176211454,0.028634361233480177
0.37510826023125354,1.0,0.0,0.0641025641025641,0.5,0.0,0.8228774741074072,0.5,0.08205128205128205
0.19011695504350148,0.48333333333333334,0.0,0.0,0.0,0.0,0.85892817112467,0.2896551724137931,0.027586206896551724
0.2504758311274855,1.0,0.0,0.005165289256198347,0.0,0.0,0.695357484828574,0.23863636363636365,0.06301652892561983
0.2747018108837171,1.0,0.0,0.0,0.0,0.0,0.805757363851498,0.3954154727793696,0.045845272206303724
0.2845355902939092,1.0,0.0,0.0,0.0,0.0,0.7281145236287472,0.5172413793103449,0.1
0.16171779838675346,0.11666666666666667,0.0,0.14285714285714285,0.0,0.0,0.9136065552961059,0.2571428571428571,0.05714285714285714
0.19057985290235951,0.5766666666666667,0.0,0.0,0.0,0.0,0.8211453498328438,0.20809248554913293,0.011560693641618497
0.16835274489649793,0.3,0.0,0.0,0.0,0.0,0.8557496711872016,0.26666666666666666,0.1111111111111111
0.22873599899115615,0.8333333333333334,0.0,0.02,0.0,0.0,0.8313599899115613,0.156,0.02
0.19729830632148382,0.47333333333333333,0.0,0.0,0.0,0.0,0.8756591195528662,0.38028169014084506,0.007042253521126761
0.2554091145236326,1.0,0.0,0.0,0.0,0.0,0.810670092604747,0.22697368421052633,0.01644736842105263
0.12866767556414543,0.21,0.0,0.0,0.0,0.0,0.8764386604033589,0.09523809523809523,0.0
0.271522647374721,1.0,0.0,0.014492753623188406,0.0,0.0,0.7616032853414129,0.33043478260869563,0.10144927536231885
0.17588666432601158,0.21666666666666667,0.0,0.07692307692307693,0.0,0.0,0.8569435663370385,0.27692307692307694,0.18461538461538463
0.2015241395365098,0.35333333333333333,0.0,0.04716981132075471,0.0,0.3333333333333333,0.8736061752393118,0.169811320754717,0.03773584905660377
0.12084073990415364,0.03666666666666667,0.0,0.0,0.0,0.0,0.7897710354051727,0.0,0.36363636363636365
0.18711904025401768,0.37333333333333335,0.0,0.0,0.0,0.0,0.9183332596830338,0.375,0.017857142857142856
0.24486718430647456,0.9833333333333333,0.0,0.0,0.0,0.0,0.7906209956071182,0.15254237288135594,0.030508474576271188
0.208391872945484,0.58,0.0,0.0,0.0,0.0,0.8346083846272536,0.3448275862068966,0.034482758620689655
0.14521579484783062,0.13666666666666666,0.0,0.0,0.0,0.0,0.9544750216490379,0.29268292682926833,0.0
0.2971817096052443,0.9433333333333334,0.0,0.0,0.0,0.3333333333333333,0.8171233386908412,0.36042402826855124,0.045936395759717315
0.17157325916265664,0.043333333333333335,0.0,0.0,0.0,0.0,0.9584248993188739,0.6923076923076923,0.0
0.26388688464348264,1.0,0.0,0.0,0.0,0.0,0.836166143732124,0.28378378378378377,0.01891891891891892
0.13213103527203418,0.24,0.0,0.0,0.0,0.0,0.6140881304981197,0.08333333333333333,0.2638888888888889
0.3428514515949454,0.6766666666666666,0.0,0.0,0.5,0.3333333333333333,0.8523486703008498,0.4433497536945813,0.034482758620689655
0.15455381355054282,0.21,0.0,0.0,0.0,0.0,0.9289508339181266,0.2857142857142857,0.015873015873015872
0.1531102471918751,0.13,0.0,0.0,0.0,0.0,0.9514870873033663,0.3846153846153846,0.0
0.16586206529539196,0.09,0.0,0.0,0.0,0.0,0.8939910233242899,0.4444444444444444,0.18518518518518517
0.14530245438227235,0.13333333333333333,0.0,0.0,0.0,0.0,0.9530245438227233,0.30000000000000004,0.0
0.18936850830246876,0.27,0.0,0.0,0.0,0.0,0.9084381694444408,0.5555555555555556,0.024691358024691357
0.17649799693895774,0.34,0.0,0.0,0.0,0.0,0.8824309497817344,0.3529411764705882,0.0196078431372549
0.2651166055072241,1.0,0.0,0.05555555555555556,0.0,0.0,0.8067216106277966,0.23333333333333334,0.027777777777777776
0.32525592233025236,1.0,0.0,0.009861932938856016,0.0,0.6666666666666666,0.7791864422374342,0.21893491124260356,0.07297830374753451
0.3536140062910873,0.7966666666666666,0.0,0.0,0.5,0.3333333333333333,0.8101079848076649,0.40167364016736395,0.04602510460251046
0.1417214962690702,0.2733333333333333,0.0,0.0,0.0,0.0,0.8608734992760679,0.14634146341463417,0.0
0.3101769111822557,1.0,0.0,0.010660980810234541,0.0,0.3333333333333333,0.779096759299458,0.371002132196162,0.1023454157782516
0.21934635911343686,0.32,0.0,0.05208333333333333,0.0,0.0,0.9165885911343686,0.71875,0.0
0.28252148787833953,1.0,0.0,0.0,0.0,0.0,0.777022107699058,0.3704819277108434,0.17771084337349397
0.21295448357085528,0.29333333333333333,0.0,0.0,0.0,0.0,0.9395448357085527,0.75,0.0
0.23715766644052824,0.31,0.0,0.0,0.0,0.0,0.7022755891364653,0.8387096774193548,0.3655913978494624
0.20329568669528714,0.5566666666666666,0.0,0.0,0.0,0.0,0.838675429827123,0.3592814371257485,0.0
0.16672563912890648,0.25333333333333335,0.0,0.0,0.0,0.0,0.8793616544469595,0.35526315789473684,0.05263157894736842
0.16609853249417253,0.26666666666666666,0.0,0.0,0.0,0.0,0.8484853249417252,0.3375,0.075
0.22146029148138166,0.7433333333333333,0.0,0.0,0.0,0.0,0.8798719731097807,0.20179372197309417,0.017937219730941704
0.2861237542625639,1.0,0.0,0.0,0.0,0.3333333333333333,0.7986683288936347,0.20930232558139533,0.019933554817275746
0.1780494383144589,0.20666666666666667,0.0,0.0,0.0,0.0,0.9221072863703955,0.532258064516129,0.016129032258064516
0.26438750867805094,1.0,0.0,0.0,0.0,0.0,0.8180911146550738,0.2979094076655052,0.027874564459930314
0.16369467374840457,0.36666666666666664,0.0,0.0,0.0,0.0,0.8414921920295005,0.21818181818181817,0.02727272727272727
0.16637360060798198,0.3,0.0,0.05555555555555556,0.0,0.0,0.8970693394131531,0.2,0.03333333333333333
0.15177968362822436,0.15,0.0,0.0,0.0,0.0,0.9372412807266882,0.3333333333333333,0.022222222222222223
0.26025303532691973,1.0,0.0,0.0,0.0,0.0,0.7789531174968394,0.3121951219512195,0.011382113821138212
0.17514933218992804,0.09666666666666666,0.0,0.0,0.0,0.0,0.9858036667268665,0.6206896551724138,0.0
0.24466398780731957,1.0,0.0,0.05649717514124294,0.0,0.0,0.8053969402200882,0.03389830508474576,0.022598870056497175
0.13287163647530068,0.10333333333333333,0.0,0.0,0.0,0.0,0.9479099131401035,0.0967741935483871,0.12903225806451613
0.14925142594732738,0.16666666666666666,0.0,0.0,0.0,0.0,0.9025142594732737,0.30000000000000004,0.04
0.1944280720389712,0.22333333333333333,0.0,0.0,0.0,0.0,0.8779374368076223,0.6268656716417911,0.1044776119402985
0.2717096526399941,0.8166666666666667,0.0,0.0,0.0,0.0,0.8431169345632062,0.5877551020408163,0.061224489795918366
0.26323739813813474,0.48333333333333334,0.0,0.034482758620689655,0.5,0.0,0.6504774296572094,0.08275862068965517,0.3724137931034483
0.26228765475700183,0.99,0.0,0.0,0.0,0.0,0.8180112277046987,0.30303030303030304,0.016835016835016835
0.22759581965068362,0.6666666666666666,0.0,0.0,0.0,0.0,0.8409581965068362,0.39,0.045
0.16902088783348573,0.19333333333333333,0.0,0.0,0.0,0.3333333333333333,0.9117031312084204,0.15517241379310345,0.0
0.1552024129826577,0.24,0.0,0.0,0.0,0.0,0.90035746315991,0.2916666666666667,0.0
0.24250766713201072,0.6133333333333333,0.0,0.0,0.0,0.0,0.7224679756679336,0.47282608695652173,0.30978260869565216
0.13754055361765793,0.15666666666666668,0.0,0.0,0.0,0.0,0.8850863872404091,0.2553191489361702,0.0
0.21402012743991816,0.44333333333333336,0.0,0.0,0.0,0.3333333333333333,0.8711912493365247,0.24812030075187969,0.022556390977443608
0.14846614964418503,0.24,0.0,0.0,0.0,0.0,0.8885503853307392,0.20833333333333334,0.027777777777777776
0.21054636873337634,0.6166666666666667,0.0,0.02702702702702703,0.0,0.0,0.8318150386851145,0.3081081081081081,0.0
0.17384771013643163,0.30666666666666664,0.0,0.0,0.0,0.0,0.8763031883208383,0.3913043478260869,0.010869565217391304
0.2243512291543925,0.23666666666666666,0.0,0.0,0.0,0.3333333333333333,0.8932071272246764,0.5915492957746479,0.07042253521126761
0.2881794620403073,0.91,0.0,0.0,0.0,0.3333333333333333,0.8134979171063701,0.3076923076923077,0.06227106227106227
0.14774657757345133,0.2733333333333333,0.0,0.0,0.0,0.0,0.9211243123198789,0.14634146341463417,0.0
0.1830468068491884,0.36,0.0,0.0,0.0,0.0,0.6978754758992913,0.3333333333333333,0.25925925925925924
0.18944506788353407,0.3433333333333333,0.0,0.0,0.0,0.0,0.8940137856314572,0.4368932038834951,0.04854368932038835
0.17113556553523337,0.41333333333333333,0.0,0.0,0.0,0.0,0.8574846876103979,0.217741935483871,0.016129032258064516
0.2845640480150688,0.9333333333333333,0.0,0.03571428571428571,0.0,0.0,0.834926194436402,0.5142857142857142,0.04285714285714286
0.4144483809171313,1.0,0.0,0.0,1.0,0.0,0.8375217838548575,0.2848101265822785,0.022151898734177215
0.2937677336937688,1.0,0.0,0.012406947890818858,0.0,0.0,0.8309775850766453,0.5732009925558312,0.01488833746898263
0.15188114275874273,0.23,0.0,0.0,0.0,0.0,0.8694636015004705,0.17391304347826086,0.13043478260869565
0.1465734677128908,0.25333333333333335,0.0,0.0,0.0,0.0,0.9278399402868027,0.15789473684210525,0.0
0.23683024269763145,0.51,0.0,0.032679738562091505,0.0,0.0,0.8614723616168373,0.5882352941176471,0.10457516339869281
0.18955264181004303,0.46,0.0,0.0,0.0,0.0,0.8866858383902854,0.28260869565217395,0.036231884057971016
0.2058681010385354,0.19,0.0,0.2631578947368421,0.0,0.0,0.9578915367011434,0.42105263157894735,0.0
0.18978395637004936,0.22666666666666666,0.0,0.0,0.0,0.0,0.8960748578181403,0.5294117647058824,0.1323529411764706
0.3927575930490697,1.0,0.0,0.0,0.5,0.3333333333333333,0.7395459239675402,0.4344422700587084,0.17025440313111545
0.26028251945215786,0.6,0.0,0.08333333333333333,0.0,0.0,0.8611585278549119,0.7,0.016666666666666666
0.27614760298055974,1.0,0.0,0.0,0.0,0.0,0.7885030568326246,0.47297297297297297,0.0
0.14909607800090147,0.19666666666666666,0.0,0.0,0.0,0.0,0.8908760342463027,0.3050847457627119,0.0
0.2836399360390442,1.0,0.0,0.036458333333333336,0.0,0.0,0.7681701937237755,0.5031249999999999,0.010416666666666666
0.3162508340073655,0.5733333333333334,0.0,0.05813953488372093,0.5,0.0,0.8548339214690038,0.5581395348837209,0.05232558139534884
0.1792424106538221,0.24,0.0,0.0,0.0,0.0,0.8907574398715542,0.5,0.041666666666666664
0.2427518184670167,0.8066666666666666,0.0,0.0,0.0,0.0,0.8084272755792583,0.371900826446281,0.0371900826446281
0.2917452954182535,1.0,0.0,0.0,0.0,0.0,0.8251910494206305,0.5803571428571429,0.011904761904761904
0.25229931731878075,0.63,0.0,0.0,0.0,0.3333333333333333,0.8372524324470667,0.3492063492063492,0.0582010582010582
0.16328656881882028,0.08666666666666667,0.0,0.19230769230769232,0.0,0.0,0.9836349189574335,0.23076923076923078,0.0
0.2020551134018146,0.62,0.0,0.0,0.0,0.0,0.848615650147178,0.16129032258064516,0.08064516129032258
0.14420898919536487,0.19,0.0,0.0,0.0,0.0,0.7535811200238243,0.21052631578947367,0.19298245614035087
0.18541150290502445,0.45666666666666667,0.0,0.0,0.0,0.0,0.8625456859845508,0.30656934306569344,0.0
0.1915704702899247,0.04,0.0,0.41666666666666663,0.0,0.0,0.8140380362325801,0.0,0.4166666666666667
0.1502439900262903,0.19,0.0,0.0,0.0,0.0,0.8665627072804465,0.3157894736842105,0.03508771929824561
0.17799415060924417,0.26,0.0,0.0641025641025641,0.0,0.0,0.9091722753232113,0.34615384615384615,0.038461538461538464
0.3207019626882599,0.6466666666666666,0.0,0.05154639175257732,0.5,0.0,0.8323804516248666,0.4948453608247423,0.08247422680412371
0.1934100635439664,0.5633333333333334,0.0,0.0,0.0,0.0,0.8228284460905514,0.23076923076923078,0.03550295857988166
0.23820034894401812,0.7666666666666667,0.0,0.0,0.0,0.0,0.8406991416140942,0.3913043478260869,0.0
0.4136376811987863,1.0,0.0,0.05405405405405406,1.0,0.0,0.7661065417175926,0.2554054054054054,0.033783783783783786
0.19387445770496542,0.39,0.0,0.1282051282051282,0.0,0.0,0.8537445770496543,0.28205128205128205,0.02564102564102564
0.17213392261821253,0.14,0.0,0.11904761904761904,0.0,0.0,0.8327677976106966,0.3571428571428571,0.14285714285714285
0.1472652916268981,0.18666666666666668,0.0,0.0,0.0,0.0,0.9069386305546953,0.21428571428571427,0.07142857142857142
0.1429818641969042,0.19333333333333333,0.0,0.0,0.0,0.0,0.8811979523138694,0.25862068965517243,0.0
0.27816898710910626,1.0,0.0,0.0,0.0,0.0,0.7845307801819721,0.45170454545454547,0.045454545454545456
0.15475278916584168,0.24333333333333335,0.0,0.0,0.0,0.0,0.8948566587817045,0.2876712328767123,0.0
0.42051008473287627,1.0,0.0,0.02493765586034913,1.0,0.0,0.821060947079386,0.29177057356608477,0.05486284289276808
0.1493240437348467,0.17,0.0,0.0,0.0,0.0,0.9049071040151336,0.29411764705882354,0.0392156862745098
0.23012400976203629,0.44666666666666666,0.0,0.11194029850746268,0.0,0.0,0.7319863662770794,0.582089552238806,0.14925373134328357
0.2710321246266037,1.0,0.0,0.03863987635239567,0.0,0.0,0.7783274286462538,0.37094281298299847,0.0030911901081916537
0.258083331330811,1.0,0.0,0.0,0.0,0.0,0.6021447887179462,0.1377049180327869,0.34098360655737703
0.27701733320749045,0.7333333333333333,0.0,0.022727272727272728,0.0,0.0,0.5224460593476319,0.5590909090909091,0.5545454545454546
0.1635632493317904,0.17333333333333334,0.0,0.09615384615384616,0.0,0.0,0.6929401856255963,0.2884615384615385,0.25
0.15837161016716272,0.21,0.0,0.0,0.0,0.0,0.887763720719246,0.3333333333333333,0.047619047619047616
0.16518447799107538,0.09666666666666666,0.0,0.1724137931034483,0.0,0.0,0.9033965040486848,0.3103448275862069,0.034482758620689655
0.14816936330695651,0.21666666666666667,0.0,0.0,0.0,0.0,0.9105397869157189,0.18461538461538463,0.06153846153846154
0.27033796070078536,1.0,0.0,0.0,0.0,0.0,0.744377071082241,0.44378698224852076,0.015215553677092139
0.17090532061424268,0.26,0.0,0.0,0.0,0.0,0.8831557702449908,0.3076923076923077,0.1282051282051282
0.16160509205983833,0.3,0.0,0.0,0.0,0.0,0.7771620317094946,0.13333333333333333,0.25555555555555554
0.2601549991802642,0.82,0.0,0.0,0.0,0.0,0.7983792600953248,0.5609756097560975,0.012195121951219513
0.2755505799267685,0.8233333333333334,0.0,0.0,0.0,0.3333333333333333,0.8025570813189676,0.340080971659919,0.044534412955465584
0.15078112911532054,0.14666666666666667,0.0,0.0,0.0,0.0,0.9469022002441145,0.3409090909090909,0.0
0.2776256719215984,0.4766666666666667,0.0,0.0,0.5,0.0,0.8986693066285719,0.3986013986013986,0.013986013986013986
0.2724757024660006,1.0,0.0,0.0,0.0,0.0,0.7738286426971412,0.35013262599469497,0.10079575596816977
0.1729341586537017,0.27,0.0,0.0,0.0,0.0,0.8305144260431899,0.4444444444444444,0.04938271604938271
0.26419021993847913,1.0,0.0,0.0,0.0,0.0,0.8003788578614501,0.2727272727272727,0.0687960687960688
0.14599341976699723,0.13666666666666666,0.0,0.0,0.0,0.0,0.8890805391333868,0.36585365853658536,0.0
0.24448457492015474,0.5266666666666666,0.0,0.0,0.0,0.3333333333333333,0.8658162133365687,0.39873417721518983,0.056962025316455694
0.2749746009708386,0.9166666666666666,0.0,0.1090909090909091,0.0,0.0,0.5820187369811132,0.24,0.3890909090909091
0.2215291883144341,0.4,0.0,0.0,0.0,0.0,0.8402918831443411,0.5499999999999999,0.225
0.13254159166645815,0.15333333333333332,0.0,0.0,0.0,0.0,0.8345463514471902,0.06521739130434782,0.1956521739130435
0.17394860655436073,0.31333333333333335,0.0,0.10638297872340426,0.0,0.0,0.8652307463946711,0.19148936170212766,0.05319148936170213
0.14628745336143315,0.22333333333333333,0.0,0.0,0.0,0.0,0.903993936599406,0.22388059701492535,0.0
0.24505677537875503,0.7133333333333334,0.0,0.0,0.0,0.0,0.8198200902361483,0.46261682242990654,0.09813084112149532
0.18385193614786227,0.23666666666666666,0.0,0.0,0.0,0.3333333333333333,0.8966649013847261,0.2535211267605634,0.0
0.26826458560213945,1.0,0.0,0.0,0.0,0.0,0.6941970111369065,0.31683168316831684,0.1716171617161716
0.18993176954614144,0.13333333333333333,0.0,0.25,0.0,0.0,0.8743176954614147,0.44999999999999996,0.0
0.2538876411510467,0.99,0.0,0.0,0.0,0.0,0.8316541892882441,0.2121212121212121,0.010101010101010102
0.2260131597262973,0.7933333333333333,0.0,0.0,0.0,0.0,0.8516442023049898,0.20168067226890757,0.01680672268907563
0.14455391698487663,0.23666666666666666,0.0,0.0,0.0,0.0,0.9215250853417241,0.16901408450704225,0.0
0.20177914389416685,0.5333333333333333,0.0,0.03125,0.0,0.0,0.7771664389416686,0.1875,0.20625
0.2744967352841964,1.0,0.0,0.0,0.0,0.3333333333333333,0.7856497675401269,0.12598425196850394,0.0
0.2874968576524831,1.0,0.0,0.014044943820224719,0.0,0.0,0.8061483518057305,0.5056179775280899,0.042134831460674156
0.13565726443407036,0.16666666666666666,0.0,0.0,0.0,0.0,0.9065726443407037,0.18,0.02
0.18372074737408142,0.43333333333333335,0.0,0.0,0.0,0.0,0.8564382429715833,0.3230769230769231,0.007692307692307693
0.1968918528768512,0.22333333333333333,0.0,0.07462686567164178,0.0,0.0,0.8951125586192581,0.6268656716417911,0.0
0.17822429113970845,0.49,0.0,0.0,0.0,0.0,0.775134067859669,0.24489795918367346,0.027210884353741496
0.2894395150283387,1.0,0.0,0.0,0.0,0.3333333333333333,0.7848187230274016,0.2569060773480663,0.019337016574585635
0.28382779724524293,1.0,0.0,0.0364963503649635,0.0,0.0,0.7652852717225025,0.5005213764337851,0.017726798748696558
0.2910005668170499,0.6766666666666666,0.0,0.024630541871921183,0.5,0.0,0.8568283282690213,0.22167487684729065,0.029556650246305417
0.2692209048669529,0.19333333333333333,0.0,0.08620689655172414,0.5,0.0,0.9366918072902183,0.5172413793103449,0.06896551724137931
0.22130425071580598,0.6233333333333333,0.0,0.0,0.0,0.3333333333333333,0.8217145214183093,0.1122994652406417,0.0106951871657754
0.20467709723507235,0.7333333333333333,0.0,0.0,0.0,0.0,0.8013164268961779,0.10909090909090909,0.03636363636363636
0.2478567234440588,0.9633333333333334,0.0,0.0,0.0,0.0,0.8121139472433562,0.18685121107266434,0.03460207612456748
0.2997498594719268,1.0,0.0,0.0,0.0,0.3333333333333333,0.7899078356433606,0.35049504950495053,0.023762376237623763
0.22713873761084688,0.6833333333333333,0.0,0.024390243902439025,0.0,0.0,0.8488264004987127,0.29268292682926833,0.06829268292682927
0.2813476178109822,1.0,0.0,0.0,0.0,0.0,0.830504041886912,0.4458204334365325,0.03715170278637771
0.25102356138044063,0.6566666666666666,0.0,0.025380710659898477,0.0,0.0,0.8627990655810558,0.6091370558375635,0.015228426395939087
0.1813281029201223,0.42,0.0,0.0,0.0,0.0,0.8420111879313816,0.26190476190476186,0.07936507936507936
0.20361492195192452,0.5466666666666666,0.0,0.03048780487804878,0.0,0.0,0.11553946342168406,0.12804878048780488,0.926829268292683
0.1891253589518151,0.49,0.0,0.0,0.0,0.0,0.8297229772732527,0.32653061224489793,0.0
0.22783367544557842,0.18333333333333332,0.0,0.0,0.5,0.0,0.9260640271830568,0.2727272727272727,0.05454545454545454
0.13023560964005024,0.17666666666666667,0.0,0.0,0.0,0.0,0.9052806247023891,0.11320754716981132,0.018867924528301886
0.17134645182344363,0.14,0.0,0.0,0.0,0.0,0.9558454706153885,0.5,0.047619047619047616
0.29283805886861425,1.0,0.0,0.0,0.0,0.3333333333333333,0.7617139220194762,0.31620553359683795,0.017127799736495388
0.2697967045676659,1.0,0.0,0.0,0.0,0.0,0.7712569479567897,0.3713355048859935,0.05537459283387622
0.2459352727557796,0.7733333333333333,0.0,0.0,0.0,0.3333333333333333,0.7979159459486006,0.15517241379310345,0.01293103448275862
0.17526744718253937,0.03,0.0,0.0,0.0,0.0,0.9298966940476158,0.6666666666666666,0.1111111111111111
0.2602491737654764,1.0,0.0,0.0,0.0,0.0,0.7658083205693369,0.33668341708542715,0.0
0.13742055966920244,0.05,0.0,0.0,0.0,0.3333333333333333,0.965872263358691,0.0,0.0
0.10838431530811267,0.11,0.0,0.0,0.0,0.0,0.9188431530811266,0.0,0.0
0.2816193405903715,1.0,0.0,0.0,0.0,0.0,0.8279427531622006,0.4856396866840731,0.0026109660574412533
0.14593838962121664,0.15333333333333332,0.0,0.0,0.0,0.0,0.9685143309947751,0.2608695652173913,0.0
0.25362939546313995,0.8933333333333333,0.0,0.0,0.0,0.0,0.8642044023925937,0.3246268656716418,0.007462686567164179
0.17215712768117944,0.2966666666666667,0.0,0.0,0.0,0.0,0.7597173442275246,0.3033707865168539,0.21348314606741572
0.32977679329646875,0.8933333333333333,0.0,0.0,0.5,0.0,0.7973201717706585,0.39179104477611937,0.018656716417910446
0.18401892686773863,0.5233333333333333,0.0,0.0,0.0,0.0,0.6029599693143288,0.30573248407643316,0.1464968152866242
0.2844953628419264,1.0,0.0,0.0,0.0,0.0,0.8138332964690567,0.5228215767634854,0.008298755186721992
0.26960680987422864,0.45666666666666667,0.0,0.0,0.5,0.0,0.8669075148006806,0.30656934306569344,0.08759124087591241
0.187088601574459,0.42333333333333334,0.0,0.03937007874015748,0.0,0.0,0.8382482204689996,0.23622047244094488,0.10236220472440945
0.1447031866465707,0.12,0.0,0.0,0.0,0.0,0.9059207553545958,0.3333333333333333,0.027777777777777776
0.14635714285714285,0.023333333333333334,0.0,0.0,0.0,0.0,1.0,0.42857142857142855,0.0
0.17602576353884664,0.15,0.0,0.0,0.0,0.0,0.9352576353884662,0.6000000000000001,0.0
0.15600295851910073,0.36666666666666664,0.0,0.0,0.0,0.0,0.8736659488273709,0.08181818181818182,0.05454545454545454
0.2099685644457482,0.4033333333333333,0.0,0.0,0.0,0.0,0.8996443221434323,0.5950413223140496,0.0
0.2669668429200218,1.0,0.0,0.0,0.0,0.0,0.7165434292002177,0.328125,0.125
0.2769460525093462,1.0,0.0,0.0,0.0,0.0,0.8054082375117626,0.4215686274509804,0.042483660130718956
0.16371958213883994,0.18666666666666668,0.0,0.0,0.0,0.0,0.9107672499598279,0.375,0.07142857142857142
0.23232399750160385,0.24,0.0,0.06944444444444445,0.5,0.0,0.8868510861271495,0.125,0.09722222222222222
0.21139098285226318,0.7066666666666667,0.0,0.0,0.0,0.0,0.8416456775792355,0.19811320754716982,0.014150943396226415
0.18129921839461732,0.43,0.0,0.0,0.0,0.0,0.5555890831709795,0.13953488372093023,0.4728682170542636
0.17291046480348612,0.17,0.0,0.0,0.0,0.0,0.9446928833289788,0.5294117647058824,0.0
0.15633313407351654,0.10333333333333333,0.0,0.0,0.0,0.0,0.8599442439609717,0.29032258064516125,0.25806451612903225
0.1546091949158245,0.15,0.0,0.11111111111111112,0.0,0.0,0.9322030602693562,0.2,0.022222222222222223
0.18419914972896537,0.24,0.0,0.0,0.0,0.0,0.89865816395632,0.5416666666666666,0.041666666666666664
0.15298761028730323,0.22333333333333333,0.0,0.07462686567164178,0.0,0.0,0.9187566998879575,0.13432835820895522,0.029850746268656716
0.25251876392218736,1.0,0.0,0.0,0.0,0.0,0.7583809165327982,0.21428571428571427,0.052521008403361345
0.2849155647699381,1.0,0.0,0.0,0.0,0.3333333333333333,0.7661960064437763,0.2376681614349776,0.01195814648729447
0.1458328724960607,0.17,0.0,0.0,0.0,0.0,0.9092110779017833,0.29411764705882354,0.0
0.1792057295902378,0.3,0.0,0.0,0.0,0.3333333333333333,0.842057295902378,0.16666666666666666,0.0
0.1721373766161231,0.23,0.0,0.0,0.0,0.0,0.8691273893496367,0.3913043478260869,0.11594202898550725
0.19209496661993636,0.33666666666666667,0.0,0.0,0.0,0.3333333333333333,0.8746955407868224,0.20792079207920794,0.0
0.3051719231841715,0.8966666666666666,0.0,0.0,0.0,0.0,0.8331132838863252,0.7695167286245352,0.10408921933085502
0.1196289372256916,0.08666666666666667,0.0,0.0,0.0,0.0,0.9509047568723006,0.11538461538461539,0.0
0.28823139762859146,1.0,0.0,0.04784688995215311,0.0,0.0,0.8081512968600773,0.43779904306220097,0.0645933014354067
0.2814238044667647,1.0,0.0,0.01256281407035176,0.0,0.0,0.8180068888887523,0.4522613065326633,0.02512562814070352
0.22666331476047757,0.5133333333333333,0.0,0.0,0.0,0.3333333333333333,0.8645985155701437,0.2532467532467533,0.045454545454545456
0.1654015335322799,0.27666666666666667,0.0,0.0,0.0,0.0,0.8896177449613533,0.25301204819277107,0.0963855421686747
0.20504214255420122,0.47,0.0,0.0,0.0,0.0,0.8205987305065512,0.46808510638297873,0.05673758865248227
0.24087832336651044,0.8833333333333333,0.0,0.0,0.0,0.0,0.7894436110235953,0.21509433962264152,0.07924528301886792
0.15505776847185043,0.09333333333333334,0.0,0.0,0.0,0.0,0.5891491132899327,0.3214285714285714,0.5
0.19689536084324236,0.5166666666666667,0.0,0.0,0.0,0.0,0.8520181245614556,0.3096774193548387,0.03225806451612903
0.1983251166852788,0.43666666666666665,0.0,0.0,0.0,0.3333333333333333,0.8575132533667831,0.11450381679389313,0.022900763358778626
0.2782284701378992,0.30666666666666664,0.0,0.05434782608695652,0.5,0.0,0.7951107883355137,0.4891304347826087,0.20652173913043478
0.14396294729713874,0.14666666666666667,0.0,0.0,0.0,0.0,0.9469022002441145,0.2727272727272727,0.0
0.18342343613518125,0.13333333333333333,0.0,0.0,0.0,0.0,0.9342343613518124,0.6000000000000001,0.1
0.14612116860597787,0.18333333333333332,0.0,0.0,0.0,0.0,0.9134844133325059,0.21818181818181817,0.05454545454545454
0.18866837538880224,0.36,0.0,0.0,0.0,0.0,0.8466837538880224,0.4166666666666667,0.08333333333333333
0.17946042529759637,0.33,0.0,0.0,0.0,0.0,0.8248567782284889,0.36363636363636365,0.1111111111111111
0.12310181288538227,0.20666666666666667,0.0,0.0,0.0,0.0,0.8726310320796291,0.04838709677419355,0.0
0.22939339256196678,0.11333333333333333,0.0,0.14705882352941177,0.5,0.0,0.9768751020902559,0.1764705882352941,0.0
0.1858685201661279,0.43,0.0,0.0,0.0,0.0,0.6865534187155424,0.27906976744186046,0.24806201550387597
0.21052971607253376,0.65,0.0,0.0,0.0,0.0,0.8328612632894403,0.27692307692307694,0.020512820512820513
0.1275170031578566,0.03666666666666667,0.0,0.0,0.0,0.0,0.9474427588512933,0.2727272727272727,0.0
0.2659297067284091,0.6666666666666666,0.0,0.0,0.0,0.0,0.8392970672840908,0.72,0.1
0.20834382745249413,0.55,0.0,0.0,0.0,0.0,0.8099534260400925,0.34545454545454546,0.10303030303030303
0.1788720478252025,0.5233333333333333,0.0,0.0,0.0,0.0,0.8508542362138082,0.15286624203821658,0.0
0.18289215851749993,0.23666666666666666,0.0,0.0,0.0,0.0,0.8682877823580979,0.5492957746478874,0.056338028169014086
0.23857914639891534,0.8566666666666667,0.0,0.0,0.0,0.0,0.8167447713821494,0.25680933852140075,0.027237354085603113
0.2084673345068081,0.32,0.0,0.0,0.0,0.3333333333333333,0.9275900117347478,0.3125,0.03125
0.22157493784032395,0.18666666666666668,0.0,0.0,0.0,0.0,0.7750350926889539,0.9642857142857144,0.19642857142857142
0.22845695777593134,0.6433333333333333,0.0,0.02590673575129534,0.0,0.0,0.6744918575520595,0.27979274611398963,0.32642487046632124
0.186253413673009,0.36333333333333334,0.0,0.0,0.0,0.0,0.7762497330603652,0.3577981651376147,0.1834862385321101
0.3269530020113168,0.45666666666666667,0.0,0.0,1.0,0.0,0.8801504580693719,0.19708029197080293,0.0072992700729927005
0.1716185049737247,0.2866666666666667,0.0,0.05813953488372093,0.0,0.0,0.919905979969805,0.27906976744186046,0.0
0.1823503885177871,0.09666666666666666,0.0,0.1724137931034483,0.0,0.0,0.9716073334537331,0.41379310344827586,0.034482758620689655
0.15710172792544852,0.31666666666666665,0.0,0.0,0.0,0.0,0.8749646476755378,0.15789473684210525,0.06315789473684211
0.21358276099508758,0.4766666666666667,0.0,0.0,0.0,0.0,0.8404080295312957,0.4825174825174825,0.0979020979020979
0.26924083344623034,0.8833333333333333,0.0,0.056603773584905655,0.0,0.0,0.8296724854056996,0.3735849056603774,0.07924528301886792
0.1614153194937347,0.25666666666666665,0.0,0.0,0.0,0.0,0.8655168313009831,0.3116883116883117,0.05194805194805195
0.1957816777276851,0.38666666666666666,0.0,0.0,0.0,0.0,0.8950581565871955,0.4655172413793104,0.017241379310344827
0.16336685073743698,0.21666666666666667,0.0,0.0,0.0,0.0,0.8932838919897542,0.4153846153846154,0.0
0.26359431500284836,1.0,0.0,0.011547344110854504,0.0,0.0,0.7583449976035413,0.32563510392609696,0.03464203233256351
0.2091955668324077,0.07333333333333333,0.0,0.0,0.5,0.0,0.9592283955968041,0.2727272727272727,0.0
0.13534567814422005,0.19333333333333333,0.0,0.0,0.0,0.0,0.8910429883387523,0.15517241379310345,0.017241379310344827
0.2688816095251948,0.8633333333333333,0.0,0.0,0.0,0.3333333333333333,0.7786294800653335,0.2548262548262548,0.02702702702702703
0.14883657136151002,0.20666666666666667,0.0,0.0,0.0,0.0,0.8719141007118745,0.14516129032258063,0.16129032258064516
0.14262590566908745,0.19333333333333333,0.0,0.0,0.0,0.0,0.9293625049667363,0.20689655172413793,0.0
0.21946900272212952,0.59,0.0,0.0,0.0,0.0,0.8690120611196003,0.4067796610169492,0.03389830508474576
0.18453736184672997,0.5633333333333334,0.0,0.0,0.0,0.0,0.7045156303016191,0.21301775147928995,0.08284023668639054
0.17938632257835574,0.05,0.0,0.0,0.0,0.0,0.9188632257835573,0.8,0.0
0.1605419944140581,0.10333333333333333,0.0,0.0,0.0,0.0,0.8697747828502581,0.5806451612903225,0.0
0.20100997229206455,0.66,0.0,0.0,0.0,0.0,0.8382815411024636,0.18181818181818182,0.0
0.19863803665569707,0.5,0.0,0.03333333333333333,0.0,0.0,0.8863803665569706,0.30000000000000004,0.0
0.1290439256771595,0.14666666666666667,0.0,0.0,0.0,0.0,0.888621074953413,0.13636363636363635,0.045454545454545456
0.3767192734014681,0.8866666666666667,0.0,0.0,0.5,0.3333333333333333,0.8801751901550317,0.47368421052631576,0.0
0.16866463287417735,0.37,0.0,0.0,0.0,0.0,0.816331013426458,0.2972972972972973,0.018018018018018018
0.14274518795708666,0.11,0.0,0.0,0.0,0.0,0.9594215765405636,0.2727272727272727,0.030303030303030304
0.14531090342822392,0.17333333333333334,0.0,0.0,0.0,0.0,0.9046474958207007,0.2884615384615385,0.0
0.19282169131781374,0.36,0.0,0.0,0.0,0.0,0.915994690955915,0.4722222222222222,0.0
0.275310732746399,0.93,0.0,0.12544802867383514,0.0,0.0,0.7685015926969645,0.3010752688172043,0.1003584229390681
0.1764415897878567,0.18,0.0,0.0,0.0,0.0,0.883304786767456,0.611111111111111,0.0
0.21611146717702379,0.7266666666666667,0.0,0.022935779816513763,0.0,0.0,0.8532247635133574,0.17889908256880735,0.0045871559633027525
0.17207236933871586,0.30666666666666664,0.0,0.0,0.0,0.0,0.8585497803436801,0.3586956521739131,0.043478260869565216
0.17184506042500214,0.19666666666666666,0.0,0.0,0.0,0.0,0.9149760279788348,0.4067796610169492,0.1016949152542373
0.207052120471494,0.6033333333333334,0.0,0.0,0.0,0.0,0.8285046301293043,0.3149171270718232,0.022099447513812154
0.27176123609610864,1.0,0.0,0.01059322033898305,0.0,0.0,0.8034174457068493,0.3241525423728814,0.07415254237288135
0.2867816461539994,1.0,0.0,0.011135857461024499,0.0,0.3333333333333333,0.7115432618369504,0.17706013363028952,0.1291759465478842
0.145470328123811,0.2,0.0,0.0,0.0,0.0,0.9047032812381101,0.25,0.0
0.2148770678458054,0.43,0.0,0.0,0.0,0.3333333333333333,0.8448559497758832,0.27906976744186046,0.046511627906976744
0.2448921874568731,0.6266666666666667,0.0,0.0,0.0,0.3333333333333333,0.8404821582566744,0.2872340425531915,0.047872340425531915
0.2547847765444189,0.25333333333333335,0.0,0.06578947368421052,0.5,0.0,0.8849530286020837,0.4342105263157895,0.0
0.22418415107091919,0.12,0.0,0.0,0.0,0.3333333333333333,0.9785081773758584,0.75,0.0
0.23233054827003796,1.0,0.0,0.0,0.0,0.0,0.564364137922125,0.22317596566523606,0.0357653791130186
0.24940482297236463,0.23333333333333334,0.0,0.07142857142857142,0.5,0.0,0.9154768011522177,0.34285714285714286,0.02857142857142857
0.2181938058369445,0.7533333333333333,0.0,0.0,0.0,0.0,0.7776017751836046,0.23893805309734512,0.035398230088495575
0.2871906403285776,1.0,0.0,0.022988505747126436,0.0,0.0,0.6132857136306036,0.3931034482758621,0.3310344827586207
0.18619195988801177,0.5966666666666667,0.0,0.0,0.0,0.0,0.8160816100533022,0.1005586592178771,0.05027932960893855
0.20362118329925016,0.56,0.0,0.0,0.0,0.0,0.8390689758496446,0.25,0.10714285714285714
0.1608617691956696,0.13,0.0,0.0,0.0,0.0,0.849515127854132,0.3076923076923077,0.2564102564102564
0.2666650452505052,0.07,0.0,0.23809523809523808,0.5,0.0,0.9783171191717186,0.42857142857142855,0.047619047619047616
0.1602992114996443,0.26666666666666666,0.0,0.0,0.0,0.0,0.890492114996443,0.26249999999999996,0.05
0.23729993024995333,0.77,0.0,0.0,0.0,0.0,0.8283889128891437,0.3116883116883117,0.07792207792207792
0.2435447483724534,0.7566666666666667,0.0,0.0,0.0,0.0,0.8114606995835649,0.40969162995594716,0.07929515418502203
0.17551212904267002,0.32,0.0,0.0,0.0,0.0,0.8688712904267002,0.375,0.03125
0.14577664923855638,0.17,0.0,0.0,0.0,0.0,0.9282566884639951,0.23529411764705882,0.0392156862745098
0.17572483468024458,0.3566666666666667,0.0,0.04672897196261682,0.0,0.0,0.8998184402603897,0.16822429906542055,0.08411214953271028
0.135,0.03333333333333333,0.0,0.0,0.0,0.0,1.0,0.30000000000000004,0.0
0.21314623602382352,0.44,0.0,0.0,0.0,0.3333333333333333,0.8729775117533868,0.25,0.015151515151515152
0.30078857215032784,1.0,0.0,0.07575757575757576,0.0,0.0,0.7487948124123697,0.5181818181818182,0.12727272727272726
0.27786923547394143,1.0,0.0,0.0,0.0,0.3333333333333333,0.7434359444830043,0.16346153846153846,0.038461538461538464
0.14169330891087836,0.06333333333333334,0.0,0.0,0.0,0.0,0.9008804575298361,0.3157894736842105,0.10526315789473684
0.3434727649660211,1.0,0.0,0.011933174224343677,0.5,0.0,0.8016727570587787,0.35799522673031026,0.007159904534606206
0.23823754803943764,0.30666666666666664,0.0,0.0,0.0,0.3333333333333333,0.8281725818436516,0.5543478260869565,0.20652173913043478
0.20500679214428963,0.47333333333333333,0.0,0.0,0.0,0.0,0.8330256679217694,0.5070422535211268,0.0
0.21908488668244247,0.43333333333333335,0.0,0.038461538461538464,0.0,0.0,0.7831565591321171,0.5076923076923077,0.19230769230769232
0.20578956847659557,0.6533333333333333,0.0,0.0,0.0,0.0,0.8227936439496293,0.24489795918367346,0.01020408163265306
0.2961622321805423,1.0,0.0,0.010351966873706004,0.0,0.0,0.7918500650766441,0.6149068322981366,0.039337474120082816
0.23046257120465985,0.7466666666666667,0.0,0.0,0.0,0.0,0.8364114263323127,0.3214285714285714,0.026785714285714284
0.27580610659352345,0.9533333333333334,0.0,0.0,0.0,0.3333333333333333,0.7884340263081948,0.1993006993006993,0.006993006993006993
0.21203448940171482,0.5566666666666666,0.0,0.0,0.0,0.0,0.8721712413225378,0.39520958083832336,0.017964071856287425
0.14497824181936847,0.18666666666666668,0.0,0.0,0.0,0.0,0.8662109896222562,0.1607142857142857,0.14285714285714285
0.14321957950392575,0.14666666666666667,0.0,0.0,0.0,0.0,0.9167412495847119,0.20454545454545453,0.09090909090909091
0.3012943117784928,0.5766666666666667,0.0,0.028901734104046242,0.5,0.3333333333333333,0.8420664318504384,0.17341040462427745,0.005780346820809248
0.11105134195787356,0.13666666666666666,0.0,0.0,0.0,0.0,0.9055134195787357,0.0,0.0
0.1275,0.05,0.0,0.0,0.0,0.0,0.9999999999999998,0.2,0.0
0.16598561036341797,0.30333333333333334,0.0,0.0,0.0,0.0,0.8751857739638499,0.23076923076923078,0.0989010989010989
0.21855991469428993,0.4266666666666667,0.0,0.1171875,0.0,0.0,0.6666928969428992,0.3515625,0.3515625
0.2010539702549405,0.5833333333333334,0.0,0.0,0.0,0.0,0.8098254168351191,0.32571428571428573,0.0
0.19026809703788686,0.4033333333333333,0.0,0.0,0.0,0.0,0.8761933670730836,0.371900826446281,0.049586776859504134
0.17120239509315763,0.3433333333333333,0.0,0.0,0.0,0.0,0.8669268635529356,0.3203883495145631,0.009708737864077669
0.2739573948361117,1.0,0.0,0.0,0.0,0.0,0.7716727137932161,0.4185185185185185,0.04938271604938271
0.2931151335351863,1.0,0.0,0.022988505747126436,0.0,0.0,0.7150593813288747,0.5689655172413792,0.11264367816091954
0.2242352267834296,0.68,0.0,0.0,0.0,0.0,0.8105875619519427,0.411764705882353,0.0
0.18385490591357087,0.26,0.0,0.0,0.0,0.0,0.7818823924690422,0.4230769230769231,0.24358974358974358
0.27199985843828295,0.9,0.0,0.0,0.0,0.0,0.8403689547531993,0.4444444444444444,0.08518518518518518
0.14684137298968863,0.16333333333333333,0.0,0.0,0.0,0.0,0.9172912809172944,0.30612244897959184,0.0
0.22930409230769055,0.71,0.0,0.0,0.0,0.0,0.810200547490051,0.3380281690140845,0.07981220657276995
0.19834439232401302,0.25333333333333335,0.0,0.0,0.0,0.0,0.6166018179769723,0.7894736842105263,0.19736842105263158
0.2510789285845049,1.0,0.0,0.0,0.0,0.0,0.7443800194357827,0.2548262548262548,0.011583011583011582
0.1640066916290523,0.19333333333333333,0.0,0.0,0.0,0.0,0.9190324335319022,0.3620689655172414,0.06896551724137931
0.15793324559715852,0.36,0.0,0.0,0.0,0.0,0.9004435670826966,0.1111111111111111,0.027777777777777776
0.21877910236323134,0.6,0.0,0.02777777777777778,0.0,0.0,0.8683465791878685,0.31666666666666665,0.06111111111111111
0.2818938022211915,1.0,0.0,0.0,0.0,0.3333333333333333,0.7835428332084783,0.16082474226804122,0.041237113402061855
0.22527592334707244,0.73,0.0,0.0,0.0,0.0,0.8244259001373908,0.3150684931506849,0.0182648401826484
0.1609300639552541,0.43333333333333335,0.0,0.0,0.0,0.0,0.8669929472448487,0.09230769230769231,0.0
0.199536030615428,0.30666666666666664,0.0,0.0,0.0,0.3333333333333333,0.7998530597774681,0.2608695652173913,0.14130434782608695
0.25713640498631346,1.0,0.0,0.011876484560570073,0.0,0.0,0.8373973040199039,0.2066508313539192,0.009501187648456057
0.1614219921852464,0.21333333333333335,0.0,0.0,0.0,0.0,0.8723449218524638,0.421875,0.0
0.23489323439126963,0.18,0.0,0.18518518518518517,0.0,0.0,0.8567101216904742,0.9444444444444444,0.0
0.17746383020282142,0.27,0.0,0.0,0.0,0.0,0.9128481785714238,0.4444444444444444,0.012345679012345678
0.3304282262263338,1.0,0.0,0.004945598417408506,0.5,0.0,0.7669429942119037,0.255192878338279,0.024727992087042534
0.2927254916368695,1.0,0.0,0.0,0.0,0.0,0.8345497491954426,0.5927051671732523,0.0
0.28520856737152384,1.0,0.0,0.0,0.0,0.3333333333333333,0.7761487900860472,0.23668639053254437,0.005917159763313609
0.13813862707256394,0.22333333333333333,0.0,0.0,0.0,0.0,0.8822071662480273,0.13432835820895522,0.029850746268656716
0.17891277547631265,0.39666666666666667,0.0,0.08403361344537814,0.0,0.0,0.8411865782925384,0.22689075630252098,0.0
0.2565176381013988,0.84,0.0,0.0,0.0,0.0,0.81708114291875,0.47619047619047616,0.011904761904761904
0.17115505939700557,0.26,0.0,0.1282051282051282,0.0,0.0,0.8984736708931326,0.23076923076923078,0.0
0.312898230134281,1.0,0.0,0.017921146953405017,0.0,0.3333333333333333,0.7938568533141361,0.39247311827956993,0.08243727598566308
0.2258980222085033,0.5833333333333334,0.0,0.0,0.0,0.0,0.8696945077993186,0.5142857142857142,0.0
0.133371278669687,0.13333333333333333,0.0,0.0,0.0,0.0,0.88371278669687,0.15000000000000002,0.1
0.26885294163144735,0.8833333333333333,0.0,0.0,0.0,0.0,0.8050388502767376,0.4867924528301887,0.07169811320754717
0.2535135421426775,0.77,0.0,0.021645021645021644,0.0,0.0,0.8281873694787231,0.4545454545454546,0.06493506493506493
0.22401421902671362,0.7766666666666666,0.0,0.0,0.0,0.0,0.8176314606534025,0.23175965665236054,0.02575107296137339
0.1672346144208289,0.06666666666666667,0.0,0.0,0.0,0.0,0.7223461442082889,0.44999999999999996,0.4
0.23090013255983752,0.8833333333333333,0.0,0.0,0.0,0.0,0.8028692501266773,0.12452830188679245,0.05660377358490566
0.19057468904340735,0.25333333333333335,0.0,0.0,0.0,0.0,0.9336416272761787,0.5921052631578947,0.0
0.29944302433651643,1.0,0.0,0.016611295681063124,0.0,0.3333333333333333,0.8305321259786754,0.27906976744186046,0.026578073089700997
0.2015,0.01,0.0,0.0,0.0,0.0,1.0,1.0,0.0
0.11849298031950281,0.12666666666666668,0.0,0.0,0.0,0.0,0.9159824347739755,0.07894736842105263,0.0
0.1698003008544291,0.31666666666666665,0.0,0.0,0.0,0.0,0.823003008544291,0.25263157894736843,0.14736842105263157
0.11840559770744193,0.12,0.0,0.0,0.0,0.0,0.9207226437410859,0.08333333333333333,0.0
0.1537437602753786,0.11333333333333333,0.0,0.0,0.0,0.0,0.9262611321655504,0.3529411764705882,0.08823529411764706
0.1673165433819421,0.39,0.0,0.0,0.0,0.0,0.8488491945031815,0.20512820512820515,0.03418803418803419
0.13686170852029372,0.14,0.0,0.0,0.0,0.0,0.9205218471076991,0.21428571428571427,0.023809523809523808
0.18989968719264627,0.09333333333333334,0.0,0.17857142857142855,0.0,0.0,0.955425443355034,0.5357142857142857,0.0
0.1488329665995668,0.23666666666666666,0.0,0.0,0.0,0.0,0.8657240321928512,0.2112676056338028,0.056338028169014086
0.14998415909588825,0.25666666666666665,0.0,0.0,0.0,0.0,0.8940623701796615,0.1948051948051948,0.025974025974025976
0.20433884763578458,0.5433333333333333,0.0,0.0,0.0,0.0,0.85415534752349,0.36809815950920244,0.006134969325153374
0.18917198963093135,0.30666666666666664,0.0,0.0,0.0,0.0,0.73606772239627,0.3913043478260869,0.30434782608695654
0.15539484573479398,0.14666666666666667,0.0,0.0,0.0,0.0,0.902130275529758,0.3409090909090909,0.09090909090909091
0.14897078636971878,0.17,0.0,0.0,0.0,0.0,0.8033353146775801,0.23529411764705882,0.19607843137254902
0.14509274032174393,0.2,0.0,0.0,0.0,0.0,0.8842607365507724,0.25,0.016666666666666666
0.1409256416337507,0.12666666666666668,0.0,0.0,0.0,0.0,0.9560985216006649,0.23684210526315788,0.02631578947368421
0.11735464747815719,0.11,0.0,0.0,0.0,0.0,0.8873343535694506,0.0,0.12121212121212122
0.1327727272727273,0.03666666666666667,0.0,0.0,0.0,0.0,1.0,0.2727272727272727,0.0
0.14678007514697886,0.19666666666666666,0.0,0.0,0.0,0.0,0.9185634633341953,0.2033898305084746,0.05084745762711865
0.1630994924641564,0.11666666666666667,0.0,0.0,0.0,0.3333333333333333,0.951233019879659,0.17142857142857143,0.0
0.15493478251632234,0.30333333333333334,0.0,0.0,0.0,0.0,0.8855566163720145,0.19780219780219782,0.01098901098901099
0.18051749529204508,0.6033333333333334,0.0,0.0,0.0,0.0,0.8007274391082958,0.08287292817679558,0.016574585635359115
0.26682619061759966,1.0,0.0,0.0,0.0,0.0,0.8044226204617108,0.36160714285714285,0.002232142857142857
0.2752626405427248,1.0,0.0,0.0,0.0,0.3333333333333333,0.7116007644016075,0.16923076923076924,0.038461538461538464
0.2570558146683738,1.0,0.0,0.0,0.0,0.0,0.7792416200730937,0.2857142857142857,0.0056022408963585435
0.16749770431216932,0.09,0.0,0.0,0.0,0.0,0.9844214875661376,0.5555555555555556,0.0
0.2388599746540871,0.7933333333333333,0.0,0.0,0.0,0.0,0.7574232759526354,0.2647058823529412,0.17647058823529413
0.28227181745000907,0.9966666666666667,0.0,0.0,0.0,0.0,0.6186880741656426,0.3511705685618729,0.35785953177257523
0.21579213029338307,0.5666666666666667,0.0,0.0,0.0,0.0,0.8196860088161835,0.4764705882352941,0.011764705882352941
0.18273780109792337,0.36333333333333334,0.0,0.0,0.0,0.0,0.7502679192361144,0.30275229357798167,0.22935779816513763
0.24746070918017268,0.22,0.0,0.0,0.5,0.0,0.9097586069532421,0.4545454545454546,0.030303030303030304
0.34137117362035757,1.0,0.0,0.0,0.0,0.6666666666666666,0.7956734984645898,0.34413965087281795,0.10723192019950124
0.30253014058842786,1.0,0.0,0.0,0.0,0.6666666666666666,0.7176655762220171,0.11233480176211454,0.028634361233480177
0.37510826023125354,1.0,0.0,0.0641025641025641,0.5,0.0,0.8228774741074072,0.5,0.08205128205128205
0.19011695504350148,0.48333333333333334,0.0,0.0,0.0,0.0,0.85892817112467,0.2896551724137931,0.027586206896551724
0.2504758311274855,1.0,0.0,0.005165289256198347,0.0,0.0,0.695357484828574,0.23863636363636365,0.06301652892561983
0.2747018108837171,1.0,0.0,0.0,0.0,0.0,0.805757363851498,0.3954154727793696,0.045845272206303724
0.2845355902939092,1.0,0.0,0.0,0.0,0.0,0.7281145236287472,0.5172413793103449,0.1
0.16171779838675346,0.11666666666666667,0.0,0.14285714285714285,0.0,0.0,0.9136065552961059,0.2571428571428571,0.05714285714285714
0.19057985290235951,0.5766666666666667,0.0,0.0,0.0,0.0,0.8211453498328438,0.20809248554913293,0.011560693641618497
0.16835274489649793,0.3,0.0,0.0,0.0,0.0,0.8557496711872016,0.26666666666666666,0.1111111111111111
0.22873599899115615,0.8333333333333334,0.0,0.02,0.0,0.0,0.8313599899115613,0.156,0.02
0.19729830632148382,0.47333333333333333,0.0,0.0,0.0,0.0,0.8756591195528662,0.38028169014084506,0.007042253521126761
0.2554091145236326,1.0,0.0,0.0,0.0,0.0,0.810670092604747,0.22697368421052633,0.01644736842105263
0.12866767556414543,0.21,0.0,0.0,0.0,0.0,0.8764386604033589,0.09523809523809523,0.0
0.271522647374721,1.0,0.0,0.014492753623188406,0.0,0.0,0.7616032853414129,0.33043478260869563,0.10144927536231885
0.17588666432601158,0.21666666666666667,0.0,0.07692307692307693,0.0,0.0,0.8569435663370385,0.27692307692307694,0.18461538461538463
0.2015241395365098,0.35333333333333333,0.0,0.04716981132075471,0.0,0.3333333333333333,0.8736061752393118,0.169811320754717,0.03773584905660377
0.12084073990415364,0.03666666666666667,0.0,0.0,0.0,0.0,0.7897710354051727,0.0,0.36363636363636365
0.18711904025401768,0.37333333333333335,0.0,0.0,0.0,0.0,0.9183332596830338,0.375,0.017857142857142856
0.24486718430647456,0.9833333333333333,0.0,0.0,0.0,0.0,0.7906209956071182,0.15254237288135594,0.030508474576271188
0.208391872945484,0.58,0.0,0.0,0.0,0.0,0.8346083846272536,0.3448275862068966,0.034482758620689655
0.14521579484783062,0.13666666666666666,0.0,0.0,0.0,0.0,0.9544750216490379,0.29268292682926833,0.0
0.2971817096052443,0.9433333333333334,0.0,0.0,0.0,0.3333333333333333,0.8171233386908412,0.36042402826855124,0.045936395759717315
0.17157325916265664,0.043333333333333335,0.0,0.0,0.0,0.0,0.9584248993188739,0.6923076923076923,0.0
0.26388688464348264,1.0,0.0,0.0,0.0,0.0,0.836166143732124,0.28378378378378377,0.01891891891891892
0.13213103527203418,0.24,0.0,0.0,0.0,0.0,0.6140881304981197,0.08333333333333333,0.2638888888888889
0.3428514515949454,0.6766666666666666,0.0,0.0,0.5,0.3333333333333333,0.8523486703008498,0.4433497536945813,0.034482758620689655
0.15455381355054282,0.21,0.0,0.0,0.0,0.0,0.9289508339181266,0.2857142857142857,0.015873015873015872
0.1531102471918751,0.13,0.0,0.0,0.0,0.0,0.9514870873033663,0.3846153846153846,0.0
0.16586206529539196,0.09,0.0,0.0,0.0,0.0,0.8939910233242899,0.4444444444444444,0.18518518518518517
0.14530245438227235,0.13333333333333333,0.0,0.0,0.0,0.0,0.9530245438227233,0.30000000000000004,0.0
0.18936850830246876,0.27,0.0,0.0,0.0,0.0,0.9084381694444408,0.5555555555555556,0.024691358024691357
0.17649799693895774,0.34,0.0,0.0,0.0,0.0,0.8824309497817344,0.3529411764705882,0.0196078431372549
0.2651166055072241,1.0,0.0,0.05555555555555556,0.0,0.0,0.8067216106277966,0.23333333333333334,0.027777777777777776
0.32525592233025236,1.0,0.0,0.009861932938856016,0.0,0.6666666666666666,0.7791864422374342,0.21893491124260356,0.07297830374753451
0.3536140062910873,0.7966666666666666,0.0,0.0,0.5,0.3333333333333333,0.8101079848076649,0.40167364016736395,0.04602510460251046
0.1417214962690702,0.2733333333333333,0.0,0.0,0.0,0.0,0.8608734992760679,0.14634146341463417,0.0
0.3101769111822557,1.0,0.0,0.010660980810234541,0.0,0.3333333333333333,0.779096759299458,0.371002132196162,0.1023454157782516
0.21934635911343686,0.32,0.0,0.05208333333333333,0.0,0.0,0.9165885911343686,0.71875,0.0
0.28252148787833953,1.0,0.0,0.0,0.0,0.0,0.777022107699058,0.3704819277108434,0.17771084337349397
0.21295448357085528,0.29333333333333333,0.0,0.0,0.0,0.0,0.9395448357085527,0.75,0.0
0.23715766644052824,0.31,0.0,0.0,0.0,0.0,0.7022755891364653,0.8387096774193548,0.3655913978494624
0.20329568669528714,0.5566666666666666,0.0,0.0,0.0,0.0,0.838675429827123,0.3592814371257485,0.0
0.16672563912890648,0.25333333333333335,0.0,0.0,0.0,0.0,0.8793616544469595,0.35526315789473684,0.05263157894736842
0.16609853249417253,0.26666666666666666,0.0,0.0,0.0,0.0,0.8484853249417252,0.3375,0.075
0.22146029148138166,0.7433333333333333,0.0,0.0,0.0,0.0,0.8798719731097807,0.20179372197309417,0.017937219730941704
0.2861237542625639,1.0,0.0,0.0,0.0,0.3333333333333333,0.7986683288936347,0.20930232558139533,0.019933554817275746
0.1780494383144589,0.20666666666666667,0.0,0.0,0.0,0.0,0.9221072863703955,0.532258064516129,0.016129032258064516
0.26438750867805094,1.0,0.0,0.0,0.0,0.0,0.8180911146550738,0.2979094076655052,0.027874564459930314
0.16369467374840457,0.36666666666666664,0.0,0.0,0.0,0.0,0.8414921920295005,0.21818181818181817,0.02727272727272727
0.16637360060798198,0.3,0.0,0.05555555555555556,0.0,0.0,0.8970693394131531,0.2,0.03333333333333333
0.15177968362822436,0.15,0.0,0.0,0.0,0.0,0.9372412807266882,0.3333333333333333,0.022222222222222223
0.26025303532691973,1.0,0.0,0.0,0.0,0.0,0.7789531174968394,0.3121951219512195,0.011382113821138212
0.17514933218992804,0.09666666666666666,0.0,0.0,0.0,0.0,0.9858036667268665,0.6206896551724138,0.0
0.24466398780731957,1.0,0.0,0.05649717514124294,0.0,0.0,0.8053969402200882,0.03389830508474576,0.022598870056497175
0.13287163647530068,0.10333333333333333,0.0,0.0,0.0,0.0,0.9479099131401035,0.0967741935483871,0.12903225806451613
0.14925142594732738,0.16666666666666666,0.0,0.0,0.0,0.0,0.9025142594732737,0.30000000000000004,0.04
0.1944280720389712,0.22333333333333333,0.0,0.0,0.0,0.0,0.8779374368076223,0.6268656716417911,0.1044776119402985
0.2717096526399941,0.8166666666666667,0.0,0.0,0.0,0.0,0.8431169345632062,0.5877551020408163,0.061224489795918366
0.26323739813813474,0.48333333333333334,0.0,0.034482758620689655,0.5,0.0,0.6504774296572094,0.08275862068965517,0.3724137931034483
0.26228765475700183,0.99,0.0,0.0,0.0,0.0,0.8180112277046987,0.30303030303030304,0.016835016835016835
0.22759581965068362,0.6666666666666666,0.0,0.0,0.0,0.0,0.8409581965068362,0.39,0.045
0.16902088783348573,0.19333333333333333,0.0,0.0,0.0,0.3333333333333333,0.9117031312084204,0.15517241379310345,0.0
0.1552024129826577,0.24,0.0,0.0,0.0,0.0,0.90035746315991,0.2916666666666667,0.0
0.24250766713201072,0.6133333333333333,0.0,0.0,0.0,0.0,0.7224679756679336,0.47282608695652173,0.30978260869565216
0.13754055361765793,0.15666666666666668,0.0,0.0,0.0,0.0,0.8850863872404091,0.2553191489361702,0.0
0.21402012743991816,0.44333333333333336,0.0,0.0,0.0,0.3333333333333333,0.8711912493365247,0.24812030075187969,0.022556390977443608
0.14846614964418503,0.24,0.0,0.0,0.0,0.0,0.8885503853307392,0.20833333333333334,0.027777777777777776
0.21054636873337634,0.6166666666666667,0.0,0.02702702702702703,0.0,0.0,0.8318150386851145,0.3081081081081081,0.0
0.17384771013643163,0.30666666666666664,0.0,0.0,0.0,0.0,0.8763031883208383,0.3913043478260869,0.010869565217391304
0.2243512291543925,0.23666666666666666,0.0,0.0,0.0,0.3333333333333333,0.8932071272246764,0.5915492957746479,0.07042253521126761
0.2881794620403073,0.91,0.0,0.0,0.0,0.3333333333333333,0.8134979171063701,0.3076923076923077,0.06227106227106227
0.14774657757345133,0.2733333333333333,0.0,0.0,0.0,0.0,0.9211243123198789,0.14634146341463417,0.0
0.1830468068491884,0.36,0.0,0.0,0.0,0.0,0.6978754758992913,0.3333333333333333,0.25925925925925924
0.18944506788353407,0.3433333333333333,0.0,0.0,0.0,0.0,0.8940137856314572,0.4368932038834951,0.04854368932038835
0.17113556553523337,0.41333333333333333,0.0,0.0,0.0,0.0,0.8574846876103979,0.217741935483871,0.016129032258064516
0.2845640480150688,0.9333333333333333,0.0,0.03571428571428571,0.0,0.0,0.834926194436402,0.5142857142857142,0.04285714285714286
0.4144483809171313,1.0,0.0,0.0,1.0,0.0,0.8375217838548575,0.2848101265822785,0.022151898734177215
0.2937677336937688,1.0,0.0,0.012406947890818858,0.0,0.0,0.8309775850766453,0.5732009925558312,0.01488833746898263
0.15188114275874273,0.23,0.0,0.0,0.0,0.0,0.8694636015004705,0.17391304347826086,0.13043478260869565
0.1465734677128908,0.25333333333333335,0.0,0.0,0.0,0.0,0.9278399402868027,0.15789473684210525,0.0
0.23683024269763145,0.51,0.0,0.032679738562091505,0.0,0.0,0.8614723616168373,0.5882352941176471,0.10457516339869281
0.18955264181004303,0.46,0.0,0.0,0.0,0.0,0.8866858383902854,0.28260869565217395,0.036231884057971016
0.2058681010385354,0.19,0.0,0.2631578947368421,0.0,0.0,0.9578915367011434,0.42105263157894735,0.0
0.18978395637004936,0.22666666666666666,0.0,0.0,0.0,0.0,0.8960748578181403,0.5294117647058824,0.1323529411764706
0.3927575930490697,1.0,0.0,0.0,0.5,0.3333333333333333,0.7395459239675402,0.4344422700587084,0.17025440313111545
0.26028251945215786,0.6,0.0,0.08333333333333333,0.0,0.0,0.8611585278549119,0.7,0.016666666666666666
0.27614760298055974,1.0,0.0,0.0,0.0,0.0,0.7885030568326246,0.47297297297297297,0.0
0.14909607800090147,0.19666666666666666,0.0,0.0,0.0,0.0,0.8908760342463027,0.3050847457627119,0.0
0.2836399360390442,1.0,0.0,0.036458333333333336,0.0,0.0,0.7681701937237755,0.5031249999999999,0.010416666666666666
0.3162508340073655,0.5733333333333334,0.0,0.05813953488372093,0.5,0.0,0.8548339214690038,0.5581395348837209,0.05232558139534884
0.1792424106538221,0.24,0.0,0.0,0.0,0.0,0.8907574398715542,0.5,0.041666666666666664
0.2427518184670167,0.8066666666666666,0.0,0.0,0.0,0.0,0.8084272755792583,0.371900826446281,0.0371900826446281
0.2917452954182535,1.0,0.0,0.0,0.0,0.0,0.8251910494206305,0.5803571428571429,0.011904761904761904
0.25229931731878075,0.63,0.0,0.0,0.0,0.3333333333333333,0.8372524324470667,0.3492063492063492,0.0582010582010582
0.16328656881882028,0.08666666666666667,0.0,0.19230769230769232,0.0,0.0,0.9836349189574335,0.23076923076923078,0.0
0.2020551134018146,0.62,0.0,0.0,0.0,0.0,0.848615650147178,0.16129032258064516,0.08064516129032258
0.14420898919536487,0.19,0.0,0.0,0.0,0.0,0.7535811200238243,0.21052631578947367,0.19298245614035087
0.18541150290502445,0.45666666666666667,0.0,0.0,0.0,0.0,0.8625456859845508,0.30656934306569344,0.0
0.1915704702899247,0.04,0.0,0.41666666666666663,0.0,0.0,0.8140380362325801,0.0,0.4166666666666667
0.1502439900262903,0.19,0.0,0.0,0.0,0.0,0.8665627072804465,0.3157894736842105,0.03508771929824561
0.17799415060924417,0.26,0.0,0.0641025641025641,0.0,0.0,0.9091722753232113,0.34615384615384615,0.038461538461538464
0.3207019626882599,0.6466666666666666,0.0,0.05154639175257732,0.5,0.0,0.8323804516248666,0.4948453608247423,0.08247422680412371
0.1934100635439664,0.5633333333333334,0.0,0.0,0.0,0.0,0.8228284460905514,0.23076923076923078,0.03550295857988166
0.23820034894401812,0.7666666666666667,0.0,0.0,0.0,0.0,0.8406991416140942,0.3913043478260869,0.0
0.4136376811987863,1.0,0.0,0.05405405405405406,1.0,0.0,0.7661065417175926,0.2554054054054054,0.033783783783783786
0.19387445770496542,0.39,0.0,0.1282051282051282,0.0,0.0,0.8537445770496543,0.28205128205128205,0.02564102564102564
0.17213392261821253,0.14,0.0,0.11904761904761904,0.0,0.0,0.8327677976106966,0.3571428571428571,0.14285714285714285
0.1472652916268981,0.18666666666666668,0.0,0.0,0.0,0.0,0.9069386305546953,0.21428571428571427,0.07142857142857142
0.1429818641969042,0.19333333333333333,0.0,0.0,0.0,0.0,0.8811979523138694,0.25862068965517243,0.0
0.27816898710910626,1.0,0.0,0.0,0.0,0.0,0.7845307801819721,0.45170454545454547,0.045454545454545456
0.15475278916584168,0.24333333333333335,0.0,0.0,0.0,0.0,0.8948566587817045,0.2876712328767123,0.0
0.42051008473287627,1.0,0.0,0.02493765586034913,1.0,0.0,0.821060947079386,0.29177057356608477,0.05486284289276808
0.1493240437348467,0.17,0.0,0.0,0.0,0.0,0.9049071040151336,0.29411764705882354,0.0392156862745098
0.23012400976203629,0.44666666666666666,0.0,0.11194029850746268,0.0,0.0,0.7319863662770794,0.582089552238806,0.14925373134328357
0.2710321246266037,1.0,0.0,0.03863987635239567,0.0,0.0,0.7783274286462538,0.37094281298299847,0.0030911901081916537
0.258083331330811,1.0,0.0,0.0,0.0,0.0,0.6021447887179462,0.1377049180327869,0.34098360655737703
0.27701733320749045,0.7333333333333333,0.0,0.022727272727272728,0.0,0.0,0.5224460593476319,0.5590909090909091,0.5545454545454546
0.1635632493317904,0.17333333333333334,0.0,0.09615384615384616,0.0,0.0,0.6929401856255963,0.2884615384615385,0.25
0.15837161016716272,0.21,0.0,0.0,0.0,0.0,0.887763720719246,0.3333333333333333,0.047619047619047616
0.16518447799107538,0.09666666666666666,0.0,0.1724137931034483,0.0,0.0,0.9033965040486848,0.3103448275862069,0.034482758620689655
0.14816936330695651,0.21666666666666667,0.0,0.0,0.0,0.0,0.9105397869157189,0.18461538461538463,0.06153846153846154
0.27033796070078536,1.0,0.0,0.0,0.0,0.0,0.744377071082241,0.44378698224852076,0.015215553677092139
0.17090532061424268,0.26,0.0,0.0,0.0,0.0,0.8831557702449908,0.3076923076923077,0.1282051282051282
0.16160509205983833,0.3,0.0,0.0,0.0,0.0,0.7771620317094946,0.13333333333333333,0.25555555555555554
0.2601549991802642,0.82,0.0,0.0,0.0,0.0,0.7983792600953248,0.5609756097560975,0.012195121951219513
0.2755505799267685,0.8233333333333334,0.0,0.0,0.0,0.3333333333333333,0.8025570813189676,0.340080971659919,0.044534412955465584
0.15078112911532054,0.14666666666666667,0.0,0.0,0.0,0.0,0.9469022002441145,0.3409090909090909,0.0
0.2776256719215984,0.4766666666666667,0.0,0.0,0.5,0.0,0.8986693066285719,0.3986013986013986,0.013986013986013986
0.2724757024660006,1.0,0.0,0.0,0.0,0.0,0.7738286426971412,0.35013262599469497,0.10079575596816977
0.1729341586537017,0.27,0.0,0.0,0.0,0.0,0.8305144260431899,0.4444444444444444,0.04938271604938271
0.26419021993847913,1.0,0.0,0.0,0.0,0.0,0.8003788578614501,0.2727272727272727,0.0687960687960688
0.14599341976699723,0.13666666666666666,0.0,0.0,0.0,0.0,0.8890805391333868,0.36585365853658536,0.0
0.24448457492015474,0.5266666666666666,0.0,0.0,0.0,0.3333333333333333,0.8658162133365687,0.39873417721518983,0.056962025316455694
0.2749746009708386,0.9166666666666666,0.0,0.1090909090909091,0.0,0.0,0.5820187369811132,0.24,0.3890909090909091
0.2215291883144341,0.4,0.0,0.0,0.0,0.0,0.8402918831443411,0.5499999999999999,0.225
0.13254159166645815,0.15333333333333332,0.0,0.0,0.0,0.0,0.8345463514471902,0.06521739130434782,0.1956521739130435
0.17394860655436073,0.31333333333333335,0.0,0.10638297872340426,0.0,0.0,0.8652307463946711,0.19148936170212766,0.05319148936170213
0.14628745336143315,0.22333333333333333,0.0,0.0,0.0,0.0,0.903993936599406,0.22388059701492535,0.0
0.24505677537875503,0.7133333333333334,0.0,0.0,0.0,0.0,0.8198200902361483,0.46261682242990654,0.09813084112149532
0.18385193614786227,0.23666666666666666,0.0,0.0,0.0,0.3333333333333333,0.8966649013847261,0.2535211267605634,0.0
0.26826458560213945,1.0,0.0,0.0,0.0,0.0,0.6941970111369065,0.31683168316831684,0.1716171617161716
0.18993176954614144,0.13333333333333333,0.0,0.25,0.0,0.0,0.8743176954614147,0.44999999999999996,0.0
0.2538876411510467,0.99,0.0,0.0,0.0,0.0,0.8316541892882441,0.2121212121212121,0.010101010101010102
0.2260131597262973,0.7933333333333333,0.0,0.0,0.0,0.0,0.8516442023049898,0.20168067226890757,0.01680672268907563
0.14455391698487663,0.23666666666666666,0.0,0.0,0.0,0.0,0.9215250853417241,0.16901408450704225,0.0
0.20177914389416685,0.5333333333333333,0.0,0.03125,0.0,0.0,0.7771664389416686,0.1875,0.20625
0.2744967352841964,1.0,0.0,0.0,0.0,0.3333333333333333,0.7856497675401269,0.12598425196850394,0.0
0.2874968576524831,1.0,0.0,0.014044943820224719,0.0,0.0,0.8061483518057305,0.5056179775280899,0.042134831460674156
0.13565726443407036,0.16666666666666666,0.0,0.0,0.0,0.0,0.9065726443407037,0.18,0.02
0.18372074737408142,0.43333333333333335,0.0,0.0,0.0,0.0,0.8564382429715833,0.3230769230769231,0.007692307692307693
0.1968918528768512,0.22333333333333333,0.0,0.07462686567164178,0.0,0.0,0.8951125586192581,0.6268656716417911,0.0
0.17822429113970845,0.49,0.0,0.0,0.0,0.0,0.775134067859669,0.24489795918367346,0.027210884353741496
0.2894395150283387,1.0,0.0,0.0,0.0,0.3333333333333333,0.7848187230274016,0.2569060773480663,0.019337016574585635
0.28382779724524293,1.0,0.0,0.0364963503649635,0.0,0.0,0.7652852717225025,0.5005213764337851,0.017726798748696558
0.2910005668170499,0.6766666666666666,0.0,0.024630541871921183,0.5,0.0,0.8568283282690213,0.22167487684729065,0.029556650246305417
0.2692209048669529,0.19333333333333333,0.0,0.08620689655172414,0.5,0.0,0.9366918072902183,0.5172413793103449,0.06896551724137931
0.22130425071580598,0.6233333333333333,0.0,0.0,0.0,0.3333333333333333,0.8217145214183093,0.1122994652406417,0.0106951871657754
0.20467709723507235,0.7333333333333333,0.0,0.0,0.0,0.0,0.8013164268961779,0.10909090909090909,0.03636363636363636
0.2478567234440588,0.9633333333333334,0.0,0.0,0.0,0.0,0.8121139472433562,0.18685121107266434,0.03460207612456748
0.2997498594719268,1.0,0.0,0.0,0.0,0.3333333333333333,0.7899078356433606,0.35049504950495053,0.023762376237623763
0.22713873761084688,0.6833333333333333,0.0,0.024390243902439025,0.0,0.0,0.8488264004987127,0.29268292682926833,0.06829268292682927
0.2813476178109822,1.0,0.0,0.0,0.0,0.0,0.830504041886912,0.4458204334365325,0.03715170278637771
0.25102356138044063,0.6566666666666666,0.0,0.025380710659898477,0.0,0.0,0.8627990655810558,0.6091370558375635,0.015228426395939087
0.1813281029201223,0.42,0.0,0.0,0.0,0.0,0.8420111879313816,0.26190476190476186,0.07936507936507936
0.20361492195192452,0.5466666666666666,0.0,0.03048780487804878,0.0,0.0,0.11553946342168406,0.12804878048780488,0.926829268292683
0.1891253589518151,0.49,0.0,0.0,0.0,0.0,0.8297229772732527,0.32653061224489793,0.0
0.22783367544557842,0.18333333333333332,0.0,0.0,0.5,0.0,0.9260640271830568,0.2727272727272727,0.05454545454545454
0.13023560964005024,0.17666666666666667,0.0,0.0,0.0,0.0,0.9052806247023891,0.11320754716981132,0.018867924528301886
0.17134645182344363,0.14,0.0,0.0,0.0,0.0,0.9558454706153885,0.5,0.047619047619047616
0.29283805886861425,1.0,0.0,0.0,0.0,0.3333333333333333,0.7617139220194762,0.31620553359683795,0.017127799736495388
0.2697967045676659,1.0,0.0,0.0,0.0,0.0,0.7712569479567897,0.3713355048859935,0.05537459283387622
0.2459352727557796,0.7733333333333333,0.0,0.0,0.0,0.3333333333333333,0.7979159459486006,0.15517241379310345,0.01293103448275862
0.17526744718253937,0.03,0.0,0.0,0.0,0.0,0.9298966940476158,0.6666666666666666,0.1111111111111111
0.2602491737654764,1.0,0.0,0.0,0.0,0.0,0.7658083205693369,0.33668341708542715,0.0
0.13742055966920244,0.05,0.0,0.0,0.0,0.3333333333333333,0.965872263358691,0.0,0.0
0.10838431530811267,0.11,0.0,0.0,0.0,0.0,0.9188431530811266,0.0,0.0
0.2816193405903715,1.0,0.0,0.0,0.0,0.0,0.8279427531622006,0.4856396866840731,0.0026109660574412533
0.14593838962121664,0.15333333333333332,0.0,0.0,0.0,0.0,0.9685143309947751,0.2608695652173913,0.0
0.25362939546313995,0.8933333333333333,0.0,0.0,0.0,0.0,0.8642044023925937,0.3246268656716418,0.007462686567164179
0.17215712768117944,0.2966666666666667,0.0,0.0,0.0,0.0,0.7597173442275246,0.3033707865168539,0.21348314606741572
0.32977679329646875,0.8933333333333333,0.0,0.0,0.5,0.0,0.7973201717706585,0.39179104477611937,0.018656716417910446
0.18401892686773863,0.5233333333333333,0.0,0.0,0.0,0.0,0.6029599693143288,0.30573248407643316,0.1464968152866242
0.2844953628419264,1.0,0.0,0.0,0.0,0.0,0.8138332964690567,0.5228215767634854,0.008298755186721992
0.26960680987422864,0.45666666666666667,0.0,0.0,0.5,0.0,0.8669075148006806,0.30656934306569344,0.08759124087591241
0.187088601574459,0.42333333333333334,0.0,0.03937007874015748,0.0,0.0,0.8382482204689996,0.23622047244094488,0.10236220472440945
0.1447031866465707,0.12,0.0,0.0,0.0,0.0,0.9059207553545958,0.3333333333333333,0.027777777777777776
0.14635714285714285,0.023333333333333334,0.0,0.0,0.0,0.0,1.0,0.42857142857142855,0.0
0.17602576353884664,0.15,0.0,0.0,0.0,0.0,0.9352576353884662,0.6000000000000001,0.0
0.15600295851910073,0.36666666666666664,0.0,0.0,0.0,0.0,0.8736659488273709,0.08181818181818182,0.05454545454545454
0.2099685644457482,0.4033333333333333,0.0,0.0,0.0,0.0,0.8996443221434323,0.5950413223140496,0.0
0.2669668429200218,1.0,0.0,0.0,0.0,0.0,0.7165434292002177,0.328125,0.125
0.2769460525093462,1.0,0.0,0.0,0.0,0.0,0.8054082375117626,0.4215686274509804,0.042483660130718956
0.16371958213883994,0.18666666666666668,0.0,0.0,0.0,0.0,0.9107672499598279,0.375,0.07142857142857142
0.23232399750160385,0.24,0.0,0.06944444444444445,0.5,0.0,0.8868510861271495,0.125,0.09722222222222222
0.21139098285226318,0.7066666666666667,0.0,0.0,0.0,0.0,0.8416456775792355,0.19811320754716982,0.014150943396226415
0.18129921839461732,0.43,0.0,0.0,0.0,0.0,0.5555890831709795,0.13953488372093023,0.4728682170542636
0.17291046480348612,0.17,0.0,0.0,0.0,0.0,0.9446928833289788,0.5294117647058824,0.0
0.15633313407351654,0.10333333333333333,0.0,0.0,0.0,0.0,0.8599442439609717,0.29032258064516125,0.25806451612903225
0.1546091949158245,0.15,0.0,0.11111111111111112,0.0,0.0,0.9322030602693562,0.2,0.022222222222222223
0.18419914972896537,0.24,0.0,0.0,0.0,0.0,0.89865816395632,0.5416666666666666,0.041666666666666664
0.15298761028730323,0.22333333333333333,0.0,0.07462686567164178,0.0,0.0,0.9187566998879575,0.13432835820895522,0.029850746268656716
0.25251876392218736,1.0,0.0,0.0,0.0,0.0,0.7583809165327982,0.21428571428571427,0.052521008403361345
0.2849155647699381,1.0,0.0,0.0,0.0,0.3333333333333333,0.7661960064437763,0.2376681614349776,0.01195814648729447
0.1458328724960607,0.17,0.0,0.0,0.0,0.0,0.9092110779017833,0.29411764705882354,0.0
0.1792057295902378,0.3,0.0,0.0,0.0,0.3333333333333333,0.842057295902378,0.16666666666666666,0.0
0.1721373766161231,0.23,0.0,0.0,0.0,0.0,0.8691273893496367,0.3913043478260869,0.11594202898550725
0.19209496661993636,0.33666666666666667,0.0,0.0,0.0,0.3333333333333333,0.8746955407868224,0.20792079207920794,0.0
0.3051719231841715,0.8966666666666666,0.0,0.0,0.0,0.0,0.8331132838863252,0.7695167286245352,0.10408921933085502
0.1196289372256916,0.08666666666666667,0.0,0.0,0.0,0.0,0.9509047568723006,0.11538461538461539,0.0
0.28823139762859146,1.0,0.0,0.04784688995215311,0.0,0.0,0.8081512968600773,0.43779904306220097,0.0645933014354067
0.2814238044667647,1.0,0.0,0.01256281407035176,0.0,0.0,0.8180068888887523,0.4522613065326633,0.02512562814070352
0.22666331476047757,0.5133333333333333,0.0,0.0,0.0,0.3333333333333333,0.8645985155701437,0.2532467532467533,0.045454545454545456
0.1654015335322799,0.27666666666666667,0.0,0.0,0.0,0.0,0.8896177449613533,0.25301204819277107,0.0963855421686747
0.20504214255420122,0.47,0.0,0.0,0.0,0.0,0.8205987305065512,0.46808510638297873,0.05673758865248227
0.24087832336651044,0.8833333333333333,0.0,0.0,0.0,0.0,0.7894436110235953,0.21509433962264152,0.07924528301886792
0.15505776847185043,0.09333333333333334,0.0,0.0,0.0,0.0,0.5891491132899327,0.3214285714285714,0.5
0.19689536084324236,0.5166666666666667,0.0,0.0,0.0,0.0,0.8520181245614556,0.3096774193548387,0.03225806451612903
0.1983251166852788,0.43666666666666665,0.0,0.0,0.0,0.3333333333333333,0.8575132533667831,0.11450381679389313,0.022900763358778626
0.2782284701378992,0.30666666666666664,0.0,0.05434782608695652,0.5,0.0,0.7951107883355137,0.4891304347826087,0.20652173913043478
0.14396294729713874,0.14666666666666667,0.0,0.0,0.0,0.0,0.9469022002441145,0.2727272727272727,0.0
0.18342343613518125,0.13333333333333333,0.0,0.0,0.0,0.0,0.9342343613518124,0.6000000000000001,0.1
0.14612116860597787,0.18333333333333332,0.0,0.0,0.0,0.0,0.9134844133325059,0.21818181818181817,0.05454545454545454
0.18866837538880224,0.36,0.0,0.0,0.0,0.0,0.8466837538880224,0.4166666666666667,0.08333333333333333
0.17946042529759637,0.33,0.0,0.0,0.0,0.0,0.8248567782284889,0.36363636363636365,0.1111111111111111
0.12310181288538227,0.20666666666666667,0.0,0.0,0.0,0.0,0.8726310320796291,0.04838709677419355,0.0
0.22939339256196678,0.11333333333333333,0.0,0.14705882352941177,0.5,0.0,0.9768751020902559,0.1764705882352941,0.0
0.1858685201661279,0.43,0.0,0.0,0.0,0.0,0.6865534187155424,0.27906976744186046,0.24806201550387597
0.21052971607253376,0.65,0.0,0.0,0.0,0.0,0.8328612632894403,0.27692307692307694,0.020512820512820513
0.1275170031578566,0.03666666666666667,0.0,0.0,0.0,0.0,0.9474427588512933,0.2727272727272727,0.0
0.2659297067284091,0.6666666666666666,0.0,0.0,0.0,0.0,0.8392970672840908,0.72,0.1
0.20834382745249413,0.55,0.0,0.0,0.0,0.0,0.8099534260400925,0.34545454545454546,0.10303030303030303
0.1788720478252025,0.5233333333333333,0.0,0.0,0.0,0.0,0.8508542362138082,0.15286624203821658,0.0
0.18289215851749993,0.23666666666666666,0.0,0.0,0.0,0.0,0.8682877823580979,0.5492957746478874,0.056338028169014086
0.23857914639891534,0.8566666666666667,0.0,0.0,0.0,0.0,0.8167447713821494,0.25680933852140075,0.027237354085603113
0.2084673345068081,0.32,0.0,0.0,0.0,0.3333333333333333,0.9275900117347478,0.3125,0.03125
0.22157493784032395,0.18666666666666668,0.0,0.0,0.0,0.0,0.7750350926889539,0.9642857142857144,0.19642857142857142
0.22845695777593134,0.6433333333333333,0.0,0.02590673575129534,0.0,0.0,0.6744918575520595,0.27979274611398963,0.32642487046632124
0.186253413673009,0.36333333333333334,0.0,0.0,0.0,0.0,0.7762497330603652,0.3577981651376147,0.1834862385321101
0.3269530020113168,0.45666666666666667,0.0,0.0,1.0,0.0,0.8801504580693719,0.19708029197080293,0.0072992700729927005
0.1716185049737247,0.2866666666666667,0.0,0.05813953488372093,0.0,0.0,0.919905979969805,0.27906976744186046,0.0
0.1823503885177871,0.09666666666666666,0.0,0.1724137931034483,0.0,0.0,0.9716073334537331,0.41379310344827586,0.034482758620689655
0.15710172792544852,0.31666666666666665,0.0,0.0,0.0,0.0,0.8749646476755378,0.15789473684210525,0.06315789473684211
0.21358276099508758,0.4766666666666667,0.0,0.0,0.0,0.0,0.8404080295312957,0.4825174825174825,0.0979020979020979
0.26924083344623034,0.8833333333333333,0.0,0.056603773584905655,0.0,0.0,0.8296724854056996,0.3735849056603774,0.07924528301886792
0.1614153194937347,0.25666666666666665,0.0,0.0,0.0,0.0,0.8655168313009831,0.3116883116883117,0.05194805194805195
0.1957816777276851,0.38666666666666666,0.0,0.0,0.0,0.0,0.8950581565871955,0.4655172413793104,0.017241379310344827
0.16336685073743698,0.21666666666666667,0.0,0.0,0.0,0.0,0.8932838919897542,0.4153846153846154,0.0
0.26359431500284836,1.0,0.0,0.011547344110854504,0.0,0.0,0.7583449976035413,0.32563510392609696,0.03464203233256351
0.2091955668324077,0.07333333333333333,0.0,0.0,0.5,0.0,0.9592283955968041,0.2727272727272727,0.0
0.13534567814422005,0.19333333333333333,0.0,0.0,0.0,0.0,0.8910429883387523,0.15517241379310345,0.017241379310344827
0.2688816095251948,0.8633333333333333,0.0,0.0,0.0,0.3333333333333333,0.7786294800653335,0.2548262548262548,0.02702702702702703
0.14883657136151002,0.20666666666666667,0.0,0.0,0.0,0.0,0.8719141007118745,0.14516129032258063,0.16129032258064516
0.14262590566908745,0.19333333333333333,0.0,0.0,0.0,0.0,0.9293625049667363,0.20689655172413793,0.0
0.21946900272212952,0.59,0.0,0.0,0.0,0.0,0.8690120611196003,0.4067796610169492,0.03389830508474576
0.18453736184672997,0.5633333333333334,0.0,0.0,0.0,0.0,0.7045156303016191,0.21301775147928995,0.08284023668639054
0.17938632257835574,0.05,0.0,0.0,0.0,0.0,0.9188632257835573,0.8,0.0
0.1605419944140581,0.10333333333333333,0.0,0.0,0.0,0.0,0.8697747828502581,0.5806451612903225,0.0
0.20100997229206455,0.66,0.0,0.0,0.0,0.0,0.8382815411024636,0.18181818181818182,0.0
0.19863803665569707,0.5,0.0,0.03333333333333333,0.0,0.0,0.8863803665569706,0.30000000000000004,0.0
0.1290439256771595,0.14666666666666667,0.0,0.0,0.0,0.0,0.888621074953413,0.13636363636363635,0.045454545454545456
0.3767192734014681,0.8866666666666667,0.0,0.0,0.5,0.3333333333333333,0.8801751901550317,0.47368421052631576,0.0
0.16866463287417735,0.37,0.0,0.0,0.0,0.0,0.816331013426458,0.2972972972972973,0.018018018018018018
0.14274518795708666,0.11,0.0,0.0,0.0,0.0,0.9594215765405636,0.2727272727272727,0.030303030303030304
0.14531090342822392,0.17333333333333334,0.0,0.0,0.0,0.0,0.9046474958207007,0.2884615384615385,0.0
0.19282169131781374,0.36,0.0,0.0,0.0,0.0,0.915994690955915,0.4722222222222222,0.0
0.275310732746399,0.93,0.0,0.12544802867383514,0.0,0.0,0.7685015926969645,0.3010752688172043,0.1003584229390681
0.1764415897878567,0.18,0.0,0.0,0.0,0.0,0.883304786767456,0.611111111111111,0.0
0.21611146717702379,0.7266666666666667,0.0,0.022935779816513763,0.0,0.0,0.8532247635133574,0.17889908256880735,0.0045871559633027525
0.17207236933871586,0.30666666666666664,0.0,0.0,0.0,0.0,0.8585497803436801,0.3586956521739131,0.043478260869565216
0.17184506042500214,0.19666666666666666,0.0,0.0,0.0,0.0,0.9149760279788348,0.4067796610169492,0.1016949152542373
0.207052120471494,0.6033333333333334,0.0,0.0,0.0,0.0,0.8285046301293043,0.3149171270718232,0.022099447513812154
0.27176123609610864,1.0,0.0,0.01059322033898305,0.0,0.0,0.8034174457068493,0.3241525423728814,0.07415254237288135
0.2867816461539994,1.0,0.0,0.011135857461024499,0.0,0.3333333333333333,0.7115432618369504,0.17706013363028952,0.1291759465478842
0.145470328123811,0.2,0.0,0.0,0.0,0.0,0.9047032812381101,0.25,0.0
0.2148770678458054,0.43,0.0,0.0,0.0,0.3333333333333333,0.8448559497758832,0.27906976744186046,0.046511627906976744
0.2448921874568731,0.6266666666666667,0.0,0.0,0.0,0.3333333333333333,0.8404821582566744,0.2872340425531915,0.047872340425531915
0.2547847765444189,0.25333333333333335,0.0,0.06578947368421052,0.5,0.0,0.8849530286020837,0.4342105263157895,0.0
0.22418415107091919,0.12,0.0,0.0,0.0,0.3333333333333333,0.9785081773758584,0.75,0.0
0.23233054827003796,1.0,0.0,0.0,0.0,0.0,0.564364137922125,0.22317596566523606,0.0357653791130186
0.24940482297236463,0.23333333333333334,0.0,0.07142857142857142,0.5,0.0,0.9154768011522177,0.34285714285714286,0.02857142857142857
0.2181938058369445,0.7533333333333333,0.0,0.0,0.0,0.0,0.7776017751836046,0.23893805309734512,0.035398230088495575
0.2871906403285776,1.0,0.0,0.022988505747126436,0.0,0.0,0.6132857136306036,0.3931034482758621,0.3310344827586207
0.18619195988801177,0.5966666666666667,0.0,0.0,0.0,0.0,0.8160816100533022,0.1005586592178771,0.05027932960893855
0.20362118329925016,0.56,0.0,0.0,0.0,0.0,0.8390689758496446,0.25,0.10714285714285714
0.1608617691956696,0.13,0.0,0.0,0.0,0.0,0.849515127854132,0.3076923076923077,0.2564102564102564
0.2666650452505052,0.07,0.0,0.23809523809523808,0.5,0.0,0.9783171191717186,0.42857142857142855,0.047619047619047616
0.1602992114996443,0.26666666666666666,0.0,0.0,0.0,0.0,0.890492114996443,0.26249999999999996,0.05
0.23729993024995333,0.77,0.0,0.0,0.0,0.0,0.8283889128891437,0.3116883116883117,0.07792207792207792
0.2435447483724534,0.7566666666666667,0.0,0.0,0.0,0.0,0.8114606995835649,0.40969162995594716,0.07929515418502203
0.17551212904267002,0.32,0.0,0.0,0.0,0.0,0.8688712904267002,0.375,0.03125
0.14577664923855638,0.17,0.0,0.0,0.0,0.0,0.9282566884639951,0.23529411764705882,0.0392156862745098
0.17572483468024458,0.3566666666666667,0.0,0.04672897196261682,0.0,0.0,0.8998184402603897,0.16822429906542055,0.08411214953271028
0.135,0.03333333333333333,0.0,0.0,0.0,0.0,1.0,0.30000000000000004,0.0
0.21314623602382352,0.44,0.0,0.0,0.0,0.3333333333333333,0.8729775117533868,0.25,0.015151515151515152
0.30078857215032784,1.0,0.0,0.07575757575757576,0.0,0.0,0.7487948124123697,0.5181818181818182,0.12727272727272726
0.27786923547394143,1.0,0.0,0.0,0.0,0.3333333333333333,0.7434359444830043,0.16346153846153846,0.038461538461538464
0.14169330891087836,0.06333333333333334,0.0,0.0,0.0,0.0,0.9008804575298361,0.3157894736842105,0.10526315789473684
0.3434727649660211,1.0,0.0,0.011933174224343677,0.5,0.0,0.8016727570587787,0.35799522673031026,0.007159904534606206
0.23823754803943764,0.30666666666666664,0.0,0.0,0.0,0.3333333333333333,0.8281725818436516,0.5543478260869565,0.20652173913043478
0.20500679214428963,0.47333333333333333,0.0,0.0,0.0,0.0,0.8330256679217694,0.5070422535211268,0.0
0.21908488668244247,0.43333333333333335,0.0,0.038461538461538464,0.0,0.0,0.7831565591321171,0.5076923076923077,0.19230769230769232
0.20578956847659557,0.6533333333333333,0.0,0.0,0.0,0.0,0.8227936439496293,0.24489795918367346,0.01020408163265306
0.2961622321805423,1.0,0.0,0.010351966873706004,0.0,0.0,0.7918500650766441,0.6149068322981366,0.039337474120082816
0.23046257120465985,0.7466666666666667,0.0,0.0,0.0,0.0,0.8364114263323127,0.3214285714285714,0.026785714285714284
0.27580610659352345,0.9533333333333334,0.0,0.0,0.0,0.3333333333333333,0.7884340263081948,0.1993006993006993,0.006993006993006993
0.21203448940171482,0.5566666666666666,0.0,0.0,0.0,0.0,0.8721712413225378,0.39520958083832336,0.017964071856287425
0.14497824181936847,0.18666666666666668,0.0,0.0,0.0,0.0,0.8662109896222562,0.1607142857142857,0.14285714285714285
0.14321957950392575,0.14666666666666667,0.0,0.0,0.0,0.0,0.9167412495847119,0.20454545454545453,0.09090909090909091
0.3012943117784928,0.5766666666666667,0.0,0.028901734104046242,0.5,0.3333333333333333,0.8420664318504384,0.17341040462427745,0.005780346820809248
0.11105134195787356,0.13666666666666666,0.0,0.0,0.0,0.0,0.9055134195787357,0.0,0.0
0.1275,0.05,0.0,0.0,0.0,0.0,0.9999999999999998,0.2,0.0
0.16598561036341797,0.30333333333333334,0.0,0.0,0.0,0.0,0.8751857739638499,0.23076923076923078,0.0989010989010989
0.21855991469428993,0.4266666666666667,0.0,0.1171875,0.0,0.0,0.6666928969428992,0.3515625,0.3515625
0.2010539702549405,0.5833333333333334,0.0,0.0,0.0,0.0,0.8098254168351191,0.32571428571428573,0.0
0.19026809703788686,0.4033333333333333,0.0,0.0,0.0,0.0,0.8761933670730836,0.371900826446281,0.049586776859504134
0.17120239509315763,0.3433333333333333,0.0,0.0,0.0,0.0,0.8669268635529356,0.3203883495145631,0.009708737864077669
0.2739573948361117,1.0,0.0,0.0,0.0,0.0,0.7716727137932161,0.4185185185185185,0.04938271604938271
0.2931151335351863,1.0,0.0,0.022988505747126436,0.0,0.0,0.7150593813288747,0.5689655172413792,0.11264367816091954
0.2242352267834296,0.68,0.0,0.0,0.0,0.0,0.8105875619519427,0.411764705882353,0.0
0.18385490591357087,0.26,0.0,0.0,0.0,0.0,0.7818823924690422,0.4230769230769231,0.24358974358974358
0.27199985843828295,0.9,0.0,0.0,0.0,0.0,0.8403689547531993,0.4444444444444444,0.08518518518518518
0.14684137298968863,0.16333333333333333,0.0,0.0,0.0,0.0,0.9172912809172944,0.30612244897959184,0.0
0.22930409230769055,0.71,0.0,0.0,0.0,0.0,0.810200547490051,0.3380281690140845,0.07981220657276995
0.19834439232401302,0.25333333333333335,0.0,0.0,0.0,0.0,0.6166018179769723,0.7894736842105263,0.19736842105263158
0.2510789285845049,1.0,0.0,0.0,0.0,0.0,0.7443800194357827,0.2548262548262548,0.011583011583011582
0.1640066916290523,0.19333333333333333,0.0,0.0,0.0,0.0,0.9190324335319022,0.3620689655172414,0.06896551724137931
0.15793324559715852,0.36,0.0,0.0,0.0,0.0,0.9004435670826966,0.1111111111111111,0.027777777777777776
0.21877910236323134,0.6,0.0,0.02777777777777778,0.0,0.0,0.8683465791878685,0.31666666666666665,0.06111111111111111
0.2818938022211915,1.0,0.0,0.0,0.0,0.3333333333333333,0.7835428332084783,0.16082474226804122,0.041237113402061855
0.22527592334707244,0.73,0.0,0.0,0.0,0.0,0.8244259001373908,0.3150684931506849,0.0182648401826484
0.1609300639552541,0.43333333333333335,0.0,0.0,0.0,0.0,0.8669929472448487,0.09230769230769231,0.0
0.199536030615428,0.30666666666666664,0.0,0.0,0.0,0.3333333333333333,0.7998530597774681,0.2608695652173913,0.14130434782608695
0.25713640498631346,1.0,0.0,0.011876484560570073,0.0,0.0,0.8373973040199039,0.2066508313539192,0.009501187648456057
0.1614219921852464,0.21333333333333335,0.0,0.0,0.0,0.0,0.8723449218524638,0.421875,0.0
0.23489323439126963,0.18,0.0,0.18518518518518517,0.0,0.0,0.8567101216904742,0.9444444444444444,0.0
0.17746383020282142,0.27,0.0,0.0,0.0,0.0,0.9128481785714238,0.4444444444444444,0.012345679012345678
0.3304282262263338,1.0,0.0,0.004945598417408506,0.5,0.0,0.7669429942119037,0.255192878338279,0.024727992087042534
0.2927254916368695,1.0,0.0,0.0,0.0,0.0,0.8345497491954426,0.5927051671732523,0.0
0.28520856737152384,1.0,0.0,0.0,0.0,0.3333333333333333,0.7761487900860472,0.23668639053254437,0.005917159763313609
0.13813862707256394,0.22333333333333333,0.0,0.0,0.0,0.0,0.8822071662480273,0.13432835820895522,0.029850746268656716
0.17891277547631265,0.39666666666666667,0.0,0.08403361344537814,0.0,0.0,0.8411865782925384,0.22689075630252098,0.0
0.2565176381013988,0.84,0.0,0.0,0.0,0.0,0.81708114291875,0.47619047619047616,0.011904761904761904
0.17115505939700557,0.26,0.0,0.1282051282051282,0.0,0.0,0.8984736708931326,0.23076923076923078,0.0
0.312898230134281,1.0,0.0,0.017921146953405017,0.0,0.3333333333333333,0.7938568533141361,0.39247311827956993,0.08243727598566308
0.2258980222085033,0.5833333333333334,0.0,0.0,0.0,0.0,0.8696945077993186,0.5142857142857142,0.0
0.133371278669687,0.13333333333333333,0.0,0.0,0.0,0.0,0.88371278669687,0.15000000000000002,0.1
0.26885294163144735,0.8833333333333333,0.0,0.0,0.0,0.0,0.8050388502767376,0.4867924528301887,0.07169811320754717
0.2535135421426775,0.77,0.0,0.021645021645021644,0.0,0.0,0.8281873694787231,0.4545454545454546,0.06493506493506493
0.22401421902671362,0.7766666666666666,0.0,0.0,0.0,0.0,0.8176314606534025,0.23175965665236054,0.02575107296137339
0.1672346144208289,0.06666666666666667,0.0,0.0,0.0,0.0,0.7223461442082889,0.44999999999999996,0.4
0.23090013255983752,0.8833333333333333,0.0,0.0,0.0,0.0,0.8028692501266773,0.12452830188679245,0.05660377358490566
0.19057468904340735,0.25333333333333335,0.0,0.0,0.0,0.0,0.9336416272761787,0.5921052631578947,0.0
0.29944302433651643,1.0,0.0,0.016611295681063124,0.0,0.3333333333333333,0.8305321259786754,0.27906976744186046,0.026578073089700997
0.2015,0.01,0.0,0.0,0.0,0.0,1.0,1.0,0.0
0.11849298031950281,0.12666666666666668,0.0,0.0,0.0,0.0,0.9159824347739755,0.07894736842105263,0.0
0.1698003008544291,0.31666666666666665,0.0,0.0,0.0,0.0,0.823003008544291,0.25263157894736843,0.14736842105263157
0.11840559770744193,0.12,0.0,0.0,0.0,0.0,0.9207226437410859,0.08333333333333333,0.0
0.1537437602753786,0.11333333333333333,0.0,0.0,0.0,0.0,0.9262611321655504,0.3529411764705882,0.08823529411764706
0.1673165433819421,0.39,0.0,0.0,0.0,0.0,0.8488491945031815,0.20512820512820515,0.03418803418803419
0.13686170852029372,0.14,0.0,0.0,0.0,0.0,0.9205218471076991,0.21428571428571427,0.023809523809523808
0.18989968719264627,0.09333333333333334,0.0,0.17857142857142855,0.0,0.0,0.955425443355034,0.5357142857142857,0.0
0.1488329665995668,0.23666666666666666,0.0,0.0,0.0,0.0,0.8657240321928512,0.2112676056338028,0.056338028169014086
0.14998415909588825,0.25666666666666665,0.0,0.0,0.0,0.0,0.8940623701796615,0.1948051948051948,0.025974025974025976
0.20433884763578458,0.5433333333333333,0.0,0.0,0.0,0.0,0.85415534752349,0.36809815950920244,0.006134969325153374
0.18917198963093135,0.30666666666666664,0.0,0.0,0.0,0.0,0.73606772239627,0.3913043478260869,0.30434782608695654
0.15539484573479398,0.14666666666666667,0.0,0.0,0.0,0.0,0.902130275529758,0.3409090909090909,0.09090909090909091
0.14897078636971878,0.17,0.0,0.0,0.0,0.0,0.8033353146775801,0.23529411764705882,0.19607843137254902
0.14509274032174393,0.2,0.0,0.0,0.0,0.0,0.8842607365507724,0.25,0.016666666666666666
0.1409256416337507,0.12666666666666668,0.0,0.0,0.0,0.0,0.9560985216006649,0.23684210526315788,0.02631578947368421
0.11735464747815719,0.11,0.0,0.0,0.0,0.0,0.8873343535694506,0.0,0.12121212121212122
0.1327727272727273,0.03666666666666667,0.0,0.0,0.0,0.0,1.0,0.2727272727272727,0.0
0.14678007514697886,0.19666666666666666,0.0,0.0,0.0,0.0,0.9185634633341953,0.2033898305084746,0.05084745762711865
0.1630994924641564,0.11666666666666667,0.0,0.0,0.0,0.3333333333333333,0.951233019879659,0.17142857142857143,0.0
0.15493478251632234,0.30333333333333334,0.0,0.0,0.0,0.0,0.8855566163720145,0.19780219780219782,0.01098901098901099
0.18051749529204508,0.6033333333333334,0.0,0.0,0.0,0.0,0.8007274391082958,0.08287292817679558,0.016574585635359115
0.26682619061759966,1.0,0.0,0.0,0.0,0.0,0.8044226204617108,0.36160714285714285,0.002232142857142857
0.2752626405427248,1.0,0.0,0.0,0.0,0.3333333333333333,0.7116007644016075,0.16923076923076924,0.038461538461538464
0.2570558146683738,1.0,0.0,0.0,0.0,0.0,0.7792416200730937,0.2857142857142857,0.0056022408963585435
0.16749770431216932,0.09,0.0,0.0,0.0,0.0,0.9844214875661376,0.5555555555555556,0.0
0.2388599746540871,0.7933333333333333,0.0,0.0,0.0,0.0,0.7574232759526354,0.2647058823529412,0.17647058823529413
0.28227181745000907,0.9966666666666667,0.0,0.0,0.0,0.0,0.6186880741656426,0.3511705685618729,0.35785953177257523
0.21579213029338307,0.5666666666666667,0.0,0.0,0.0,0.0,0.8196860088161835,0.4764705882352941,0.011764705882352941
0.18273780109792337,0.36333333333333334,0.0,0.0,0.0,0.0,0.7502679192361144,0.30275229357798167,0.22935779816513763
0.24746070918017268,0.22,0.0,0.0,0.5,0.0,0.9097586069532421,0.4545454545454546,0.030303030303030304
0.34137117362035757,1.0,0.0,0.0,0.0,0.6666666666666666,0.7956734984645898,0.34413965087281795,0.10723192019950124
0.30253014058842786,1.0,0.0,0.0,0.0,0.6666666666666666,0.7176655762220171,0.11233480176211454,0.028634361233480177
0.37510826023125354,1.0,0.0,0.0641025641025641,0.5,0.0,0.8228774741074072,0.5,0.08205128205128205
0.19011695504350148,0.48333333333333334,0.0,0.0,0.0,0.0,0.85892817112467,0.2896551724137931,0.027586206896551724
0.2504758311274855,1.0,0.0,0.005165289256198347,0.0,0.0,0.695357484828574,0.23863636363636365,0.06301652892561983
0.2747018108837171,1.0,0.0,0.0,0.0,0.0,0.805757363851498,0.3954154727793696,0.045845272206303724
0.2845355902939092,1.0,0.0,0.0,0.0,0.0,0.7281145236287472,0.5172413793103449,0.1
0.16171779838675346,0.11666666666666667,0.0,0.14285714285714285,0.0,0.0,0.9136065552961059,0.2571428571428571,0.05714285714285714
0.19057985290235951,0.5766666666666667,0.0,0.0,0.0,0.0,0.8211453498328438,0.20809248554913293,0.011560693641618497
0.16835274489649793,0.3,0.0,0.0,0.0,0.0,0.8557496711872016,0.26666666666666666,0.1111111111111111
0.22873599899115615,0.8333333333333334,0.0,0.02,0.0,0.0,0.8313599899115613,0.156,0.02
0.19729830632148382,0.47333333333333333,0.0,0.0,0.0,0.0,0.8756591195528662,0.38028169014084506,0.007042253521126761
0.2554091145236326,1.0,0.0,0.0,0.0,0.0,0.810670092604747,0.22697368421052633,0.01644736842105263
0.12866767556414543,0.21,0.0,0.0,0.0,0.0,0.8764386604033589,0.09523809523809523,0.0
0.271522647374721,1.0,0.0,0.014492753623188406,0.0,0.0,0.7616032853414129,0.33043478260869563,0.10144927536231885
0.17588666432601158,0.21666666666666667,0.0,0.07692307692307693,0.0,0.0,0.8569435663370385,0.27692307692307694,0.18461538461538463
0.2015241395365098,0.35333333333333333,0.0,0.04716981132075471,0.0,0.3333333333333333,0.8736061752393118,0.169811320754717,0.03773584905660377
0.12084073990415364,0.03666666666666667,0.0,0.0,0.0,0.0,0.7897710354051727,0.0,0.36363636363636365
0.18711904025401768,0.37333333333333335,0.0,0.0,0.0,0.0,0.9183332596830338,0.375,0.017857142857142856
0.24486718430647456,0.9833333333333333,0.0,0.0,0.0,0.0,0.7906209956071182,0.15254237288135594,0.030508474576271188
0.208391872945484,0.58,0.0,0.0,0.0,0.0,0.8346083846272536,0.3448275862068966,0.034482758620689655
0.14521579484783062,0.13666666666666666,0.0,0.0,0.0,0.0,0.9544750216490379,0.29268292682926833,0.0
0.2971817096052443,0.9433333333333334,0.0,0.0,0.0,0.3333333333333333,0.8171233386908412,0.36042402826855124,0.045936395759717315
0.17157325916265664,0.043333333333333335,0.0,0.0,0.0,0.0,0.9584248993188739,0.6923076923076923,0.0
0.26388688464348264,1.0,0.0,0.0,0.0,0.0,0.836166143732124,0.28378378378378377,0.01891891891891892
0.13213103527203418,0.24,0.0,0.0,0.0,0.0,0.6140881304981197,0.08333333333333333,0.2638888888888889
0.3428514515949454,0.6766666666666666,0.0,0.0,0.5,0.3333333333333333,0.8523486703008498,0.4433497536945813,0.034482758620689655
0.15455381355054282,0.21,0.0,0.0,0.0,0.0,0.9289508339181266,0.2857142857142857,0.015873015873015872
0.1531102471918751,0.13,0.0,0.0,0.0,0.0,0.9514870873033663,0.3846153846153846,0.0
0.16586206529539196,0.09,0.0,0.0,0.0,0.0,0.8939910233242899,0.4444444444444444,0.18518518518518517
0.14530245438227235,0.13333333333333333,0.0,0.0,0.0,0.0,0.9530245438227233,0.30000000000000004,0.0
0.18936850830246876,0.27,0.0,0.0,0.0,0.0,0.9084381694444408,0.5555555555555556,0.024691358024691357
0.17649799693895774,0.34,0.0,0.0,0.0,0.0,0.8824309497817344,0.3529411764705882,0.0196078431372549
0.2651166055072241,1.0,0.0,0.05555555555555556,0.0,0.0,0.8067216106277966,0.23333333333333334,0.027777777777777776
0.32525592233025236,1.0,0.0,0.009861932938856016,0.0,0.6666666666666666,0.7791864422374342,0.21893491124260356,0.07297830374753451
0.3536140062910873,0.7966666666666666,0.0,0.0,0.5,0.3333333333333333,0.8101079848076649,0.40167364016736395,0.04602510460251046
0.1417214962690702,0.2733333333333333,0.0,0.0,0.0,0.0,0.8608734992760679,0.14634146341463417,0.0
0.3101769111822557,1.0,0.0,0.010660980810234541,0.0,0.3333333333333333,0.779096759299458,0.371002132196162,0.1023454157782516
0.21934635911343686,0.32,0.0,0.05208333333333333,0.0,0.0,0.9165885911343686,0.71875,0.0
0.28252148787833953,1.0,0.0,0.0,0.0,0.0,0.777022107699058,0.3704819277108434,0.17771084337349397
0.21295448357085528,0.29333333333333333,0.0,0.0,0.0,0.0,0.9395448357085527,0.75,0.0
0.23715766644052824,0.31,0.0,0.0,0.0,0.0,0.7022755891364653,0.8387096774193548,0.3655913978494624
0.20329568669528714,0.5566666666666666,0.0,0.0,0.0,0.0,0.838675429827123,0.3592814371257485,0.0
0.16672563912890648,0.25333333333333335,0.0,0.0,0.0,0.0,0.8793616544469595,0.35526315789473684,0.05263157894736842
0.16609853249417253,0.26666666666666666,0.0,0.0,0.0,0.0,0.8484853249417252,0.3375,0.075
0.22146029148138166,0.7433333333333333,0.0,0.0,0.0,0.0,0.8798719731097807,0.20179372197309417,0.017937219730941704
0.2861237542625639,1.0,0.0,0.0,0.0,0.3333333333333333,0.7986683288936347,0.20930232558139533,0.019933554817275746
0.1780494383144589,0.20666666666666667,0.0,0.0,0.0,0.0,0.9221072863703955,0.532258064516129,0.016129032258064516
0.26438750867805094,1.0,0.0,0.0,0.0,0.0,0.8180911146550738,0.2979094076655052,0.027874564459930314
0.16369467374840457,0.36666666666666664,0.0,0.0,0.0,0.0,0.8414921920295005,0.21818181818181817,0.02727272727272727
0.16637360060798198,0.3,0.0,0.05555555555555556,0.0,0.0,0.8970693394131531,0.2,0.03333333333333333
0.15177968362822436,0.15,0.0,0.0,0.0,0.0,0.9372412807266882,0.3333333333333333,0.022222222222222223
0.26025303532691973,1.0,0.0,0.0,0.0,0.0,0.7789531174968394,0.3121951219512195,0.011382113821138212
0.17514933218992804,0.09666666666666666,0.0,0.0,0.0,0.0,0.9858036667268665,0.6206896551724138,0.0
0.24466398780731957,1.0,0.0,0.05649717514124294,0.0,0.0,0.8053969402200882,0.03389830508474576,0.022598870056497175
0.13287163647530068,0.10333333333333333,0.0,0.0,0.0,0.0,0.9479099131401035,0.0967741935483871,0.12903225806451613
0.14925142594732738,0.16666666666666666,0.0,0.0,0.0,0.0,0.9025142594732737,0.30000000000000004,0.04
0.1944280720389712,0.22333333333333333,0.0,0.0,0.0,0.0,0.8779374368076223,0.6268656716417911,0.1044776119402985
0.2717096526399941,0.8166666666666667,0.0,0.0,0.0,0.0,0.8431169345632062,0.5877551020408163,0.061224489795918366
0.26323739813813474,0.48333333333333334,0.0,0.034482758620689655,0.5,0.0,0.6504774296572094,0.08275862068965517,0.3724137931034483
0.26228765475700183,0.99,0.0,0.0,0.0,0.0,0.8180112277046987,0.30303030303030304,0.016835016835016835
0.22759581965068362,0.6666666666666666,0.0,0.0,0.0,0.0,0.8409581965068362,0.39,0.045
0.16902088783348573,0.19333333333333333,0.0,0.0,0.0,0.3333333333333333,0.9117031312084204,0.15517241379310345,0.0
0.1552024129826577,0.24,0.0,0.0,0.0,0.0,0.90035746315991,0.2916666666666667,0.0
0.24250766713201072,0.6133333333333333,0.0,0.0,0.0,0.0,0.7224679756679336,0.47282608695652173,0.30978260869565216
0.13754055361765793,0.15666666666666668,0.0,0.0,0.0,0.0,0.8850863872404091,0.2553191489361702,0.0
0.21402012743991816,0.44333333333333336,0.0,0.0,0.0,0.3333333333333333,0.8711912493365247,0.24812030075187969,0.022556390977443608
0.14846614964418503,0.24,0.0,0.0,0.0,0.0,0.8885503853307392,0.20833333333333334,0.027777777777777776
0.21054636873337634,0.6166666666666667,0.0,0.02702702702702703,0.0,0.0,0.8318150386851145,0.3081081081081081,0.0
0.17384771013643163,0.30666666666666664,0.0,0.0,0.0,0.0,0.8763031883208383,0.3913043478260869,0.010869565217391304
0.2243512291543925,0.23666666666666666,0.0,0.0,0.0,0.3333333333333333,0.8932071272246764,0.5915492957746479,0.07042253521126761
0.2881794620403073,0.91,0.0,0.0,0.0,0.3333333333333333,0.8134979171063701,0.3076923076923077,0.06227106227106227
0.14774657757345133,0.2733333333333333,0.0,0.0,0.0,0.0,0.9211243123198789,0.14634146341463417,0.0
0.1830468068491884,0.36,0.0,0.0,0.0,0.0,0.6978754758992913,0.3333333333333333,0.25925925925925924
0.18944506788353407,0.3433333333333333,0.0,0.0,0.0,0.0,0.8940137856314572,0.4368932038834951,0.04854368932038835
0.17113556553523337,0.41333333333333333,0.0,0.0,0.0,0.0,0.8574846876103979,0.217741935483871,0.016129032258064516
0.2845640480150688,0.9333333333333333,0.0,0.03571428571428571,0.0,0.0,0.834926194436402,0.5142857142857142,0.04285714285714286
0.4144483809171313,1.0,0.0,0.0,1.0,0.0,0.8375217838548575,0.2848101265822785,0.022151898734177215
0.2937677336937688,1.0,0.0,0.012406947890818858,0.0,0.0,0.8309775850766453,0.5732009925558312,0.01488833746898263
0.15188114275874273,0.23,0.0,0.0,0.0,0.0,0.8694636015004705,0.17391304347826086,0.13043478260869565
0.1465734677128908,0.25333333333333335,0.0,0.0,0.0,0.0,0.9278399402868027,0.15789473684210525,0.0
0.23683024269763145,0.51,0.0,0.032679738562091505,0.0,0.0,0.8614723616168373,0.5882352941176471,0.10457516339869281
0.18955264181004303,0.46,0.0,0.0,0.0,0.0,0.8866858383902854,0.28260869565217395,0.036231884057971016
0.2058681010385354,0.19,0.0,0.2631578947368421,0.0,0.0,0.9578915367011434,0.42105263157894735,0.0
0.18978395637004936,0.22666666666666666,0.0,0.0,0.0,0.0,0.8960748578181403,0.5294117647058824,0.1323529411764706
0.3927575930490697,1.0,0.0,0.0,0.5,0.3333333333333333,0.7395459239675402,0.4344422700587084,0.17025440313111545
0.26028251945215786,0.6,0.0,0.08333333333333333,0.0,0.0,0.8611585278549119,0.7,0.016666666666666666
0.27614760298055974,1.0,0.0,0.0,0.0,0.0,0.7885030568326246,0.47297297297297297,0.0
0.14909607800090147,0.19666666666666666,0.0,0.0,0.0,0.0,0.8908760342463027,0.3050847457627119,0.0
0.2836399360390442,1.0,0.0,0.036458333333333336,0.0,0.0,0.7681701937237755,0.5031249999999999,0.010416666666666666
0.3162508340073655,0.5733333333333334,0.0,0.05813953488372093,0.5,0.0,0.8548339214690038,0.5581395348837209,0.05232558139534884
0.1792424106538221,0.24,0.0,0.0,0.0,0.0,0.8907574398715542,0.5,0.041666666666666664
0.2427518184670167,0.8066666666666666,0.0,0.0,0.0,0.0,0.8084272755792583,0.371900826446281,0.0371900826446281
0.2917452954182535,1.0,0.0,0.0,0.0,0.0,0.8251910494206305,0.5803571428571429,0.011904761904761904
0.25229931731878075,0.63,0.0,0.0,0.0,0.3333333333333333,0.8372524324470667,0.3492063492063492,0.0582010582010582
0.16328656881882028,0.08666666666666667,0.0,0.19230769230769232,0.0,0.0,0.9836349189574335,0.23076923076923078,0.0
0.2020551134018146,0.62,0.0,0.0,0.0,0.0,0.848615650147178,0.16129032258064516,0.08064516129032258
0.14420898919536487,0.19,0.0,0.0,0.0,0.0,0.7535811200238243,0.21052631578947367,0.19298245614035087
0.18541150290502445,0.45666666666666667,0.0,0.0,0.0,0.0,0.8625456859845508,0.30656934306569344,0.0
0.1915704702899247,0.04,0.0,0.41666666666666663,0.0,0.0,0.8140380362325801,0.0,0.4166666666666667
0.1502439900262903,0.19,0.0,0.0,0.0,0.0,0.8665627072804465,0.3157894736842105,0.03508771929824561
0.17799415060924417,0.26,0.0,0.0641025641025641,0.0,0.0,0.9091722753232113,0.34615384615384615,0.038461538461538464
0.3207019626882599,0.6466666666666666,0.0,0.05154639175257732,0.5,0.0,0.8323804516248666,0.4948453608247423,0.08247422680412371
0.1934100635439664,0.5633333333333334,0.0,0.0,0.0,0.0,0.8228284460905514,0.23076923076923078,0.03550295857988166
0.23820034894401812,0.7666666666666667,0.0,0.0,0.0,0.0,0.8406991416140942,0.3913043478260869,0.0
0.4136376811987863,1.0,0.0,0.05405405405405406,1.0,0.0,0.7661065417175926,0.2554054054054054,0.033783783783783786
0.19387445770496542,0.39,0.0,0.1282051282051282,0.0,0.0,0.8537445770496543,0.28205128205128205,0.02564102564102564
0.17213392261821253,0.14,0.0,0.11904761904761904,0.0,0.0,0.8327677976106966,0.3571428571428571,0.14285714285714285
0.1472652916268981,0.18666666666666668,0.0,0.0,0.0,0.0,0.9069386305546953,0.21428571428571427,0.07142857142857142
0.1429818641969042,0.19333333333333333,0.0,0.0,0.0,0.0,0.8811979523138694,0.25862068965517243,0.0
0.27816898710910626,1.0,0.0,0.0,0.0,0.0,0.7845307801819721,0.45170454545454547,0.045454545454545456
0.15475278916584168,0.24333333333333335,0.0,0.0,0.0,0.0,0.8948566587817045,0.2876712328767123,0.0
0.42051008473287627,1.0,0.0,0.02493765586034913,1.0,0.0,0.821060947079386,0.29177057356608477,0.05486284289276808
0.1493240437348467,0.17,0.0,0.0,0.0,0.0,0.9049071040151336,0.29411764705882354,0.0392156862745098
0.23012400976203629,0.44666666666666666,0.0,0.11194029850746268,0.0,0.0,0.7319863662770794,0.582089552238806,0.14925373134328357
0.2710321246266037,1.0,0.0,0.03863987635239567,0.0,0.0,0.7783274286462538,0.37094281298299847,0.0030911901081916537
0.258083331330811,1.0,0.0,0.0,0.0,0.0,0.6021447887179462,0.1377049180327869,0.34098360655737703
0.27701733320749045,0.7333333333333333,0.0,0.022727272727272728,0.0,0.0,0.5224460593476319,0.5590909090909091,0.5545454545454546
0.1635632493317904,0.17333333333333334,0.0,0.09615384615384616,0.0,0.0,0.6929401856255963,0.2884615384615385,0.25
0.15837161016716272,0.21,0.0,0.0,0.0,0.0,0.887763720719246,0.3333333333333333,0.047619047619047616
0.16518447799107538,0.09666666666666666,0.0,0.1724137931034483,0.0,0.0,0.9033965040486848,0.3103448275862069,0.034482758620689655
0.14816936330695651,0.21666666666666667,0.0,0.0,0.0,0.0,0.9105397869157189,0.18461538461538463,0.06153846153846154
0.27033796070078536,1.0,0.0,0.0,0.0,0.0,0.744377071082241,0.44378698224852076,0.015215553677092139
0.17090532061424268,0.26,0.0,0.0,0.0,0.0,0.8831557702449908,0.3076923076923077,0.1282051282051282
0.16160509205983833,0.3,0.0,0.0,0.0,0.0,0.7771620317094946,0.13333333333333333,0.25555555555555554
0.2601549991802642,0.82,0.0,0.0,0.0,0.0,0.7983792600953248,0.5609756097560975,0.012195121951219513
0.2755505799267685,0.8233333333333334,0.0,0.0,0.0,0.3333333333333333,0.8025570813189676,0.340080971659919,0.044534412955465584
0.15078112911532054,0.14666666666666667,0.0,0.0,0.0,0.0,0.9469022002441145,0.3409090909090909,0.0
0.2776256719215984,0.4766666666666667,0.0,0.0,0.5,0.0,0.8986693066285719,0.3986013986013986,0.013986013986013986
0.2724757024660006,1.0,0.0,0.0,0.0,0.0,0.7738286426971412,0.35013262599469497,0.10079575596816977
0.1729341586537017,0.27,0.0,0.0,0.0,0.0,0.8305144260431899,0.4444444444444444,0.04938271604938271
0.26419021993847913,1.0,0.0,0.0,0.0,0.0,0.8003788578614501,0.2727272727272727,0.0687960687960688
0.14599341976699723,0.13666666666666666,0.0,0.0,0.0,0.0,0.8890805391333868,0.36585365853658536,0.0
0.24448457492015474,0.5266666666666666,0.0,0.0,0.0,0.3333333333333333,0.8658162133365687,0.39873417721518983,0.056962025316455694
0.2749746009708386,0.9166666666666666,0.0,0.1090909090909091,0.0,0.0,0.5820187369811132,0.24,0.3890909090909091
0.2215291883144341,0.4,0.0,0.0,0.0,0.0,0.8402918831443411,0.5499999999999999,0.225
0.13254159166645815,0.15333333333333332,0.0,0.0,0.0,0.0,0.8345463514471902,0.06521739130434782,0.1956521739130435
0.17394860655436073,0.31333333333333335,0.0,0.10638297872340426,0.0,0.0,0.8652307463946711,0.19148936170212766,0.05319148936170213
0.14628745336143315,0.22333333333333333,0.0,0.0,0.0,0.0,0.903993936599406,0.22388059701492535,0.0
0.24505677537875503,0.7133333333333334,0.0,0.0,0.0,0.0,0.8198200902361483,0.46261682242990654,0.09813084112149532
0.18385193614786227,0.23666666666666666,0.0,0.0,0.0,0.3333333333333333,0.8966649013847261,0.2535211267605634,0.0
0.26826458560213945,1.0,0.0,0.0,0.0,0.0,0.6941970111369065,0.31683168316831684,0.1716171617161716
0.18993176954614144,0.13333333333333333,0.0,0.25,0.0,0.0,0.8743176954614147,0.44999999999999996,0.0
0.2538876411510467,0.99,0.0,0.0,0.0,0.0,0.8316541892882441,0.2121212121212121,0.010101010101010102
0.2260131597262973,0.7933333333333333,0.0,0.0,0.0,0.0,0.8516442023049898,0.20168067226890757,0.01680672268907563
0.14455391698487663,0.23666666666666666,0.0,0.0,0.0,0.0,0.9215250853417241,0.16901408450704225,0.0
0.20177914389416685,0.5333333333333333,0.0,0.03125,0.0,0.0,0.7771664389416686,0.1875,0.20625
0.2744967352841964,1.0,0.0,0.0,0.0,0.3333333333333333,0.7856497675401269,0.12598425196850394,0.0
0.2874968576524831,1.0,0.0,0.014044943820224719,0.0,0.0,0.8061483518057305,0.5056179775280899,0.042134831460674156
0.13565726443407036,0.16666666666666666,0.0,0.0,0.0,0.0,0.9065726443407037,0.18,0.02
0.18372074737408142,0.43333333333333335,0.0,0.0,0.0,0.0,0.8564382429715833,0.3230769230769231,0.007692307692307693
0.1968918528768512,0.22333333333333333,0.0,0.07462686567164178,0.0,0.0,0.8951125586192581,0.6268656716417911,0.0
0.17822429113970845,0.49,0.0,0.0,0.0,0.0,0.775134067859669,0.24489795918367346,0.027210884353741496
0.2894395150283387,1.0,0.0,0.0,0.0,0.3333333333333333,0.7848187230274016,0.2569060773480663,0.019337016574585635
0.28382779724524293,1.0,0.0,0.0364963503649635,0.0,0.0,0.7652852717225025,0.5005213764337851,0.017726798748696558
0.2910005668170499,0.6766666666666666,0.0,0.024630541871921183,0.5,0.0,0.8568283282690213,0.22167487684729065,0.029556650246305417
0.2692209048669529,0.19333333333333333,0.0,0.08620689655172414,0.5,0.0,0.9366918072902183,0.5172413793103449,0.06896551724137931
0.22130425071580598,0.6233333333333333,0.0,0.0,0.0,0.3333333333333333,0.8217145214183093,0.1122994652406417,0.0106951871657754
0.20467709723507235,0.7333333333333333,0.0,0.0,0.0,0.0,0.8013164268961779,0.10909090909090909,0.03636363636363636
0.2478567234440588,0.9633333333333334,0.0,0.0,0.0,0.0,0.8121139472433562,0.18685121107266434,0.03460207612456748
0.2997498594719268,1.0,0.0,0.0,0.0,0.3333333333333333,0.7899078356433606,0.35049504950495053,0.023762376237623763
0.22713873761084688,0.6833333333333333,0.0,0.024390243902439025,0.0,0.0,0.8488264004987127,0.29268292682926833,0.06829268292682927
0.2813476178109822,1.0,0.0,0.0,0.0,0.0,0.830504041886912,0.4458204334365325,0.03715170278637771
0.25102356138044063,0.6566666666666666,0.0,0.025380710659898477,0.0,0.0,0.8627990655810558,0.6091370558375635,0.015228426395939087
0.1813281029201223,0.42,0.0,0.0,0.0,0.0,0.8420111879313816,0.26190476190476186,0.07936507936507936
0.20361492195192452,0.5466666666666666,0.0,0.03048780487804878,0.0,0.0,0.11553946342168406,0.12804878048780488,0.926829268292683
0.1891253589518151,0.49,0.0,0.0,0.0,0.0,0.8297229772732527,0.32653061224489793,0.0
0.22783367544557842,0.18333333333333332,0.0,0.0,0.5,0.0,0.9260640271830568,0.2727272727272727,0.05454545454545454
0.13023560964005024,0.17666666666666667,0.0,0.0,0.0,0.0,0.9052806247023891,0.11320754716981132,0.018867924528301886
0.17134645182344363,0.14,0.0,0.0,0.0,0.0,0.9558454706153885,0.5,0.047619047619047616
0.29283805886861425,1.0,0.0,0.0,0.0,0.3333333333333333,0.7617139220194762,0.31620553359683795,0.017127799736495388
0.2697967045676659,1.0,0.0,0.0,0.0,0.0,0.7712569479567897,0.3713355048859935,0.05537459283387622
0.2459352727557796,0.7733333333333333,0.0,0.0,0.0,0.3333333333333333,0.7979159459486006,0.15517241379310345,0.01293103448275862
0.17526744718253937,0.03,0.0,0.0,0.0,0.0,0.9298966940476158,0.6666666666666666,0.1111111111111111
0.2602491737654764,1.0,0.0,0.0,0.0,0.0,0.7658083205693369,0.33668341708542715,0.0
0.13742055966920244,0.05,0.0,0.0,0.0,0.3333333333333333,0.965872263358691,0.0,0.0
0.10838431530811267,0.11,0.0,0.0,0.0,0.0,0.9188431530811266,0.0,0.0
0.2816193405903715,1.0,0.0,0.0,0.0,0.0,0.8279427531622006,0.4856396866840731,0.0026109660574412533
0.14593838962121664,0.15333333333333332,0.0,0.0,0.0,0.0,0.9685143309947751,0.2608695652173913,0.0
0.25362939546313995,0.8933333333333333,0.0,0.0,0.0,0.0,0.8642044023925937,0.3246268656716418,0.007462686567164179
0.17215712768117944,0.2966666666666667,0.0,0.0,0.0,0.0,0.7597173442275246,0.3033707865168539,0.21348314606741572
0.32977679329646875,0.8933333333333333,0.0,0.0,0.5,0.0,0.7973201717706585,0.39179104477611937,0.018656716417910446
0.18401892686773863,0.5233333333333333,0.0,0.0,0.0,0.0,0.6029599693143288,0.30573248407643316,0.1464968152866242
0.2844953628419264,1.0,0.0,0.0,0.0,0.0,0.8138332964690567,0.5228215767634854,0.008298755186721992
0.26960680987422864,0.45666666666666667,0.0,0.0,0.5,0.0,0.8669075148006806,0.30656934306569344,0.08759124087591241
0.187088601574459,0.42333333333333334,0.0,0.03937007874015748,0.0,0.0,0.8382482204689996,0.23622047244094488,0.10236220472440945
0.1447031866465707,0.12,0.0,0.0,0.0,0.0,0.9059207553545958,0.3333333333333333,0.027777777777777776
0.14635714285714285,0.023333333333333334,0.0,0.0,0.0,0.0,1.0,0.42857142857142855,0.0
0.17602576353884664,0.15,0.0,0.0,0.0,0.0,0.9352576353884662,0.6000000000000001,0.0
0.15600295851910073,0.36666666666666664,0.0,0.0,0.0,0.0,0.8736659488273709,0.08181818181818182,0.05454545454545454
0.2099685644457482,0.4033333333333333,0.0,0.0,0.0,0.0,0.8996443221434323,0.5950413223140496,0.0
0.2669668429200218,1.0,0.0,0.0,0.0,0.0,0.7165434292002177,0.328125,0.125
0.2769460525093462,1.0,0.0,0.0,0.0,0.0,0.8054082375117626,0.4215686274509804,0.042483660130718956
0.16371958213883994,0.18666666666666668,0.0,0.0,0.0,0.0,0.9107672499598279,0.375,0.07142857142857142
0.23232399750160385,0.24,0.0,0.06944444444444445,0.5,0.0,0.8868510861271495,0.125,0.09722222222222222
0.21139098285226318,0.7066666666666667,0.0,0.0,0.0,0.0,0.8416456775792355,0.19811320754716982,0.014150943396226415
0.18129921839461732,0.43,0.0,0.0,0.0,0.0,0.5555890831709795,0.13953488372093023,0.4728682170542636
0.17291046480348612,0.17,0.0,0.0,0.0,0.0,0.9446928833289788,0.5294117647058824,0.0
0.15633313407351654,0.10333333333333333,0.0,0.0,0.0,0.0,0.8599442439609717,0.29032258064516125,0.25806451612903225
0.1546091949158245,0.15,0.0,0.11111111111111112,0.0,0.0,0.9322030602693562,0.2,0.022222222222222223
0.18419914972896537,0.24,0.0,0.0,0.0,0.0,0.89865816395632,0.5416666666666666,0.041666666666666664
0.15298761028730323,0.22333333333333333,0.0,0.07462686567164178,0.0,0.0,0.9187566998879575,0.13432835820895522,0.029850746268656716
0.25251876392218736,1.0,0.0,0.0,0.0,0.0,0.7583809165327982,0.21428571428571427,0.052521008403361345
0.2849155647699381,1.0,0.0,0.0,0.0,0.3333333333333333,0.7661960064437763,0.2376681614349776,0.01195814648729447
0.1458328724960607,0.17,0.0,0.0,0.0,0.0,0.9092110779017833,0.29411764705882354,0.0
0.1792057295902378,0.3,0.0,0.0,0.0,0.3333333333333333,0.842057295902378,0.16666666666666666,0.0
0.1721373766161231,0.23,0.0,0.0,0.0,0.0,0.8691273893496367,0.3913043478260869,0.11594202898550725
0.19209496661993636,0.33666666666666667,0.0,0.0,0.0,0.3333333333333333,0.8746955407868224,0.20792079207920794,0.0
0.3051719231841715,0.8966666666666666,0.0,0.0,0.0,0.0,0.8331132838863252,0.7695167286245352,0.10408921933085502
0.1196289372256916,0.08666666666666667,0.0,0.0,0.0,0.0,0.9509047568723006,0.11538461538461539,0.0
0.28823139762859146,1.0,0.0,0.04784688995215311,0.0,0.0,0.8081512968600773,0.43779904306220097,0.0645933014354067
0.2814238044667647,1.0,0.0,0.01256281407035176,0.0,0.0,0.8180068888887523,0.4522613065326633,0.02512562814070352
0.22666331476047757,0.5133333333333333,0.0,0.0,0.0,0.3333333333333333,0.8645985155701437,0.2532467532467533,0.045454545454545456
0.1654015335322799,0.27666666666666667,0.0,0.0,0.0,0.0,0.8896177449613533,0.25301204819277107,0.0963855421686747
0.20504214255420122,0.47,0.0,0.0,0.0,0.0,0.8205987305065512,0.46808510638297873,0.05673758865248227
0.24087832336651044,0.8833333333333333,0.0,0.0,0.0,0.0,0.7894436110235953,0.21509433962264152,0.07924528301886792
0.15505776847185043,0.09333333333333334,0.0,0.0,0.0,0.0,0.5891491132899327,0.3214285714285714,0.5
0.19689536084324236,0.5166666666666667,0.0,0.0,0.0,0.0,0.8520181245614556,0.3096774193548387,0.03225806451612903
0.1983251166852788,0.43666666666666665,0.0,0.0,0.0,0.3333333333333333,0.8575132533667831,0.11450381679389313,0.022900763358778626
0.2782284701378992,0.30666666666666664,0.0,0.05434782608695652,0.5,0.0,0.7951107883355137,0.4891304347826087,0.20652173913043478
0.14396294729713874,0.14666666666666667,0.0,0.0,0.0,0.0,0.9469022002441145,0.2727272727272727,0.0
0.18342343613518125,0.13333333333333333,0.0,0.0,0.0,0.0,0.9342343613518124,0.6000000000000001,0.1
0.14612116860597787,0.18333333333333332,0.0,0.0,0.0,0.0,0.9134844133325059,0.21818181818181817,0.05454545454545454
0.18866837538880224,0.36,0.0,0.0,0.0,0.0,0.8466837538880224,0.4166666666666667,0.08333333333333333
0.17946042529759637,0.33,0.0,0.0,0.0,0.0,0.8248567782284889,0.36363636363636365,0.1111111111111111
0.12310181288538227,0.20666666666666667,0.0,0.0,0.0,0.0,0.8726310320796291,0.04838709677419355,0.0
0.22939339256196678,0.11333333333333333,0.0,0.14705882352941177,0.5,0.0,0.9768751020902559,0.1764705882352941,0.0
0.1858685201661279,0.43,0.0,0.0,0.0,0.0,0.6865534187155424,0.27906976744186046,0.24806201550387597
0.21052971607253376,0.65,0.0,0.0,0.0,0.0,0.8328612632894403,0.27692307692307694,0.020512820512820513
0.1275170031578566,0.03666666666666667,0.0,0.0,0.0,0.0,0.9474427588512933,0.2727272727272727,0.0
0.2659297067284091,0.6666666666666666,0.0,0.0,0.0,0.0,0.8392970672840908,0.72,0.1
0.20834382745249413,0.55,0.0,0.0,0.0,0.0,0.8099534260400925,0.34545454545454546,0.10303030303030303
0.1788720478252025,0.5233333333333333,0.0,0.0,0.0,0.0,0.8508542362138082,0.15286624203821658,0.0
0.18289215851749993,0.23666666666666666,0.0,0.0,0.0,0.0,0.8682877823580979,0.5492957746478874,0.056338028169014086
0.23857914639891534,0.8566666666666667,0.0,0.0,0.0,0.0,0.8167447713821494,0.25680933852140075,0.027237354085603113
0.2084673345068081,0.32,0.0,0.0,0.0,0.3333333333333333,0.9275900117347478,0.3125,0.03125
0.22157493784032395,0.18666666666666668,0.0,0.0,0.0,0.0,0.7750350926889539,0.9642857142857144,0.19642857142857142
0.22845695777593134,0.6433333333333333,0.0,0.02590673575129534,0.0,0.0,0.6744918575520595,0.27979274611398963,0.32642487046632124
0.186253413673009,0.36333333333333334,0.0,0.0,0.0,0.0,0.7762497330603652,0.3577981651376147,0.1834862385321101
0.3269530020113168,0.45666666666666667,0.0,0.0,1.0,0.0,0.8801504580693719,0.19708029197080293,0.0072992700729927005
0.1716185049737247,0.2866666666666667,0.0,0.05813953488372093,0.0,0.0,0.919905979969805,0.27906976744186046,0.0
0.1823503885177871,0.09666666666666666,0.0,0.1724137931034483,0.0,0.0,0.9716073334537331,0.41379310344827586,0.034482758620689655
0.15710172792544852,0.31666666666666665,0.0,0.0,0.0,0.0,0.8749646476755378,0.15789473684210525,0.06315789473684211
0.21358276099508758,0.4766666666666667,0.0,0.0,0.0,0.0,0.8404080295312957,0.4825174825174825,0.0979020979020979
0.26924083344623034,0.8833333333333333,0.0,0.056603773584905655,0.0,0.0,0.8296724854056996,0.3735849056603774,0.07924528301886792
0.1614153194937347,0.25666666666666665,0.0,0.0,0.0,0.0,0.8655168313009831,0.3116883116883117,0.05194805194805195
0.1957816777276851,0.38666666666666666,0.0,0.0,0.0,0.0,0.8950581565871955,0.4655172413793104,0.017241379310344827
0.16336685073743698,0.21666666666666667,0.0,0.0,0.0,0.0,0.8932838919897542,0.4153846153846154,0.0
0.26359431500284836,1.0,0.0,0.011547344110854504,0.0,0.0,0.7583449976035413,0.32563510392609696,0.03464203233256351
0.2091955668324077,0.07333333333333333,0.0,0.0,0.5,0.0,0.9592283955968041,0.2727272727272727,0.0
0.13534567814422005,0.19333333333333333,0.0,0.0,0.0,0.0,0.8910429883387523,0.15517241379310345,0.017241379310344827
0.2688816095251948,0.8633333333333333,0.0,0.0,0.0,0.3333333333333333,0.7786294800653335,0.2548262548262548,0.02702702702702703
0.14883657136151002,0.20666666666666667,0.0,0.0,0.0,0.0,0.8719141007118745,0.14516129032258063,0.16129032258064516
0.14262590566908745,0.19333333333333333,0.0,0.0,0.0,0.0,0.9293625049667363,0.20689655172413793,0.0
0.21946900272212952,0.59,0.0,0.0,0.0,0.0,0.8690120611196003,0.4067796610169492,0.03389830508474576
0.18453736184672997,0.5633333333333334,0.0,0.0,0.0,0.0,0.7045156303016191,0.21301775147928995,0.08284023668639054
0.17938632257835574,0.05,0.0,0.0,0.0,0.0,0.9188632257835573,0.8,0.0
0.1605419944140581,0.10333333333333333,0.0,0.0,0.0,0.0,0.8697747828502581,0.5806451612903225,0.0
0.20100997229206455,0.66,0.0,0.0,0.0,0.0,0.8382815411024636,0.18181818181818182,0.0
0.19863803665569707,0.5,0.0,0.03333333333333333,0.0,0.0,0.8863803665569706,0.30000000000000004,0.0
0.1290439256771595,0.14666666666666667,0.0,0.0,0.0,0.0,0.888621074953413,0.13636363636363635,0.045454545454545456
0.3767192734014681,0.8866666666666667,0.0,0.0,0.5,0.3333333333333333,0.8801751901550317,0.47368421052631576,0.0
0.16866463287417735,0.37,0.0,0.0,0.0,0.0,0.816331013426458,0.2972972972972973,0.018018018018018018
0.14274518795708666,0.11,0.0,0.0,0.0,0.0,0.9594215765405636,0.2727272727272727,0.030303030303030304
0.14531090342822392,0.17333333333333334,0.0,0.0,0.0,0.0,0.9046474958207007,0.2884615384615385,0.0
0.19282169131781374,0.36,0.0,0.0,0.0,0.0,0.915994690955915,0.4722222222222222,0.0
0.275310732746399,0.93,0.0,0.12544802867383514,0.0,0.0,0.7685015926969645,0.3010752688172043,0.1003584229390681
0.1764415897878567,0.18,0.0,0.0,0.0,0.0,0.883304786767456,0.611111111111111,0.0
0.21611146717702379,0.7266666666666667,0.0,0.022935779816513763,0.0,0.0,0.8532247635133574,0.17889908256880735,0.0045871559633027525
0.17207236933871586,0.30666666666666664,0.0,0.0,0.0,0.0,0.8585497803436801,0.3586956521739131,0.043478260869565216
0.17184506042500214,0.19666666666666666,0.0,0.0,0.0,0.0,0.9149760279788348,0.4067796610169492,0.1016949152542373
0.207052120471494,0.6033333333333334,0.0,0.0,0.0,0.0,0.8285046301293043,0.3149171270718232,0.022099447513812154
0.27176123609610864,1.0,0.0,0.01059322033898305,0.0,0.0,0.8034174457068493,0.3241525423728814,0.07415254237288135
0.2867816461539994,1.0,0.0,0.011135857461024499,0.0,0.3333333333333333,0.7115432618369504,0.17706013363028952,0.1291759465478842
0.145470328123811,0.2,0.0,0.0,0.0,0.0,0.9047032812381101,0.25,0.0
0.2148770678458054,0.43,0.0,0.0,0.0,0.3333333333333333,0.8448559497758832,0.27906976744186046,0.046511627906976744
0.2448921874568731,0.6266666666666667,0.0,0.0,0.0,0.3333333333333333,0.8404821582566744,0.2872340425531915,0.047872340425531915
0.2547847765444189,0.25333333333333335,0.0,0.06578947368421052,0.5,0.0,0.8849530286020837,0.4342105263157895,0.0
0.22418415107091919,0.12,0.0,0.0,0.0,0.3333333333333333,0.9785081773758584,0.75,0.0
0.23233054827003796,1.0,0.0,0.0,0.0,0.0,0.564364137922125,0.22317596566523606,0.0357653791130186
0.24940482297236463,0.23333333333333334,0.0,0.07142857142857142,0.5,0.0,0.9154768011522177,0.34285714285714286,0.02857142857142857
0.2181938058369445,0.7533333333333333,0.0,0.0,0.0,0.0,0.7776017751836046,0.23893805309734512,0.035398230088495575
0.2871906403285776,1.0,0.0,0.022988505747126436,0.0,0.0,0.6132857136306036,0.3931034482758621,0.3310344827586207
0.18619195988801177,0.5966666666666667,0.0,0.0,0.0,0.0,0.8160816100533022,0.1005586592178771,0.05027932960893855
0.20362118329925016,0.56,0.0,0.0,0.0,0.0,0.8390689758496446,0.25,0.10714285714285714
0.1608617691956696,0.13,0.0,0.0,0.0,0.0,0.849515127854132,0.3076923076923077,0.2564102564102564
0.2666650452505052,0.07,0.0,0.23809523809523808,0.5,0.0,0.9783171191717186,0.42857142857142855,0.047619047619047616
0.1602992114996443,0.26666666666666666,0.0,0.0,0.0,0.0,0.890492114996443,0.26249999999999996,0.05
0.23729993024995333,0.77,0.0,0.0,0.0,0.0,0.8283889128891437,0.3116883116883117,0.07792207792207792
0.2435447483724534,0.7566666666666667,0.0,0.0,0.0,0.0,0.8114606995835649,0.40969162995594716,0.07929515418502203
0.17551212904267002,0.32,0.0,0.0,0.0,0.0,0.8688712904267002,0.375,0.03125
0.14577664923855638,0.17,0.0,0.0,0.0,0.0,0.9282566884639951,0.23529411764705882,0.0392156862745098
0.17572483468024458,0.3566666666666667,0.0,0.04672897196261682,0.0,0.0,0.8998184402603897,0.16822429906542055,0.08411214953271028
0.135,0.03333333333333333,0.0,0.0,0.0,0.0,1.0,0.30000000000000004,0.0
0.21314623602382352,0.44,0.0,0.0,0.0,0.3333333333333333,0.8729775117533868,0.25,0.015151515151515152
0.30078857215032784,1.0,0.0,0.07575757575757576,0.0,0.0,0.7487948124123697,0.5181818181818182,0.12727272727272726
0.27786923547394143,1.0,0.0,0.0,0.0,0.3333333333333333,0.7434359444830043,0.16346153846153846,0.038461538461538464
0.14169330891087836,0.06333333333333334,0.0,0.0,0.0,0.0,0.9008804575298361,0.3157894736842105,0.10526315789473684
0.3434727649660211,1.0,0.0,0.011933174224343677,0.5,0.0,0.8016727570587787,0.35799522673031026,0.007159904534606206
0.23823754803943764,0.30666666666666664,0.0,0.0,0.0,0.3333333333333333,0.8281725818436516,0.5543478260869565,0.20652173913043478
0.20500679214428963,0.47333333333333333,0.0,0.0,0.0,0.0,0.8330256679217694,0.5070422535211268,0.0
0.21908488668244247,0.43333333333333335,0.0,0.038461538461538464,0.0,0.0,0.7831565591321171,0.5076923076923077,0.19230769230769232
0.20578956847659557,0.6533333333333333,0.0,0.0,0.0,0.0,0.8227936439496293,0.24489795918367346,0.01020408163265306
0.2961622321805423,1.0,0.0,0.010351966873706004,0.0,0.0,0.7918500650766441,0.6149068322981366,0.039337474120082816
0.23046257120465985,0.7466666666666667,0.0,0.0,0.0,0.0,0.8364114263323127,0.3214285714285714,0.026785714285714284
0.27580610659352345,0.9533333333333334,0.0,0.0,0.0,0.3333333333333333,0.7884340263081948,0.1993006993006993,0.006993006993006993
0.21203448940171482,0.5566666666666666,0.0,0.0,0.0,0.0,0.8721712413225378,0.39520958083832336,0.017964071856287425
0.14497824181936847,0.18666666666666668,0.0,0.0,0.0,0.0,0.8662109896222562,0.1607142857142857,0.14285714285714285
0.14321957950392575,0.14666666666666667,0.0,0.0,0.0,0.0,0.9167412495847119,0.20454545454545453,0.09090909090909091
0.3012943117784928,0.5766666666666667,0.0,0.028901734104046242,0.5,0.3333333333333333,0.8420664318504384,0.17341040462427745,0.005780346820809248
0.11105134195787356,0.13666666666666666,0.0,0.0,0.0,0.0,0.9055134195787357,0.0,0.0
0.1275,0.05,0.0,0.0,0.0,0.0,0.9999999999999998,0.2,0.0
0.16598561036341797,0.30333333333333334,0.0,0.0,0.0,0.0,0.8751857739638499,0.23076923076923078,0.0989010989010989
0.21855991469428993,0.4266666666666667,0.0,0.1171875,0.0,0.0,0.6666928969428992,0.3515625,0.3515625
0.2010539702549405,0.5833333333333334,0.0,0.0,0.0,0.0,0.8098254168351191,0.32571428571428573,0.0
0.19026809703788686,0.4033333333333333,0.0,0.0,0.0,0.0,0.8761933670730836,0.371900826446281,0.049586776859504134
0.17120239509315763,0.3433333333333333,0.0,0.0,0.0,0.0,0.8669268635529356,0.3203883495145631,0.009708737864077669
0.2739573948361117,1.0,0.0,0.0,0.0,0.0,0.7716727137932161,0.4185185185185185,0.04938271604938271
0.2931151335351863,1.0,0.0,0.022988505747126436,0.0,0.0,0.7150593813288747,0.5689655172413792,0.11264367816091954
0.2242352267834296,0.68,0.0,0.0,0.0,0.0,0.8105875619519427,0.411764705882353,0.0
0.18385490591357087,0.26,0.0,0.0,0.0,0.0,0.7818823924690422,0.4230769230769231,0.24358974358974358
0.27199985843828295,0.9,0.0,0.0,0.0,0.0,0.8403689547531993,0.4444444444444444,0.08518518518518518
0.14684137298968863,0.16333333333333333,0.0,0.0,0.0,0.0,0.9172912809172944,0.30612244897959184,0.0
0.22930409230769055,0.71,0.0,0.0,0.0,0.0,0.810200547490051,0.3380281690140845,0.07981220657276995
0.19834439232401302,0.25333333333333335,0.0,0.0,0.0,0.0,0.6166018179769723,0.7894736842105263,0.19736842105263158
0.2510789285845049,1.0,0.0,0.0,0.0,0.0,0.7443800194357827,0.2548262548262548,0.011583011583011582
0.1640066916290523,0.19333333333333333,0.0,0.0,0.0,0.0,0.9190324335319022,0.3620689655172414,0.06896551724137931
0.15793324559715852,0.36,0.0,0.0,0.0,0.0,0.9004435670826966,0.1111111111111111,0.027777777777777776
0.21877910236323134,0.6,0.0,0.02777777777777778,0.0,0.0,0.8683465791878685,0.31666666666666665,0.06111111111111111
0.2818938022211915,1.0,0.0,0.0,0.0,0.3333333333333333,0.7835428332084783,0.16082474226804122,0.041237113402061855
0.22527592334707244,0.73,0.0,0.0,0.0,0.0,0.8244259001373908,0.3150684931506849,0.0182648401826484
0.1609300639552541,0.43333333333333335,0.0,0.0,0.0,0.0,0.8669929472448487,0.09230769230769231,0.0
0.199536030615428,0.30666666666666664,0.0,0.0,0.0,0.3333333333333333,0.7998530597774681,0.2608695652173913,0.14130434782608695
0.25713640498631346,1.0,0.0,0.011876484560570073,0.0,0.0,0.8373973040199039,0.2066508313539192,0.009501187648456057
0.1614219921852464,0.21333333333333335,0.0,0.0,0.0,0.0,0.8723449218524638,0.421875,0.0
0.23489323439126963,0.18,0.0,0.18518518518518517,0.0,0.0,0.8567101216904742,0.9444444444444444,0.0
0.17746383020282142,0.27,0.0,0.0,0.0,0.0,0.9128481785714238,0.4444444444444444,0.012345679012345678
0.3304282262263338,1.0,0.0,0.004945598417408506,0.5,0.0,0.7669429942119037,0.255192878338279,0.024727992087042534
0.2927254916368695,1.0,0.0,0.0,0.0,0.0,0.8345497491954426,0.5927051671732523,0.0
0.28520856737152384,1.0,0.0,0.0,0.0,0.3333333333333333,0.7761487900860472,0.23668639053254437,0.005917159763313609
0.13813862707256394,0.22333333333333333,0.0,0.0,0.0,0.0,0.8822071662480273,0.13432835820895522,0.029850746268656716
0.17891277547631265,0.39666666666666667,0.0,0.08403361344537814,0.0,0.0,0.8411865782925384,0.22689075630252098,0.0
0.2565176381013988,0.84,0.0,0.0,0.0,0.0,0.81708114291875,0.47619047619047616,0.011904761904761904
0.17115505939700557,0.26,0.0,0.1282051282051282,0.0,0.0,0.8984736708931326,0.23076923076923078,0.0
0.312898230134281,1.0,0.0,0.017921146953405017,0.0,0.3333333333333333,0.7938568533141361,0.39247311827956993,0.08243727598566308
0.2258980222085033,0.5833333333333334,0.0,0.0,0.0,0.0,0.8696945077993186,0.5142857142857142,0.0
0.133371278669687,0.13333333333333333,0.0,0.0,0.0,0.0,0.88371278669687,0.15000000000000002,0.1
0.26885294163144735,0.8833333333333333,0.0,0.0,0.0,0.0,0.8050388502767376,0.4867924528301887,0.07169811320754717
0.2535135421426775,0.77,0.0,0.021645021645021644,0.0,0.0,0.8281873694787231,0.4545454545454546,0.06493506493506493
0.22401421902671362,0.7766666666666666,0.0,0.0,0.0,0.0,0.8176314606534025,0.23175965665236054,0.02575107296137339
0.1672346144208289,0.06666666666666667,0.0,0.0,0.0,0.0,0.7223461442082889,0.44999999999999996,0.4
0.23090013255983752,0.8833333333333333,0.0,0.0,0.0,0.0,0.8028692501266773,0.12452830188679245,0.05660377358490566
0.19057468904340735,0.25333333333333335,0.0,0.0,0.0,0.0,0.9336416272761787,0.5921052631578947,0.0
0.29944302433651643,1.0,0.0,0.016611295681063124,0.0,0.3333333333333333,0.8305321259786754,0.27906976744186046,0.026578073089700997
0.2015,0.01,0.0,0.0,0.0,0.0,1.0,1.0,0.0
0.11849298031950281,0.12666666666666668,0.0,0.0,0.0,0.0,0.9159824347739755,0.07894736842105263,0.0
0.1698003008544291,0.31666666666666665,0.0,0.0,0.0,0.0,0.823003008544291,0.25263157894736843,0.14736842105263157
0.11840559770744193,0.12,0.0,0.0,0.0,0.0,0.9207226437410859,0.08333333333333333,0.0
0.1537437602753786,0.11333333333333333,0.0,0.0,0.0,0.0,0.9262611321655504,0.3529411764705882,0.08823529411764706
0.1673165433819421,0.39,0.0,0.0,0.0,0.0,0.8488491945031815,0.20512820512820515,0.03418803418803419
0.13686170852029372,0.14,0.0,0.0,0.0,0.0,0.9205218471076991,0.21428571428571427,0.023809523809523808
0.18989968719264627,0.09333333333333334,0.0,0.17857142857142855,0.0,0.0,0.955425443355034,0.5357142857142857,0.0
0.1488329665995668,0.23666666666666666,0.0,0.0,0.0,0.0,0.8657240321928512,0.2112676056338028,0.056338028169014086
0.14998415909588825,0.25666666666666665,0.0,0.0,0.0,0.0,0.8940623701796615,0.1948051948051948,0.025974025974025976
0.20433884763578458,0.5433333333333333,0.0,0.0,0.0,0.0,0.85415534752349,0.36809815950920244,0.006134969325153374
0.18917198963093135,0.30666666666666664,0.0,0.0,0.0,0.0,0.73606772239627,0.3913043478260869,0.30434782608695654
0.15539484573479398,0.14666666666666667,0.0,0.0,0.0,0.0,0.902130275529758,0.3409090909090909,0.09090909090909091
0.14897078636971878,0.17,0.0,0.0,0.0,0.0,0.8033353146775801,0.23529411764705882,0.19607843137254902
0.14509274032174393,0.2,0.0,0.0,0.0,0.0,0.8842607365507724,0.25,0.016666666666666666
0.1409256416337507,0.12666666666666668,0.0,0.0,0.0,0.0,0.9560985216006649,0.23684210526315788,0.02631578947368421
0.11735464747815719,0.11,0.0,0.0,0.0,0.0,0.8873343535694506,0.0,0.12121212121212122
0.1327727272727273,0.03666666666666667,0.0,0.0,0.0,0.0,1.0,0.2727272727272727,0.0
0.14678007514697886,0.19666666666666666,0.0,0.0,0.0,0.0,0.9185634633341953,0.2033898305084746,0.05084745762711865
0.1630994924641564,0.11666666666666667,0.0,0.0,0.0,0.3333333333333333,0.951233019879659,0.17142857142857143,0.0
0.15493478251632234,0.30333333333333334,0.0,0.0,0.0,0.0,0.8855566163720145,0.19780219780219782,0.01098901098901099
0.18051749529204508,0.6033333333333334,0.0,0.0,0.0,0.0,0.8007274391082958,0.08287292817679558,0.016574585635359115
0.26682619061759966,1.0,0.0,0.0,0.0,0.0,0.8044226204617108,0.36160714285714285,0.002232142857142857
0.2752626405427248,1.0,0.0,0.0,0.0,0.3333333333333333,0.7116007644016075,0.16923076923076924,0.038461538461538464
0.2570558146683738,1.0,0.0,0.0,0.0,0.0,0.7792416200730937,0.2857142857142857,0.0056022408963585435
0.16749770431216932,0.09,0.0,0.0,0.0,0.0,0.9844214875661376,0.5555555555555556,0.0
0.2388599746540871,0.7933333333333333,0.0,0.0,0.0,0.0,0.7574232759526354,0.2647058823529412,0.17647058823529413
0.28227181745000907,0.9966666666666667,0.0,0.0,0.0,0.0,0.6186880741656426,0.3511705685618729,0.35785953177257523
0.21579213029338307,0.5666666666666667,0.0,0.0,0.0,0.0,0.8196860088161835,0.4764705882352941,0.011764705882352941
0.18273780109792337,0.36333333333333334,0.0,0.0,0.0,0.0,0.7502679192361144,0.30275229357798167,0.22935779816513763
0.24746070918017268,0.22,0.0,0.0,0.5,0.0,0.9097586069532421,0.4545454545454546,0.030303030303030304
0.34137117362035757,1.0,0.0,0.0,0.0,0.6666666666666666,0.7956734984645898,0.34413965087281795,0.10723192019950124
0.30253014058842786,1.0,0.0,0.0,0.0,0.6666666666666666,0.7176655762220171,0.11233480176211454,0.028634361233480177
0.37510826023125354,1.0,0.0,0.0641025641025641,0.5,0.0,0.8228774741074072,0.5,0.08205128205128205
0.19011695504350148,0.48333333333333334,0.0,0.0,0.0,0.0,0.85892817112467,0.2896551724137931,0.027586206896551724
0.2504758311274855,1.0,0.0,0.005165289256198347,0.0,0.0,0.695357484828574,0.23863636363636365,0.06301652892561983
0.2747018108837171,1.0,0.0,0.0,0.0,0.0,0.805757363851498,0.3954154727793696,0.045845272206303724
0.2845355902939092,1.0,0.0,0.0,0.0,0.0,0.7281145236287472,0.5172413793103449,0.1
0.16171779838675346,0.11666666666666667,0.0,0.14285714285714285,0.0,0.0,0.9136065552961059,0.2571428571428571,0.05714285714285714
0.19057985290235951,0.5766666666666667,0.0,0.0,0.0,0.0,0.8211453498328438,0.20809248554913293,0.011560693641618497
0.16835274489649793,0.3,0.0,0.0,0.0,0.0,0.8557496711872016,0.26666666666666666,0.1111111111111111
0.22873599899115615,0.8333333333333334,0.0,0.02,0.0,0.0,0.8313599899115613,0.156,0.02
0.19729830632148382,0.47333333333333333,0.0,0.0,0.0,0.0,0.8756591195528662,0.38028169014084506,0.007042253521126761
0.2554091145236326,1.0,0.0,0.0,0.0,0.0,0.810670092604747,0.22697368421052633,0.01644736842105263
0.12866767556414543,0.21,0.0,0.0,0.0,0.0,0.8764386604033589,0.09523809523809523,0.0
0.271522647374721,1.0,0.0,0.014492753623188406,0.0,0.0,0.7616032853414129,0.33043478260869563,0.10144927536231885
0.17588666432601158,0.21666666666666667,0.0,0.07692307692307693,0.0,0.0,0.8569435663370385,0.27692307692307694,0.18461538461538463
0.2015241395365098,0.35333333333333333,0.0,0.04716981132075471,0.0,0.3333333333333333,0.8736061752393118,0.169811320754717,0.03773584905660377
0.12084073990415364,0.03666666666666667,0.0,0.0,0.0,0.0,0.7897710354051727,0.0,0.36363636363636365
0.18711904025401768,0.37333333333333335,0.0,0.0,0.0,0.0,0.9183332596830338,0.375,0.017857142857142856
0.24486718430647456,0.9833333333333333,0.0,0.0,0.0,0.0,0.7906209956071182,0.15254237288135594,0.030508474576271188
0.208391872945484,0.58,0.0,0.0,0.0,0.0,0.8346083846272536,0.3448275862068966,0.034482758620689655
0.14521579484783062,0.13666666666666666,0.0,0.0,0.0,0.0,0.9544750216490379,0.29268292682926833,0.0
0.2971817096052443,0.9433333333333334,0.0,0.0,0.0,0.3333333333333333,0.8171233386908412,0.36042402826855124,0.045936395759717315
0.17157325916265664,0.043333333333333335,0.0,0.0,0.0,0.0,0.9584248993188739,0.6923076923076923,0.0
0.26388688464348264,1.0,0.0,0.0,0.0,0.0,0.836166143732124,0.28378378378378377,0.01891891891891892
0.13213103527203418,0.24,0.0,0.0,0.0,0.0,0.6140881304981197,0.08333333333333333,0.2638888888888889
0.3428514515949454,0.6766666666666666,0.0,0.0,0.5,0.3333333333333333,0.8523486703008498,0.4433497536945813,0.034482758620689655
0.15455381355054282,0.21,0.0,0.0,0.0,0.0,0.9289508339181266,0.2857142857142857,0.015873015873015872
0.1531102471918751,0.13,0.0,0.0,0.0,0.0,0.9514870873033663,0.3846153846153846,0.0
0.16586206529539196,0.09,0.0,0.0,0.0,0.0,0.8939910233242899,0.4444444444444444,0.18518518518518517
0.14530245438227235,0.13333333333333333,0.0,0.0,0.0,0.0,0.9530245438227233,0.30000000000000004,0.0
0.18936850830246876,0.27,0.0,0.0,0.0,0.0,0.9084381694444408,0.5555555555555556,0.024691358024691357
0.17649799693895774,0.34,0.0,0.0,0.0,0.0,0.8824309497817344,0.3529411764705882,0.0196078431372549
0.2651166055072241,1.0,0.0,0.05555555555555556,0.0,0.0,0.8067216106277966,0.23333333333333334,0.027777777777777776
0.32525592233025236,1.0,0.0,0.009861932938856016,0.0,0.6666666666666666,0.7791864422374342,0.21893491124260356,0.07297830374753451
0.3536140062910873,0.7966666666666666,0.0,0.0,0.5,0.3333333333333333,0.8101079848076649,0.40167364016736395,0.04602510460251046
0.1417214962690702,0.2733333333333333,0.0,0.0,0.0,0.0,0.8608734992760679,0.14634146341463417,0.0
0.3101769111822557,1.0,0.0,0.010660980810234541,0.0,0.3333333333333333,0.779096759299458,0.371002132196162,0.1023454157782516
0.21934635911343686,0.32,0.0,0.05208333333333333,0.0,0.0,0.9165885911343686,0.71875,0.0
0.28252148787833953,1.0,0.0,0.0,0.0,0.0,0.777022107699058,0.3704819277108434,0.17771084337349397
0.21295448357085528,0.29333333333333333,0.0,0.0,0.0,0.0,0.9395448357085527,0.75,0.0
0.23715766644052824,0.31,0.0,0.0,0.0,0.0,0.7022755891364653,0.8387096774193548,0.3655913978494624
0.20329568669528714,0.5566666666666666,0.0,0.0,0.0,0.0,0.838675429827123,0.3592814371257485,0.0
0.16672563912890648,0.25333333333333335,0.0,0.0,0.0,0.0,0.8793616544469595,0.35526315789473684,0.05263157894736842
0.16609853249417253,0.26666666666666666,0.0,0.0,0.0,0.0,0.8484853249417252,0.3375,0.075
0.22146029148138166,0.7433333333333333,0.0,0.0,0.0,0.0,0.8798719731097807,0.20179372197309417,0.017937219730941704
0.2861237542625639,1.0,0.0,0.0,0.0,0.3333333333333333,0.7986683288936347,0.20930232558139533,0.019933554817275746
0.1780494383144589,0.20666666666666667,0.0,0.0,0.0,0.0,0.9221072863703955,0.532258064516129,0.016129032258064516
0.26438750867805094,1.0,0.0,0.0,0.0,0.0,0.8180911146550738,0.2979094076655052,0.027874564459930314
0.16369467374840457,0.36666666666666664,0.0,0.0,0.0,0.0,0.8414921920295005,0.21818181818181817,0.02727272727272727
0.16637360060798198,0.3,0.0,0.05555555555555556,0.0,0.0,0.8970693394131531,0.2,0.03333333333333333
0.15177968362822436,0.15,0.0,0.0,0.0,0.0,0.9372412807266882,0.3333333333333333,0.022222222222222223
0.26025303532691973,1.0,0.0,0.0,0.0,0.0,0.7789531174968394,0.3121951219512195,0.011382113821138212
0.17514933218992804,0.09666666666666666,0.0,0.0,0.0,0.0,0.9858036667268665,0.6206896551724138,0.0
0.24466398780731957,1.0,0.0,0.05649717514124294,0.0,0.0,0.8053969402200882,0.03389830508474576,0.022598870056497175
0.13287163647530068,0.10333333333333333,0.0,0.0,0.0,0.0,0.9479099131401035,0.0967741935483871,0.12903225806451613
0.14925142594732738,0.16666666666666666,0.0,0.0,0.0,0.0,0.9025142594732737,0.30000000000000004,0.04
0.1944280720389712,0.22333333333333333,0.0,0.0,0.0,0.0,0.8779374368076223,0.6268656716417911,0.1044776119402985
0.2717096526399941,0.8166666666666667,0.0,0.0,0.0,0.0,0.8431169345632062,0.5877551020408163,0.061224489795918366
0.26323739813813474,0.48333333333333334,0.0,0.034482758620689655,0.5,0.0,0.6504774296572094,0.08275862068965517,0.3724137931034483
0.26228765475700183,0.99,0.0,0.0,0.0,0.0,0.8180112277046987,0.30303030303030304,0.016835016835016835
0.22759581965068362,0.6666666666666666,0.0,0.0,0.0,0.0,0.8409581965068362,0.39,0.045
0.16902088783348573,0.19333333333333333,0.0,0.0,0.0,0.3333333333333333,0.9117031312084204,0.15517241379310345,0.0
0.1552024129826577,0.24,0.0,0.0,0.0,0.0,0.90035746315991,0.2916666666666667,0.0
0.24250766713201072,0.6133333333333333,0.0,0.0,0.0,0.0,0.7224679756679336,0.47282608695652173,0.30978260869565216
0.13754055361765793,0.15666666666666668,0.0,0.0,0.0,0.0,0.8850863872404091,0.2553191489361702,0.0
0.21402012743991816,0.44333333333333336,0.0,0.0,0.0,0.3333333333333333,0.8711912493365247,0.24812030075187969,0.022556390977443608
0.14846614964418503,0.24,0.0,0.0,0.0,0.0,0.8885503853307392,0.20833333333333334,0.027777777777777776
0.21054636873337634,0.6166666666666667,0.0,0.02702702702702703,0.0,0.0,0.8318150386851145,0.3081081081081081,0.0
0.17384771013643163,0.30666666666666664,0.0,0.0,0.0,0.0,0.8763031883208383,0.3913043478260869,0.010869565217391304
0.2243512291543925,0.23666666666666666,0.0,0.0,0.0,0.3333333333333333,0.8932071272246764,0.5915492957746479,0.07042253521126761
0.2881794620403073,0.91,0.0,0.0,0.0,0.3333333333333333,0.8134979171063701,0.3076923076923077,0.06227106227106227
0.14774657757345133,0.2733333333333333,0.0,0.0,0.0,0.0,0.9211243123198789,0.14634146341463417,0.0
0.1830468068491884,0.36,0.0,0.0,0.0,0.0,0.6978754758992913,0.3333333333333333,0.25925925925925924
0.18944506788353407,0.3433333333333333,0.0,0.0,0.0,0.0,0.8940137856314572,0.4368932038834951,0.04854368932038835
0.17113556553523337,0.41333333333333333,0.0,0.0,0.0,0.0,0.8574846876103979,0.217741935483871,0.016129032258064516
0.2845640480150688,0.9333333333333333,0.0,0.03571428571428571,0.0,0.0,0.834926194436402,0.5142857142857142,0.04285714285714286
0.4144483809171313,1.0,0.0,0.0,1.0,0.0,0.8375217838548575,0.2848101265822785,0.022151898734177215
0.2937677336937688,1.0,0.0,0.012406947890818858,0.0,0.0,0.8309775850766453,0.5732009925558312,0.01488833746898263
0.15188114275874273,0.23,0.0,0.0,0.0,0.0,0.8694636015004705,0.17391304347826086,0.13043478260869565
0.1465734677128908,0.25333333333333335,0.0,0.0,0.0,0.0,0.9278399402868027,0.15789473684210525,0.0
0.23683024269763145,0.51,0.0,0.032679738562091505,0.0,0.0,0.8614723616168373,0.5882352941176471,0.10457516339869281
0.18955264181004303,0.46,0.0,0.0,0.0,0.0,0.8866858383902854,0.28260869565217395,0.036231884057971016
0.2058681010385354,0.19,0.0,0.2631578947368421,0.0,0.0,0.9578915367011434,0.42105263157894735,0.0
0.18978395637004936,0.22666666666666666,0.0,0.0,0.0,0.0,0.8960748578181403,0.5294117647058824,0.1323529411764706
0.3927575930490697,1.0,0.0,0.0,0.5,0.3333333333333333,0.7395459239675402,0.4344422700587084,0.17025440313111545
0.26028251945215786,0.6,0.0,0.08333333333333333,0.0,0.0,0.8611585278549119,0.7,0.016666666666666666
0.27614760298055974,1.0,0.0,0.0,0.0,0.0,0.7885030568326246,0.47297297297297297,0.0
0.14909607800090147,0.19666666666666666,0.0,0.0,0.0,0.0,0.8908760342463027,0.3050847457627119,0.0
0.2836399360390442,1.0,0.0,0.036458333333333336,0.0,0.0,0.7681701937237755,0.5031249999999999,0.010416666666666666
0.3162508340073655,0.5733333333333334,0.0,0.05813953488372093,0.5,0.0,0.8548339214690038,0.5581395348837209,0.05232558139534884
0.1792424106538221,0.24,0.0,0.0,0.0,0.0,0.8907574398715542,0.5,0.041666666666666664
0.2427518184670167,0.8066666666666666,0.0,0.0,0.0,0.0,0.8084272755792583,0.371900826446281,0.0371900826446281
0.2917452954182535,1.0,0.0,0.0,0.0,0.0,0.8251910494206305,0.5803571428571429,0.011904761904761904
0.25229931731878075,0.63,0.0,0.0,0.0,0.3333333333333333,0.8372524324470667,0.3492063492063492,0.0582010582010582
0.16328656881882028,0.08666666666666667,0.0,0.19230769230769232,0.0,0.0,0.9836349189574335,0.23076923076923078,0.0
0.2020551134018146,0.62,0.0,0.0,0.0,0.0,0.848615650147178,0.16129032258064516,0.08064516129032258
0.14420898919536487,0.19,0.0,0.0,0.0,0.0,0.7535811200238243,0.21052631578947367,0.19298245614035087
0.18541150290502445,0.45666666666666667,0.0,0.0,0.0,0.0,0.8625456859845508,0.30656934306569344,0.0
0.1915704702899247,0.04,0.0,0.41666666666666663,0.0,0.0,0.8140380362325801,0.0,0.4166666666666667
0.1502439900262903,0.19,0.0,0.0,0.0,0.0,0.8665627072804465,0.3157894736842105,0.03508771929824561
0.17799415060924417,0.26,0.0,0.0641025641025641,0.0,0.0,0.9091722753232113,0.34615384615384615,0.038461538461538464
0.3207019626882599,0.6466666666666666,0.0,0.05154639175257732,0.5,0.0,0.8323804516248666,0.4948453608247423,0.08247422680412371
0.1934100635439664,0.5633333333333334,0.0,0.0,0.0,0.0,0.8228284460905514,0.23076923076923078,0.03550295857988166
0.23820034894401812,0.7666666666666667,0.0,0.0,0.0,0.0,0.8406991416140942,0.3913043478260869,0.0
0.4136376811987863,1.0,0.0,0.05405405405405406,1.0,0.0,0.7661065417175926,0.2554054054054054,0.033783783783783786
0.19387445770496542,0.39,0.0,0.1282051282051282,0.0,0.0,0.8537445770496543,0.28205128205128205,0.02564102564102564
0.17213392261821253,0.14,0.0,0.11904761904761904,0.0,0.0,0.8327677976106966,0.3571428571428571,0.14285714285714285
0.1472652916268981,0.18666666666666668,0.0,0.0,0.0,0.0,0.9069386305546953,0.21428571428571427,0.07142857142857142
0.1429818641969042,0.19333333333333333,0.0,0.0,0.0,0.0,0.8811979523138694,0.25862068965517243,0.0
0.27816898710910626,1.0,0.0,0.0,0.0,0.0,0.7845307801819721,0.45170454545454547,0.045454545454545456
0.15475278916584168,0.24333333333333335,0.0,0.0,0.0,0.0,0.8948566587817045,0.2876712328767123,0.0
0.42051008473287627,1.0,0.0,0.02493765586034913,1.0,0.0,0.821060947079386,0.29177057356608477,0.05486284289276808
0.1493240437348467,0.17,0.0,0.0,0.0,0.0,0.9049071040151336,0.29411764705882354,0.0392156862745098
0.23012400976203629,0.44666666666666666,0.0,0.11194029850746268,0.0,0.0,0.7319863662770794,0.582089552238806,0.14925373134328357
0.2710321246266037,1.0,0.0,0.03863987635239567,0.0,0.0,0.7783274286462538,0.37094281298299847,0.0030911901081916537
0.258083331330811,1.0,0.0,0.0,0.0,0.0,0.6021447887179462,0.1377049180327869,0.34098360655737703
0.27701733320749045,0.7333333333333333,0.0,0.022727272727272728,0.0,0.0,0.5224460593476319,0.5590909090909091,0.5545454545454546
0.1635632493317904,0.17333333333333334,0.0,0.09615384615384616,0.0,0.0,0.6929401856255963,0.2884615384615385,0.25
0.15837161016716272,0.21,0.0,0.0,0.0,0.0,0.887763720719246,0.3333333333333333,0.047619047619047616
0.16518447799107538,0.09666666666666666,0.0,0.1724137931034483,0.0,0.0,0.9033965040486848,0.3103448275862069,0.034482758620689655
0.14816936330695651,0.21666666666666667,0.0,0.0,0.0,0.0,0.9105397869157189,0.18461538461538463,0.06153846153846154
0.27033796070078536,1.0,0.0,0.0,0.0,0.0,0.744377071082241,0.44378698224852076,0.015215553677092139
0.17090532061424268,0.26,0.0,0.0,0.0,0.0,0.8831557702449908,0.3076923076923077,0.1282051282051282
0.16160509205983833,0.3,0.0,0.0,0.0,0.0,0.7771620317094946,0.13333333333333333,0.25555555555555554
0.2601549991802642,0.82,0.0,0.0,0.0,0.0,0.7983792600953248,0.5609756097560975,0.012195121951219513
0.2755505799267685,0.8233333333333334,0.0,0.0,0.0,0.3333333333333333,0.8025570813189676,0.340080971659919,0.044534412955465584
0.15078112911532054,0.14666666666666667,0.0,0.0,0.0,0.0,0.9469022002441145,0.3409090909090909,0.0
0.2776256719215984,0.4766666666666667,0.0,0.0,0.5,0.0,0.8986693066285719,0.3986013986013986,0.013986013986013986
0.2724757024660006,1.0,0.0,0.0,0.0,0.0,0.7738286426971412,0.35013262599469497,0.10079575596816977
0.1729341586537017,0.27,0.0,0.0,0.0,0.0,0.8305144260431899,0.4444444444444444,0.04938271604938271
0.26419021993847913,1.0,0.0,0.0,0.0,0.0,0.8003788578614501,0.2727272727272727,0.0687960687960688
0.14599341976699723,0.13666666666666666,0.0,0.0,0.0,0.0,0.8890805391333868,0.36585365853658536,0.0
0.24448457492015474,0.5266666666666666,0.0,0.0,0.0,0.3333333333333333,0.8658162133365687,0.39873417721518983,0.056962025316455694
0.2749746009708386,0.9166666666666666,0.0,0.1090909090909091,0.0,0.0,0.5820187369811132,0.24,0.3890909090909091
0.2215291883144341,0.4,0.0,0.0,0.0,0.0,0.8402918831443411,0.5499999999999999,0.225
0.13254159166645815,0.15333333333333332,0.0,0.0,0.0,0.0,0.8345463514471902,0.06521739130434782,0.1956521739130435
0.17394860655436073,0.31333333333333335,0.0,0.10638297872340426,0.0,0.0,0.8652307463946711,0.19148936170212766,0.05319148936170213
0.14628745336143315,0.22333333333333333,0.0,0.0,0.0,0.0,0.903993936599406,0.22388059701492535,0.0
0.24505677537875503,0.7133333333333334,0.0,0.0,0.0,0.0,0.8198200902361483,0.46261682242990654,0.09813084112149532
0.18385193614786227,0.23666666666666666,0.0,0.0,0.0,0.3333333333333333,0.8966649013847261,0.2535211267605634,0.0
0.26826458560213945,1.0,0.0,0.0,0.0,0.0,0.6941970111369065,0.31683168316831684,0.1716171617161716
0.18993176954614144,0.13333333333333333,0.0,0.25,0.0,0.0,0.8743176954614147,0.44999999999999996,0.0
0.2538876411510467,0.99,0.0,0.0,0.0,0.0,0.8316541892882441,0.2121212121212121,0.010101010101010102
0.2260131597262973,0.7933333333333333,0.0,0.0,0.0,0.0,0.8516442023049898,0.20168067226890757,0.01680672268907563
0.14455391698487663,0.23666666666666666,0.0,0.0,0.0,0.0,0.9215250853417241,0.16901408450704225,0.0
0.20177914389416685,0.5333333333333333,0.0,0.03125,0.0,0.0,0.7771664389416686,0.1875,0.20625
0.2744967352841964,1.0,0.0,0.0,0.0,0.3333333333333333,0.7856497675401269,0.12598425196850394,0.0
0.2874968576524831,1.0,0.0,0.014044943820224719,0.0,0.0,0.8061483518057305,0.5056179775280899,0.042134831460674156
0.13565726443407036,0.16666666666666666,0.0,0.0,0.0,0.0,0.9065726443407037,0.18,0.02
0.18372074737408142,0.43333333333333335,0.0,0.0,0.0,0.0,0.8564382429715833,0.3230769230769231,0.007692307692307693
0.1968918528768512,0.22333333333333333,0.0,0.07462686567164178,0.0,0.0,0.8951125586192581,0.6268656716417911,0.0
0.17822429113970845,0.49,0.0,0.0,0.0,0.0,0.775134067859669,0.24489795918367346,0.027210884353741496
0.2894395150283387,1.0,0.0,0.0,0.0,0.3333333333333333,0.7848187230274016,0.2569060773480663,0.019337016574585635
0.28382779724524293,1.0,0.0,0.0364963503649635,0.0,0.0,0.7652852717225025,0.5005213764337851,0.017726798748696558
0.2910005668170499,0.6766666666666666,0.0,0.024630541871921183,0.5,0.0,0.8568283282690213,0.22167487684729065,0.029556650246305417
0.2692209048669529,0.19333333333333333,0.0,0.08620689655172414,0.5,0.0,0.9366918072902183,0.5172413793103449,0.06896551724137931
0.22130425071580598,0.6233333333333333,0.0,0.0,0.0,0.3333333333333333,0.8217145214183093,0.1122994652406417,0.0106951871657754
0.20467709723507235,0.7333333333333333,0.0,0.0,0.0,0.0,0.8013164268961779,0.10909090909090909,0.03636363636363636
0.2478567234440588,0.9633333333333334,0.0,0.0,0.0,0.0,0.8121139472433562,0.18685121107266434,0.03460207612456748
0.2997498594719268,1.0,0.0,0.0,0.0,0.3333333333333333,0.7899078356433606,0.35049504950495053,0.023762376237623763
0.22713873761084688,0.6833333333333333,0.0,0.024390243902439025,0.0,0.0,0.8488264004987127,0.29268292682926833,0.06829268292682927
0.2813476178109822,1.0,0.0,0.0,0.0,0.0,0.830504041886912,0.4458204334365325,0.03715170278637771
0.25102356138044063,0.6566666666666666,0.0,0.025380710659898477,0.0,0.0,0.8627990655810558,0.6091370558375635,0.015228426395939087
0.1813281029201223,0.42,0.0,0.0,0.0,0.0,0.8420111879313816,0.26190476190476186,0.07936507936507936
0.20361492195192452,0.5466666666666666,0.0,0.03048780487804878,0.0,0.0,0.11553946342168406,0.12804878048780488,0.926829268292683
0.1891253589518151,0.49,0.0,0.0,0.0,0.0,0.8297229772732527,0.32653061224489793,0.0
0.22783367544557842,0.18333333333333332,0.0,0.0,0.5,0.0,0.9260640271830568,0.2727272727272727,0.05454545454545454
0.13023560964005024,0.17666666666666667,0.0,0.0,0.0,0.0,0.9052806247023891,0.11320754716981132,0.018867924528301886
0.17134645182344363,0.14,0.0,0.0,0.0,0.0,0.9558454706153885,0.5,0.047619047619047616
0.29283805886861425,1.0,0.0,0.0,0.0,0.3333333333333333,0.7617139220194762,0.31620553359683795,0.017127799736495388
0.2697967045676659,1.0,0.0,0.0,0.0,0.0,0.7712569479567897,0.3713355048859935,0.05537459283387622
0.2459352727557796,0.7733333333333333,0.0,0.0,0.0,0.3333333333333333,0.7979159459486006,0.15517241379310345,0.01293103448275862
0.17526744718253937,0.03,0.0,0.0,0.0,0.0,0.9298966940476158,0.6666666666666666,0.1111111111111111
0.2602491737654764,1.0,0.0,0.0,0.0,0.0,0.7658083205693369,0.33668341708542715,0.0
0.13742055966920244,0.05,0.0,0.0,0.0,0.3333333333333333,0.965872263358691,0.0,0.0
0.10838431530811267,0.11,0.0,0.0,0.0,0.0,0.9188431530811266,0.0,0.0
0.2816193405903715,1.0,0.0,0.0,0.0,0.0,0.8279427531622006,0.4856396866840731,0.0026109660574412533
0.14593838962121664,0.15333333333333332,0.0,0.0,0.0,0.0,0.9685143309947751,0.2608695652173913,0.0
0.25362939546313995,0.8933333333333333,0.0,0.0,0.0,0.0,0.8642044023925937,0.3246268656716418,0.007462686567164179
0.17215712768117944,0.2966666666666667,0.0,0.0,0.0,0.0,0.7597173442275246,0.3033707865168539,0.21348314606741572
0.32977679329646875,0.8933333333333333,0.0,0.0,0.5,0.0,0.7973201717706585,0.39179104477611937,0.018656716417910446
0.18401892686773863,0.5233333333333333,0.0,0.0,0.0,0.0,0.6029599693143288,0.30573248407643316,0.1464968152866242
0.2844953628419264,1.0,0.0,0.0,0.0,0.0,0.8138332964690567,0.5228215767634854,0.008298755186721992
0.26960680987422864,0.45666666666666667,0.0,0.0,0.5,0.0,0.8669075148006806,0.30656934306569344,0.08759124087591241
0.187088601574459,0.42333333333333334,0.0,0.03937007874015748,0.0,0.0,0.8382482204689996,0.23622047244094488,0.10236220472440945
0.1447031866465707,0.12,0.0,0.0,0.0,0.0,0.9059207553545958,0.3333333333333333,0.027777777777777776
0.14635714285714285,0.023333333333333334,0.0,0.0,0.0,0.0,1.0,0.42857142857142855,0.0
0.17602576353884664,0.15,0.0,0.0,0.0,0.0,0.9352576353884662,0.6000000000000001,0.0
0.15600295851910073,0.36666666666666664,0.0,0.0,0.0,0.0,0.8736659488273709,0.08181818181818182,0.05454545454545454
0.2099685644457482,0.4033333333333333,0.0,0.0,0.0,0.0,0.8996443221434323,0.5950413223140496,0.0
0.2669668429200218,1.0,0.0,0.0,0.0,0.0,0.7165434292002177,0.328125,0.125
0.2769460525093462,1.0,0.0,0.0,0.0,0.0,0.8054082375117626,0.4215686274509804,0.042483660130718956
0.16371958213883994,0.18666666666666668,0.0,0.0,0.0,0.0,0.9107672499598279,0.375,0.07142857142857142
0.23232399750160385,0.24,0.0,0.06944444444444445,0.5,0.0,0.8868510861271495,0.125,0.09722222222222222
0.21139098285226318,0.7066666666666667,0.0,0.0,0.0,0.0,0.8416456775792355,0.19811320754716982,0.014150943396226415
0.18129921839461732,0.43,0.0,0.0,0.0,0.0,0.5555890831709795,0.13953488372093023,0.4728682170542636
0.17291046480348612,0.17,0.0,0.0,0.0,0.0,0.9446928833289788,0.5294117647058824,0.0
0.15633313407351654,0.10333333333333333,0.0,0.0,0.0,0.0,0.8599442439609717,0.29032258064516125,0.25806451612903225
0.1546091949158245,0.15,0.0,0.11111111111111112,0.0,0.0,0.9322030602693562,0.2,0.022222222222222223
0.18419914972896537,0.24,0.0,0.0,0.0,0.0,0.89865816395632,0.5416666666666666,0.041666666666666664
0.15298761028730323,0.22333333333333333,0.0,0.07462686567164178,0.0,0.0,0.9187566998879575,0.13432835820895522,0.029850746268656716
0.25251876392218736,1.0,0.0,0.0,0.0,0.0,0.7583809165327982,0.21428571428571427,0.052521008403361345
0.2849155647699381,1.0,0.0,0.0,0.0,0.3333333333333333,0.7661960064437763,0.2376681614349776,0.01195814648729447
0.1458328724960607,0.17,0.0,0.0,0.0,0.0,0.9092110779017833,0.29411764705882354,0.0
0.1792057295902378,0.3,0.0,0.0,0.0,0.3333333333333333,0.842057295902378,0.16666666666666666,0.0
0.1721373766161231,0.23,0.0,0.0,0.0,0.0,0.8691273893496367,0.3913043478260869,0.11594202898550725
0.19209496661993636,0.33666666666666667,0.0,0.0,0.0,0.3333333333333333,0.8746955407868224,0.20792079207920794,0.0
0.3051719231841715,0.8966666666666666,0.0,0.0,0.0,0.0,0.8331132838863252,0.7695167286245352,0.10408921933085502
0.1196289372256916,0.08666666666666667,0.0,0.0,0.0,0.0,0.9509047568723006,0.11538461538461539,0.0
0.28823139762859146,1.0,0.0,0.04784688995215311,0.0,0.0,0.8081512968600773,0.43779904306220097,0.0645933014354067
0.2814238044667647,1.0,0.0,0.01256281407035176,0.0,0.0,0.8180068888887523,0.4522613065326633,0.02512562814070352
0.22666331476047757,0.5133333333333333,0.0,0.0,0.0,0.3333333333333333,0.8645985155701437,0.2532467532467533,0.045454545454545456
0.1654015335322799,0.27666666666666667,0.0,0.0,0.0,0.0,0.8896177449613533,0.25301204819277107,0.0963855421686747
