Timestamp,Chunk_ID,Strategy,Budget,Fitness,Macro_F1,Utility,Confidence,Cost,FACI_Vector
2026-07-19T18:34:30.836662,0,Hybrid,3,0.8322826138723832,0.18987787005373719,0.8322826138723832,0.5548550759149221,0.3821738612761664,"[0.38150000000000006, 0.0, 0.013096939814819459, 0.025, 0.0, 0.8144138851471965, 0.2856505748953569, 0.12855753405282372]"
2026-07-19T18:34:33.568661,1,Hybrid,3,0.8335411486531914,0.16550632911392404,0.8335411486531914,0.5556940991021276,0.36072250055678967,"[0.4261666666666667, 0.0, 0.013913500500940248, 0.075, 0.016666666666666666, 0.840302859595649, 0.3637638135687823, 0.0865645878646235]"
2026-07-19T18:34:36.390470,2,Hybrid,3,0.8335411486531914,0.2069603916332888,0.8335411486531914,0.5556940991021276,0.36072250055678967,"[0.4411666666666666, 0.0, 0.0008928571428571428, 0.025, 0.06666666666666667, 0.8556394859018905, 0.35750484027870494, 0.06672610159273934]"
2026-07-19T18:34:39.192662,3,Hybrid,3,0.8335411486531914,0.1738562091503268,0.8335411486531914,0.5556940991021276,0.36072250055678967,"[0.4136666666666667, 0.0, 0.0073222395420671285, 0.05, 0.03333333333333333, 0.8833845737500845, 0.4448230673781115, 0.03756524117478593]"
2026-07-19T18:34:42.028346,4,Hybrid,3,0.8335411486531914,0.24883597883597885,0.8335411486531914,0.5556940991021276,0.36072250055678967,"[0.6188333333333333, 0.0, 0.009304257322912266, 0.05, 0.03333333333333333, 0.7912453215955793, 0.3546227546747641, 0.12034181525902002]"
2026-07-19T18:34:44.902497,5,Hybrid,3,0.8335411486531914,0.29960819094821967,0.8335411486531914,0.5556940991021276,0.36072250055678967,"[0.42466666666666664, 0.0, 0.028489054000129143, 0.025, 0.016666666666666666, 0.8527760609577892, 0.387347004460332, 0.058029120867404915]"
2026-07-19T18:34:47.723682,6,Hybrid,3,0.8335411486531914,0.3771720471671841,0.8335411486531914,0.5556940991021276,0.36072250055678967,"[0.4535, 0.0, 0.006861985720532407, 0.025, 0.016666666666666666, 0.8010087097275698, 0.2805654557596625, 0.12871421942376024]"
2026-07-19T18:34:50.581291,7,Hybrid,3,0.8335411486531914,0.3607196401799101,0.8335411486531914,0.5556940991021276,0.36072250055678967,"[0.2985, 0.0, 0.002111810226368699, 0.125, 0.0, 0.8564547358813209, 0.2883417340221183, 0.08280826237064459]"
2026-07-19T18:34:53.480531,8,Hybrid,3,0.8335411486531914,0.41900316664467613,0.8335411486531914,0.5556940991021276,0.36072250055678967,"[0.5793333333333333, 0.0, 0.008261136032559359, 0.075, 0.03333333333333333, 0.8287276325825805, 0.36872159548449424, 0.05996607012189542]"
2026-07-19T18:34:56.417587,9,Hybrid,3,0.8335411486531914,0.4311046096760382,0.8335411486531914,0.5556940991021276,0.36072250055678967,"[0.5373333333333333, 0.0, 0.03489139308200696, 0.0, 0.05, 0.8339724437049549, 0.4126758474513571, 0.06564095835144533]"
2026-07-19T18:34:59.360412,10,Hybrid,3,0.8335411486531914,0.370381615011596,0.8335411486531914,0.5556940991021276,0.36072250055678967,"[0.5210000000000001, 0.0, 0.025978150539045942, 0.075, 0.03333333333333333, 0.8494948190719798, 0.3725613294811666, 0.04568692735601265]"
2026-07-19T18:35:02.289540,11,Hybrid,3,0.8335411486531914,0.37904507454130343,0.8335411486531914,0.5556940991021276,0.36072250055678967,"[0.4531666666666667, 0.0, 0.05185794076902932, 0.025, 0.03333333333333333, 0.8313291847889804, 0.29318748136752326, 0.09410314452073845]"
2026-07-19T18:35:05.215959,12,Hybrid,3,0.8335411486531914,0.38885428375001363,0.8335411486531914,0.5556940991021276,0.36072250055678967,"[0.3983333333333333, 0.0, 0.0, 0.075, 0.05, 0.8210426179403981, 0.3492434425536421, 0.11551991319974561]"
2026-07-19T18:35:08.197627,13,Hybrid,3,0.8335411486531914,0.4696153489135946,0.8335411486531914,0.5556940991021276,0.36072250055678967,"[0.3443333333333333, 0.0, 0.016052371984575375, 0.05, 0.03333333333333333, 0.8660144678318098, 0.3353153457319518, 0.06761429754317058]"
2026-07-19T18:35:11.212579,14,Hybrid,3,0.8335411486531914,0.5351425601425601,0.8335411486531914,0.5556940991021276,0.36072250055678967,"[0.4168333333333333, 0.0, 0.02442228755985828, 0.025, 0.0, 0.8472340268209925, 0.38212184292543167, 0.0798398816236496]"
2026-07-19T18:35:14.181631,15,Hybrid,3,0.8335411486531914,0.5903560293081681,0.8335411486531914,0.5556940991021276,0.36072250055678967,"[0.4651666666666666, 0.0, 0.020404356942361052, 0.075, 0.03333333333333333, 0.8566818514177135, 0.27245617068549877, 0.03966942431891767]"
2026-07-19T18:35:17.178661,16,Hybrid,3,0.8335411486531914,0.5924867099122492,0.8335411486531914,0.5556940991021276,0.36072250055678967,"[0.33766666666666667, 0.0, 0.024401310897225435, 0.025, 0.016666666666666666, 0.8758717330252109, 0.3497208400190729, 0.052251575625681945]"
2026-07-19T18:35:20.203019,17,Hybrid,3,0.8335411486531914,0.6250681388969781,0.8335411486531914,0.5556940991021276,0.36072250055678967,"[0.4688333333333333, 0.0, 0.0193903960810372, 0.0, 0.06666666666666667, 0.8520717455451416, 0.3502570000857288, 0.04137304174630819]"
2026-07-19T18:35:23.265143,18,Hybrid,3,0.8335411486531914,0.6471423330148247,0.8335411486531914,0.5556940991021276,0.36072250055678967,"[0.24983333333333335, 0.0, 0.006866738048949242, 0.025, 0.016666666666666666, 0.9048102066490952, 0.37531597324611676, 0.02736737687563202]"
2026-07-19T18:35:26.348821,19,Hybrid,3,0.8335411486531914,0.6864629077437426,0.8335411486531914,0.5556940991021276,0.36072250055678967,"[0.48650000000000004, 0.0, 0.012028805217156593, 0.025, 0.06666666666666667, 0.8173048267433882, 0.3489945422047986, 0.098604332757747]"
2026-07-19T18:35:29.423836,20,Hybrid,3,0.8335411486531914,0.6371286418496136,0.8335411486531914,0.5556940991021276,0.36072250055678967,"[0.4966666666666667, 0.0, 0.013683242613664635, 0.1, 0.03333333333333333, 0.8378884280016742, 0.3339215868980863, 0.09158074062183855]"
2026-07-19T18:35:32.471511,21,Hybrid,3,0.8335411486531914,0.63327680794628,0.8335411486531914,0.5556940991021276,0.36072250055678967,"[0.351, 0.0, 0.002777777777777778, 0.0, 0.016666666666666666, 0.8863897211706115, 0.2522581170075205, 0.04134308318223658]"
2026-07-19T18:35:35.574103,22,Hybrid,3,0.8335411486531914,0.6720701339269499,0.8335411486531914,0.5556940991021276,0.36072250055678967,"[0.4873333333333333, 0.0, 0.05071455956186701, 0.1, 0.03333333333333333, 0.8041277954869062, 0.27309347522133454, 0.11249122236156017]"
2026-07-19T18:35:38.566835,23,Hybrid,3,0.8335411486531914,0.6779804931910196,0.8335411486531914,0.5556940991021276,0.36072250055678967,"[0.46333333333333326, 0.0, 0.009159987737047256, 0.05, 0.0, 0.8337446116410065, 0.3305568648472358, 0.08859306534626676]"
2026-07-19T18:35:41.696465,24,Hybrid,3,0.8335411486531914,0.608667447741605,0.8335411486531914,0.5556940991021276,0.36072250055678967,"[0.5373333333333333, 0.0, 0.011248017995651127, 0.075, 0.06666666666666667, 0.8455496408094456, 0.32690799012354754, 0.054527603779327624]"
2026-07-19T18:35:44.815226,25,Hybrid,3,0.8335411486531914,0.6075124298731622,0.8335411486531914,0.5556940991021276,0.36072250055678967,"[0.3395, 0.0, 0.013345824864498645, 0.0, 0.03333333333333333, 0.8321831034980118, 0.2690263403408045, 0.10157769473489484]"
2026-07-19T18:35:47.953056,26,Hybrid,3,0.8335411486531914,0.6610585021743299,0.8335411486531914,0.5556940991021276,0.36072250055678967,"[0.48183333333333334, 0.0, 0.014387189103661477, 0.0, 0.0, 0.8234587201244224, 0.3107716719632257, 0.07461994687865657]"
2026-07-19T18:35:51.134356,27,Hybrid,3,0.8335411486531914,0.6276558704453441,0.8335411486531914,0.5556940991021276,0.36072250055678967,"[0.3798333333333333, 0.0, 0.01960012978194433, 0.075, 0.016666666666666666, 0.8667387618785986, 0.38356258354745343, 0.06602835635812995]"
2026-07-19T18:35:54.354140,28,Hybrid,3,0.8335411486531914,0.6252182742738904,0.8335411486531914,0.5556940991021276,0.36072250055678967,"[0.5616666666666668, 0.0, 0.02674409572615736, 0.1, 0.016666666666666666, 0.8405250099001007, 0.34464297648596354, 0.05127338937026791]"
2026-07-19T18:35:57.594859,29,Hybrid,3,0.8335411486531914,0.6678848582796244,0.8335411486531914,0.5556940991021276,0.36072250055678967,"[0.42766666666666664, 0.0, 0.038398214908642064, 0.05, 0.05, 0.8362092498735123, 0.41100689512457034, 0.08819111398187839]"
2026-07-19T18:36:00.820993,30,Hybrid,3,0.8335411486531914,0.6621194703547644,0.8335411486531914,0.5556940991021276,0.36072250055678967,"[0.5829999999999999, 0.0, 0.010729045680313232, 0.05, 0.08333333333333333, 0.8242862552276999, 0.3257711994389828, 0.057827616240920185]"
2026-07-19T18:36:04.020619,31,Hybrid,3,0.8335411486531914,0.6634605522808406,0.8335411486531914,0.5556940991021276,0.36072250055678967,"[0.5454999999999999, 0.0, 0.0008865248226950353, 0.0, 0.08333333333333333, 0.8611920897610791, 0.38045951395416966, 0.03969244410981741]"
2026-07-19T18:36:07.306128,32,Hybrid,3,0.8335411486531914,0.6711315481606656,0.8335411486531914,0.5556940991021276,0.36072250055678967,"[0.4958333333333333, 0.0, 0.026222592967776414, 0.0, 0.016666666666666666, 0.845161011496773, 0.3028283924976522, 0.05261450900537599]"
2026-07-19T18:36:10.874360,33,Hybrid,3,0.8335411486531914,0.6972908977814638,0.8335411486531914,0.5556940991021276,0.36072250055678967,"[0.43733333333333324, 0.0, 0.011769480519480518, 0.0, 0.03333333333333333, 0.8143741417528305, 0.2824543034813155, 0.11654582290657425]"
2026-07-19T18:36:14.904742,34,Hybrid,3,0.8335411486531914,0.6809942452250872,0.8335411486531914,0.5556940991021276,0.36072250055678967,"[0.4004999999999999, 0.0, 0.027092447781758223, 0.1, 0.016666666666666666, 0.8723247392737402, 0.36835317446187815, 0.04794327246769559]"
2026-07-19T18:36:18.998304,35,Hybrid,3,0.8335411486531914,0.6841073271413828,0.8335411486531914,0.5556940991021276,0.36072250055678967,"[0.4371666666666667, 0.0, 0.039636633598746904, 0.025, 0.05, 0.8606710582182892, 0.3184986097805256, 0.06265744920095749]"
2026-07-19T18:36:23.570114,36,Hybrid,3,0.8335411486531914,0.613987391646966,0.8335411486531914,0.5556940991021276,0.36072250055678967,"[0.3969444444444445, 0.0, 0.007115195723233982, 0.0, 0.027777777777777776, 0.818464673192261, 0.335855442837679, 0.1297527568320123]"
2026-07-19T19:00:27.202019,0,Hybrid,3,0.8322826138723832,0.13635430038510912,0.8322826138723832,0.5548550759149221,0.3821738612761664,"[0.38150000000000006, 0.0, 0.013096939814819459, 0.025, 0.0, 0.8144138851471965, 0.2856505748953569, 0.12855753405282372]",0.85
2026-07-19T19:00:34.452533,1,Hybrid,3,0.8322826138723832,0.17652987690392036,0.8322826138723832,0.5548550759149221,0.3821738612761664,"[0.4261666666666667, 0.0, 0.013913500500940248, 0.075, 0.016666666666666666, 0.840302859595649, 0.3637638135687823, 0.0865645878646235]",0.85
2026-07-19T19:00:41.228589,2,Hybrid,3,0.8322826138723832,0.1766378684535918,0.8322826138723832,0.5548550759149221,0.3821738612761664,"[0.4411666666666666, 0.0, 0.0008928571428571428, 0.025, 0.06666666666666667, 0.8556394859018905, 0.35750484027870494, 0.06672610159273934]",0.85
2026-07-19T19:00:44.166744,3,Hybrid,3,0.8322826138723832,0.1386351119735237,0.8322826138723832,0.5548550759149221,0.3821738612761664,"[0.4136666666666667, 0.0, 0.0073222395420671285, 0.05, 0.03333333333333333, 0.8833845737500845, 0.4448230673781115, 0.03756524117478593]",0.85
2026-07-19T19:00:52.217234,4,Hybrid,3,0.8322826138723832,0.2616758241758242,0.8322826138723832,0.5548550759149221,0.3821738612761664,"[0.6188333333333333, 0.0, 0.009304257322912266, 0.05, 0.03333333333333333, 0.7912453215955793, 0.3546227546747641, 0.12034181525902002]",0.9
2026-07-19T19:01:00.742462,5,Hybrid,3,0.8322826138723832,0.3072548771940253,0.8322826138723832,0.5548550759149221,0.3821738612761664,"[0.42466666666666664, 0.0, 0.028489054000129143, 0.025, 0.016666666666666666, 0.8527760609577892, 0.387347004460332, 0.058029120867404915]",0.85
2026-07-19T19:01:08.187795,6,Hybrid,3,0.8322826138723832,0.3100542775911088,0.8322826138723832,0.5548550759149221,0.3821738612761664,"[0.4535, 0.0, 0.006861985720532407, 0.025, 0.016666666666666666, 0.8010087097275698, 0.2805654557596625, 0.12871421942376024]",0.85
2026-07-19T19:01:15.085501,7,Hybrid,3,0.8322826138723832,0.31777666482453715,0.8322826138723832,0.5548550759149221,0.3821738612761664,"[0.2985, 0.0, 0.002111810226368699, 0.125, 0.0, 0.8564547358813209, 0.2883417340221183, 0.08280826237064459]",0.85
2026-07-19T19:01:23.526721,8,Hybrid,3,0.8322826138723832,0.3336034099332839,0.8322826138723832,0.5548550759149221,0.3821738612761664,"[0.5793333333333333, 0.0, 0.008261136032559359, 0.075, 0.03333333333333333, 0.8287276325825805, 0.36872159548449424, 0.05996607012189542]",0.9
2026-07-19T19:01:32.653322,9,Hybrid,3,0.8322826138723832,0.29914598944078014,0.8322826138723832,0.5548550759149221,0.3821738612761664,"[0.5373333333333333, 0.0, 0.03489139308200696, 0.0, 0.05, 0.8339724437049549, 0.4126758474513571, 0.06564095835144533]",0.9
2026-07-19T19:01:37.599939,10,Hybrid,3,0.8322826138723832,0.3276097949799426,0.8322826138723832,0.5548550759149221,0.3821738612761664,"[0.5210000000000001, 0.0, 0.025978150539045942, 0.075, 0.03333333333333333, 0.8494948190719798, 0.3725613294811666, 0.04568692735601265]",0.9
2026-07-19T19:01:42.616964,11,Hybrid,3,0.8322826138723832,0.4013909857283351,0.8322826138723832,0.5548550759149221,0.3821738612761664,"[0.4531666666666667, 0.0, 0.05185794076902932, 0.025, 0.03333333333333333, 0.8313291847889804, 0.29318748136752326, 0.09410314452073845]",0.85
2026-07-19T19:01:48.186135,12,Hybrid,3,0.8322826138723832,0.4412500593124567,0.8322826138723832,0.5548550759149221,0.3821738612761664,"[0.3983333333333333, 0.0, 0.0, 0.075, 0.05, 0.8210426179403981, 0.3492434425536421, 0.11551991319974561]",0.85
2026-07-19T19:01:57.286928,13,Hybrid,3,0.8322826138723832,0.47521641983764307,0.8322826138723832,0.5548550759149221,0.3821738612761664,"[0.3443333333333333, 0.0, 0.016052371984575375, 0.05, 0.03333333333333333, 0.8660144678318098, 0.3353153457319518, 0.06761429754317058]",0.85
2026-07-19T19:02:06.015834,14,Hybrid,3,0.8322826138723832,0.4621050269118664,0.8322826138723832,0.5548550759149221,0.3821738612761664,"[0.4168333333333333, 0.0, 0.02442228755985828, 0.025, 0.0, 0.8472340268209925, 0.38212184292543167, 0.0798398816236496]",0.85
2026-07-19T19:02:10.771733,15,Hybrid,3,0.8322826138723832,0.49645930813372685,0.8322826138723832,0.5548550759149221,0.3821738612761664,"[0.4651666666666666, 0.0, 0.020404356942361052, 0.075, 0.03333333333333333, 0.8566818514177135, 0.27245617068549877, 0.03966942431891767]",0.85
2026-07-19T19:02:16.079369,16,Hybrid,3,0.8322826138723832,0.5287879820138983,0.8322826138723832,0.5548550759149221,0.3821738612761664,"[0.33766666666666667, 0.0, 0.024401310897225435, 0.025, 0.016666666666666666, 0.8758717330252109, 0.3497208400190729, 0.052251575625681945]",0.85
2026-07-19T19:02:21.590572,17,Hybrid,3,0.8322826138723832,0.47727635648558653,0.8322826138723832,0.5548550759149221,0.3821738612761664,"[0.4688333333333333, 0.0, 0.0193903960810372, 0.0, 0.06666666666666667, 0.8520717455451416, 0.3502570000857288, 0.04137304174630819]",0.85
2026-07-19T19:02:26.476916,18,Hybrid,3,0.8322826138723832,0.49695803014951956,0.8322826138723832,0.5548550759149221,0.3821738612761664,"[0.24983333333333335, 0.0, 0.006866738048949242, 0.025, 0.016666666666666666, 0.9048102066490952, 0.37531597324611676, 0.02736737687563202]",0.8
2026-07-19T19:02:31.150799,19,Hybrid,3,0.8322826138723832,0.4945639333762345,0.8322826138723832,0.5548550759149221,0.3821738612761664,"[0.48650000000000004, 0.0, 0.012028805217156593, 0.025, 0.06666666666666667, 0.8173048267433882, 0.3489945422047986, 0.098604332757747]",0.85
2026-07-19T19:16:28.896930,0,Hybrid,3,0.8322826138723832,0.13635430038510912,0.8322826138723832,0.5548550759149221,0.3821738612761664,"[0.38150000000000006, 0.0, 0.013096939814819459, 0.025, 0.0, 0.8144138851471965, 0.2856505748953569, 0.12855753405282372]",0.85
2026-07-19T19:16:40.583997,1,Hybrid,3,0.8322826138723832,0.17652987690392036,0.8322826138723832,0.5548550759149221,0.3821738612761664,"[0.4261666666666667, 0.0, 0.013913500500940248, 0.075, 0.016666666666666666, 0.840302859595649, 0.3637638135687823, 0.0865645878646235]",0.85
2026-07-19T19:16:52.705209,2,Hybrid,3,0.8322826138723832,0.1766378684535918,0.8322826138723832,0.5548550759149221,0.3821738612761664,"[0.4411666666666666, 0.0, 0.0008928571428571428, 0.025, 0.06666666666666667, 0.8556394859018905, 0.35750484027870494, 0.06672610159273934]",0.85
2026-07-19T19:16:59.147417,3,Hybrid,3,0.8322826138723832,0.1386351119735237,0.8322826138723832,0.5548550759149221,0.3821738612761664,"[0.4136666666666667, 0.0, 0.0073222395420671285, 0.05, 0.03333333333333333, 0.8833845737500845, 0.4448230673781115, 0.03756524117478593]",0.85
2026-07-19T19:17:04.642227,4,Hybrid,3,0.8322826138723832,0.2616758241758242,0.8322826138723832,0.5548550759149221,0.3821738612761664,"[0.6188333333333333, 0.0, 0.009304257322912266, 0.05, 0.03333333333333333, 0.7912453215955793, 0.3546227546747641, 0.12034181525902002]",0.9
2026-07-19T19:17:11.970306,5,Hybrid,3,0.8322826138723832,0.3072548771940253,0.8322826138723832,0.5548550759149221,0.3821738612761664,"[0.42466666666666664, 0.0, 0.028489054000129143, 0.025, 0.016666666666666666, 0.8527760609577892, 0.387347004460332, 0.058029120867404915]",0.85
2026-07-19T19:17:19.243942,6,Hybrid,3,0.8322826138723832,0.3100542775911088,0.8322826138723832,0.5548550759149221,0.3821738612761664,"[0.4535, 0.0, 0.006861985720532407, 0.025, 0.016666666666666666, 0.8010087097275698, 0.2805654557596625, 0.12871421942376024]",0.85
2026-07-19T19:17:26.124936,7,Hybrid,3,0.8322826138723832,0.31777666482453715,0.8322826138723832,0.5548550759149221,0.3821738612761664,"[0.2985, 0.0, 0.002111810226368699, 0.125, 0.0, 0.8564547358813209, 0.2883417340221183, 0.08280826237064459]",0.85
2026-07-19T19:17:34.557165,8,Hybrid,3,0.8322826138723832,0.3336034099332839,0.8322826138723832,0.5548550759149221,0.3821738612761664,"[0.5793333333333333, 0.0, 0.008261136032559359, 0.075, 0.03333333333333333, 0.8287276325825805, 0.36872159548449424, 0.05996607012189542]",0.9
2026-07-19T19:17:42.408287,9,Hybrid,3,0.8322826138723832,0.29914598944078014,0.8322826138723832,0.5548550759149221,0.3821738612761664,"[0.5373333333333333, 0.0, 0.03489139308200696, 0.0, 0.05, 0.8339724437049549, 0.4126758474513571, 0.06564095835144533]",0.9
2026-07-19T19:17:47.586982,10,Hybrid,3,0.8322826138723832,0.3276097949799426,0.8322826138723832,0.5548550759149221,0.3821738612761664,"[0.5210000000000001, 0.0, 0.025978150539045942, 0.075, 0.03333333333333333, 0.8494948190719798, 0.3725613294811666, 0.04568692735601265]",0.9
2026-07-19T19:17:53.236357,11,Hybrid,3,0.8322826138723832,0.4013909857283351,0.8322826138723832,0.5548550759149221,0.3821738612761664,"[0.4531666666666667, 0.0, 0.05185794076902932, 0.025, 0.03333333333333333, 0.8313291847889804, 0.29318748136752326, 0.09410314452073845]",0.85
2026-07-19T19:17:58.826018,12,Hybrid,3,0.8322826138723832,0.4412500593124567,0.8322826138723832,0.5548550759149221,0.3821738612761664,"[0.3983333333333333, 0.0, 0.0, 0.075, 0.05, 0.8210426179403981, 0.3492434425536421, 0.11551991319974561]",0.85
2026-07-19T19:18:05.480416,13,Hybrid,3,0.8322826138723832,0.47521641983764307,0.8322826138723832,0.5548550759149221,0.3821738612761664,"[0.3443333333333333, 0.0, 0.016052371984575375, 0.05, 0.03333333333333333, 0.8660144678318098, 0.3353153457319518, 0.06761429754317058]",0.85
2026-07-19T19:18:16.812069,14,Hybrid,3,0.8322826138723832,0.4621050269118664,0.8322826138723832,0.5548550759149221,0.3821738612761664,"[0.4168333333333333, 0.0, 0.02442228755985828, 0.025, 0.0, 0.8472340268209925, 0.38212184292543167, 0.0798398816236496]",0.85
2026-07-19T19:18:22.930277,15,Hybrid,3,0.8322826138723832,0.49645930813372685,0.8322826138723832,0.5548550759149221,0.3821738612761664,"[0.4651666666666666, 0.0, 0.020404356942361052, 0.075, 0.03333333333333333, 0.8566818514177135, 0.27245617068549877, 0.03966942431891767]",0.85
2026-07-19T19:18:29.823785,16,Hybrid,3,0.8322826138723832,0.5287879820138983,0.8322826138723832,0.5548550759149221,0.3821738612761664,"[0.33766666666666667, 0.0, 0.024401310897225435, 0.025, 0.016666666666666666, 0.8758717330252109, 0.3497208400190729, 0.052251575625681945]",0.85
2026-07-19T19:18:36.099682,17,Hybrid,3,0.8322826138723832,0.47727635648558653,0.8322826138723832,0.5548550759149221,0.3821738612761664,"[0.4688333333333333, 0.0, 0.0193903960810372, 0.0, 0.06666666666666667, 0.8520717455451416, 0.3502570000857288, 0.04137304174630819]",0.85
2026-07-19T19:18:41.501377,18,Hybrid,3,0.8322826138723832,0.49695803014951956,0.8322826138723832,0.5548550759149221,0.3821738612761664,"[0.24983333333333335, 0.0, 0.006866738048949242, 0.025, 0.016666666666666666, 0.9048102066490952, 0.37531597324611676, 0.02736737687563202]",0.8
2026-07-19T19:18:47.254990,19,Hybrid,3,0.8322826138723832,0.4945639333762345,0.8322826138723832,0.5548550759149221,0.3821738612761664,"[0.48650000000000004, 0.0, 0.012028805217156593, 0.025, 0.06666666666666667, 0.8173048267433882, 0.3489945422047986, 0.098604332757747]",0.85
2026-07-21T05:25:45.470802,0,EDA,2,0.0,0.08812785388127853,0.0,0.0,0.0,"[0.3636666666666667, 0.0, 0.010070332480818414, 0.05, 0.016666666666666666, 0.8427375607525514, 0.33051630869099996, 0.08872982524413026]",0.85
2026-07-21T05:27:20.928542,0,EDA,2,0.0,0.08812785388127853,0.0,0.0,0.0,"[0.3636666666666667, 0.0, 0.010070332480818414, 0.05, 0.016666666666666666, 0.8427375607525514, 0.33051630869099996, 0.08872982524413026]",0.85
2026-07-21T05:32:52.052530,0,EDA,2,0.0,0.08812785388127853,0.0,0.0,0.0,"[0.3636666666666667, 0.0, 0.010070332480818414, 0.05, 0.016666666666666666, 0.8427375607525514, 0.33051630869099996, 0.08872982524413026]",0.85
2026-07-21T05:33:32.972648,1,EDA,2,0.0,0.033962264150943396,0.0,0.0,0.0,"[0.4138333333333334, 0.0, 0.016230559071711233, 0.075, 0.03333333333333333, 0.856460087384235, 0.3314067653855654, 0.06781522656865366]",0.85
2026-07-21T05:36:18.296410,0,EDA,2,0.0,0.14787590340208004,0.0,0.0,0.0,"[0.3636666666666667, 0.0, 0.010070332480818414, 0.05, 0.016666666666666666, 0.8427375607525514, 0.33051630869099996, 0.08872982524413026]",0.85
2026-07-21T05:40:25.452391,0,EDA,2,0.0,0.14787590340208004,0.0,0.0,0.0,"[0.3636666666666667, 0.0, 0.010070332480818414, 0.05, 0.016666666666666666, 0.8427375607525514, 0.33051630869099996, 0.08872982524413026]",0.85
2026-07-21T05:43:18.666781,0,EDA,2,0.0,0.0984504828205704,0.0,0.0,0.0,"[0.3636666666666667, 0.0, 0.010070332480818414, 0.05, 0.016666666666666666, 0.8427375607525514, 0.33051630869099996, 0.08872982524413026]",0.85
2026-07-21T05:43:20.800241,1,EDA,2,0.0,0.11190960451977401,0.0,0.0,0.0,"[0.4138333333333334, 0.0, 0.016230559071711233, 0.075, 0.03333333333333333, 0.856460087384235, 0.3314067653855654, 0.06781522656865366]",0.85
2026-07-21T05:43:23.151888,2,EDA,2,0.0,0.1104632768361582,0.0,0.0,0.0,"[0.4728333333333333, 0.0, 0.010172310981184488, 0.025, 0.03333333333333333, 0.8537020469269974, 0.35478537559830026, 0.034303041350374056]",0.85
2026-07-21T05:43:32.938150,3,Hybrid,4,0.8105478912617676,0.10610328638497653,0.8105478912617676,0.5403652608411784,0.4452132174329686,"[0.43233333333333335, 0.0, 0.022251538045888163, 0.075, 0.05, 0.85172510013431, 0.317390485002239, 0.06742000237797459]",0.85
2026-07-21T05:43:43.126573,4,Hybrid,3,0.8079029107828154,0.10557377049180328,0.8079029107828154,0.5386019405218769,0.3021064736979155,"[0.5226666666666666, 0.0, 0.014129674471060508, 0.05, 0.08333333333333333, 0.8348093728333564, 0.313562798153046, 0.07417164015645687]",0.85
2026-07-21T05:43:49.340357,0,No Augmentation,0,0.0,0.0711864406779661,0.0,0.0,0.0,"[0.3636666666666667, 0.0, 0.010070332480818414, 0.05, 0.016666666666666666, 0.8427375607525514, 0.33051630869099996, 0.08872982524413026]",0.85
2026-07-21T05:43:51.106461,1,No Augmentation,0,0.0,0.0711864406779661,0.0,0.0,0.0,"[0.4138333333333334, 0.0, 0.016230559071711233, 0.075, 0.03333333333333333, 0.856460087384235, 0.3314067653855654, 0.06781522656865366]",0.85
2026-07-21T05:43:52.994915,2,No Augmentation,0,0.0,0.0711864406779661,0.0,0.0,0.0,"[0.4728333333333333, 0.0, 0.010172310981184488, 0.025, 0.03333333333333333, 0.8537020469269974, 0.35478537559830026, 0.034303041350374056]",0.85
2026-07-21T05:43:54.813171,3,No Augmentation,0,0.0,0.0711864406779661,0.0,0.0,0.0,"[0.43233333333333335, 0.0, 0.022251538045888163, 0.075, 0.05, 0.85172510013431, 0.317390485002239, 0.06742000237797459]",0.85
2026-07-21T05:43:56.652759,4,No Augmentation,0,0.0,0.0842948717948718,0.0,0.0,0.0,"[0.5226666666666666, 0.0, 0.014129674471060508, 0.05, 0.08333333333333333, 0.8348093728333564, 0.313562798153046, 0.07417164015645687]",0.85
2026-07-21T05:43:58.555535,5,No Augmentation,0,0.0,0.0842948717948718,0.0,0.0,0.0,"[0.596, 0.0, 0.003132138404273714, 0.0, 0.03333333333333333, 0.8180512470884033, 0.3399396097730977, 0.06035111860533737]",0.85
2026-07-21T05:44:00.366711,6,No Augmentation,0,0.0,0.0842948717948718,0.0,0.0,0.0,"[0.5866666666666667, 0.0, 0.02292734947662949, 0.025, 0.05, 0.8373002144884607, 0.3819543437741991, 0.04563748564001878]",0.9
2026-07-21T05:44:02.191627,7,No Augmentation,0,0.0,0.08108672936259144,0.0,0.0,0.0,"[0.18783333333333332, 0.0, 0.008928571428571428, 0.0, 0.016666666666666666, 0.8981865430812583, 0.27995239792792304, 0.05942128399921086]",0.8140716957198209
2026-07-21T05:44:04.004635,8,No Augmentation,0,0.0,0.10412979351032448,0.0,0.0,0.0,"[0.7056666666666667, 0.0, 0.010606249810795266, 0.05, 0.08333333333333333, 0.7990460215231565, 0.31825429250385423, 0.07013421477475074]",0.9
2026-07-21T05:48:28.161112,0,EDA,2,0.0,0.14362083428658584,0.0,0.0,0.0,"[0.3636666666666667, 0.0, 0.010070332480818414, 0.05, 0.016666666666666666, 0.8427375607525514, 0.33051630869099996, 0.08872982524413026]",0.85
2026-07-21T05:49:20.770362,0,EDA,2,0.0,0.1369590643274854,0.0,0.0,0.0,"[0.3636666666666667, 0.0, 0.010070332480818414, 0.05, 0.016666666666666666, 0.8427375607525514, 0.33051630869099996, 0.08872982524413026]",0.85
2026-07-21T05:49:21.362278,1,EDA,2,0.0,0.3532156283566058,0.0,0.0,0.0,"[0.4138333333333334, 0.0, 0.016230559071711233, 0.075, 0.03333333333333333, 0.856460087384235, 0.3314067653855654, 0.06781522656865366]",0.85
2026-07-21T05:49:22.082986,2,EDA,2,0.0,0.3256801458358282,0.0,0.0,0.0,"[0.4728333333333333, 0.0, 0.010172310981184488, 0.025, 0.03333333333333333, 0.8537020469269974, 0.35478537559830026, 0.034303041350374056]",0.85
2026-07-21T05:49:29.702534,3,Hybrid,4,0.8105478912617676,0.39590525609799143,0.8105478912617676,0.5403652608411784,0.4452132174329686,"[0.43233333333333335, 0.0, 0.022251538045888163, 0.075, 0.05, 0.85172510013431, 0.317390485002239, 0.06742000237797459]",0.85
2026-07-21T05:49:37.692090,4,Hybrid,3,0.8079029107828154,0.4354372522414665,0.8079029107828154,0.5386019405218769,0.3021064736979155,"[0.5226666666666666, 0.0, 0.014129674471060508, 0.05, 0.08333333333333333, 0.8348093728333564, 0.313562798153046, 0.07417164015645687]",0.85
2026-07-21T05:49:54.155506,5,Hybrid,7,0.4062766775661847,0.44812446717817567,0.4062766775661847,0.27085111837745646,0.798335605750293,"[0.596, 0.0, 0.003132138404273714, 0.0, 0.03333333333333333, 0.8180512470884033, 0.3399396097730977, 0.06035111860533737]",0.85
2026-07-21T05:51:42.328791,0,EDA,2,0.0,0.14362083428658584,0.0,0.0,0.0,"[0.3636666666666667, 0.0, 0.010070332480818414, 0.05, 0.016666666666666666, 0.8427375607525514, 0.33051630869099996, 0.08872982524413026]",0.85
2026-07-21T05:51:42.887872,1,EDA,2,0.0,0.3532156283566058,0.0,0.0,0.0,"[0.4138333333333334, 0.0, 0.016230559071711233, 0.075, 0.03333333333333333, 0.856460087384235, 0.3314067653855654, 0.06781522656865366]",0.85
2026-07-21T05:51:43.579891,2,EDA,2,0.0,0.32568339461956486,0.0,0.0,0.0,"[0.4728333333333333, 0.0, 0.010172310981184488, 0.025, 0.03333333333333333, 0.8537020469269974, 0.35478537559830026, 0.034303041350374056]",0.85
2026-07-21T05:51:44.240448,3,Hybrid,4,0.8105478912617676,0.4177335625972325,0.8105478912617676,0.5403652608411784,0.4452132174329686,"[0.43233333333333335, 0.0, 0.022251538045888163, 0.075, 0.05, 0.85172510013431, 0.317390485002239, 0.06742000237797459]",0.85
2026-07-21T05:51:44.792118,4,Hybrid,2,0.7885838740251894,0.5519582378405908,0.7885838740251894,0.5257225826834596,0.2996018587813896,"[0.5226666666666666, 0.0, 0.014129674471060508, 0.05, 0.08333333333333333, 0.8348093728333564, 0.313562798153046, 0.07417164015645687]",0.85
2026-07-21T05:51:45.471308,5,Hybrid,2,0.4769285940967835,0.5168486458128403,0.4769285940967835,0.31795239606452236,0.03209484448758083,"[0.596, 0.0, 0.003132138404273714, 0.0, 0.03333333333333333, 0.8180512470884033, 0.3399396097730977, 0.06035111860533737]",0.85
2026-07-21T05:51:46.089446,6,Hybrid,2,0.49202996862556697,0.4897959183673469,0.49202996862556697,0.32801997908371133,0.09372974161476672,"[0.5866666666666667, 0.0, 0.02292734947662949, 0.025, 0.05, 0.8373002144884607, 0.3819543437741991, 0.04563748564001878]",0.9
2026-07-21T05:51:46.437781,7,Hybrid,2,0.4655803041899258,0.5302991795694283,0.4655803041899258,0.31038686945995053,0.29378221759422973,"[0.18783333333333332, 0.0, 0.008928571428571428, 0.0, 0.016666666666666666, 0.8981865430812583, 0.27995239792792304, 0.05942128399921086]",0.8140716957198209
2026-07-21T05:51:49.330664,0,No Augmentation,0,0.0,0.17119769119769118,0.0,0.0,0.0,"[0.3636666666666667, 0.0, 0.010070332480818414, 0.05, 0.016666666666666666, 0.8427375607525514, 0.33051630869099996, 0.08872982524413026]",0.85
2026-07-21T05:51:49.509341,1,No Augmentation,0,0.0,0.19415870548484943,0.0,0.0,0.0,"[0.4138333333333334, 0.0, 0.016230559071711233, 0.075, 0.03333333333333333, 0.856460087384235, 0.3314067653855654, 0.06781522656865366]",0.85
2026-07-21T05:51:49.685922,2,No Augmentation,0,0.0,0.34791125541125545,0.0,0.0,0.0,"[0.4728333333333333, 0.0, 0.010172310981184488, 0.025, 0.03333333333333333, 0.8537020469269974, 0.35478537559830026, 0.034303041350374056]",0.85
2026-07-21T05:51:49.862998,3,No Augmentation,0,0.0,0.34673486786018753,0.0,0.0,0.0,"[0.43233333333333335, 0.0, 0.022251538045888163, 0.075, 0.05, 0.85172510013431, 0.317390485002239, 0.06742000237797459]",0.85
2026-07-21T05:51:50.043307,4,No Augmentation,0,0.0,0.4985204081632653,0.0,0.0,0.0,"[0.5226666666666666, 0.0, 0.014129674471060508, 0.05, 0.08333333333333333, 0.8348093728333564, 0.313562798153046, 0.07417164015645687]",0.85
2026-07-21T05:51:50.231675,5,No Augmentation,0,0.0,0.5779562888985381,0.0,0.0,0.0,"[0.596, 0.0, 0.003132138404273714, 0.0, 0.03333333333333333, 0.8180512470884033, 0.3399396097730977, 0.06035111860533737]",0.85
2026-07-21T05:51:50.424784,6,No Augmentation,0,0.0,0.5707422402159243,0.0,0.0,0.0,"[0.5866666666666667, 0.0, 0.02292734947662949, 0.025, 0.05, 0.8373002144884607, 0.3819543437741991, 0.04563748564001878]",0.9
2026-07-21T05:51:50.607097,7,No Augmentation,0,0.0,0.49416404384146323,0.0,0.0,0.0,"[0.18783333333333332, 0.0, 0.008928571428571428, 0.0, 0.016666666666666666, 0.8981865430812583, 0.27995239792792304, 0.05942128399921086]",0.8140716957198209
2026-07-21T05:51:50.795043,8,No Augmentation,0,0.0,0.5005613028266506,0.0,0.0,0.0,"[0.7056666666666667, 0.0, 0.010606249810795266, 0.05, 0.08333333333333333, 0.7990460215231565, 0.31825429250385423, 0.07013421477475074]",0.9
2026-07-21T05:51:50.978870,9,No Augmentation,0,0.0,0.5023065650972628,0.0,0.0,0.0,"[0.4870000000000001, 0.0, 0.007929282093351002, 0.025, 0.05, 0.8494214180655713, 0.28004552320888776, 0.06519929799196479]",0.85
2026-07-21T05:51:51.166362,10,No Augmentation,0,0.0,0.5616088297667245,0.0,0.0,0.0,"[0.5426666666666666, 0.0, 0.006408090131898972, 0.025, 0.08333333333333333, 0.849728160927237, 0.3997738188355747, 0.06157095898448713]",0.9
2026-07-21T05:51:51.344859,11,No Augmentation,0,0.0,0.568039099867172,0.0,0.0,0.0,"[0.44333333333333336, 0.0, 0.00867812581722576, 0.025, 0.03333333333333333, 0.8569026782547565, 0.3022514091610133, 0.062295460694799486]",0.85
2026-07-21T05:51:51.529739,12,No Augmentation,0,0.0,0.548083251607279,0.0,0.0,0.0,"[0.5221666666666667, 0.0, 0.021364610011868575, 0.075, 0.05, 0.8568221868347935, 0.39313844380008045, 0.056895418181867406]",0.9
2026-07-21T05:51:51.716077,13,No Augmentation,0,0.0,0.5539707351472057,0.0,0.0,0.0,"[0.4893333333333335, 0.0, 0.0560263992176678, 0.1, 0.016666666666666666, 0.843912414636133, 0.3329815791870956, 0.06836180342153916]",0.9
2026-07-21T05:51:51.902593,14,No Augmentation,0,0.0,0.4998579897075109,0.0,0.0,0.0,"[0.5155000000000001, 0.0, 0.023340637135238734, 0.075, 0.016666666666666666, 0.8083650501996962, 0.34379238295769854, 0.10253695556424021]",0.85
2026-07-21T05:51:52.094988,15,No Augmentation,0,0.0,0.48654658035462994,0.0,0.0,0.0,"[0.5788333333333333, 0.0, 0.025538441581726905, 0.0, 0.05, 0.8222244033540067, 0.2993683679846065, 0.08419558527920794]",0.85
2026-07-21T05:51:52.286903,16,No Augmentation,0,0.0,0.531271750589712,0.0,0.0,0.0,"[0.583, 0.0, 0.015110970695031844, 0.075, 0.05, 0.8081341081890006, 0.30399901446944766, 0.0748096494794642]",0.9
2026-07-21T05:51:52.474819,17,No Augmentation,0,0.0,0.6510490936046903,0.0,0.0,0.0,"[0.5018333333333334, 0.0, 0.001968503937007874, 0.05, 0.05, 0.8523989555970456, 0.34228050615727135, 0.04294519473723332]",0.85
2026-07-21T05:51:52.660619,18,No Augmentation,0,0.0,0.605899641577061,0.0,0.0,0.0,"[0.4576666666666667, 0.0, 0.012759121061359869, 0.025, 0.05, 0.8448575798363537, 0.31207053255269945, 0.07570068116355266]",0.85
2026-07-21T05:51:52.849011,19,No Augmentation,0,0.0,0.5767778948600867,0.0,0.0,0.0,"[0.5753333333333334, 0.0, 0.012081940804500974, 0.0, 0.06666666666666667, 0.8662558406305255, 0.30234075328380083, 0.04631180343986608]",0.85
2026-07-21T05:51:53.319269,0,No Augmentation,0,0.0,0.17119769119769118,0.0,0.0,0.0,"[0.3636666666666667, 0.0, 0.010070332480818414, 0.05, 0.016666666666666666, 0.8427375607525514, 0.33051630869099996, 0.08872982524413026]",0.85
2026-07-21T05:51:53.492833,1,No Augmentation,0,0.0,0.17712936688840303,0.0,0.0,0.0,"[0.4138333333333334, 0.0, 0.016230559071711233, 0.075, 0.03333333333333333, 0.856460087384235, 0.3314067653855654, 0.06781522656865366]",0.85
2026-07-21T05:51:53.671548,2,No Augmentation,0,0.0,0.3617197217197217,0.0,0.0,0.0,"[0.4728333333333333, 0.0, 0.010172310981184488, 0.025, 0.03333333333333333, 0.8537020469269974, 0.35478537559830026, 0.034303041350374056]",0.85
2026-07-21T05:51:53.852324,3,No Augmentation,0,0.0,0.33099467874666233,0.0,0.0,0.0,"[0.43233333333333335, 0.0, 0.022251538045888163, 0.075, 0.05, 0.85172510013431, 0.317390485002239, 0.06742000237797459]",0.85
2026-07-21T05:51:54.035175,4,No Augmentation,0,0.0,0.454319955406912,0.0,0.0,0.0,"[0.5226666666666666, 0.0, 0.014129674471060508, 0.05, 0.08333333333333333, 0.8348093728333564, 0.313562798153046, 0.07417164015645687]",0.85
2026-07-21T05:51:54.220412,5,No Augmentation,0,0.0,0.5763990911049734,0.0,0.0,0.0,"[0.596, 0.0, 0.003132138404273714, 0.0, 0.03333333333333333, 0.8180512470884033, 0.3399396097730977, 0.06035111860533737]",0.85
2026-07-21T05:51:54.408130,6,No Augmentation,0,0.0,0.5400289438393038,0.0,0.0,0.0,"[0.5866666666666667, 0.0, 0.02292734947662949, 0.025, 0.05, 0.8373002144884607, 0.3819543437741991, 0.04563748564001878]",0.9
2026-07-21T05:51:54.592101,7,No Augmentation,0,0.0,0.5528480291638186,0.0,0.0,0.0,"[0.18783333333333332, 0.0, 0.008928571428571428, 0.0, 0.016666666666666666, 0.8981865430812583, 0.27995239792792304, 0.05942128399921086]",0.8140716957198209
2026-07-21T05:51:54.782053,8,No Augmentation,0,0.0,0.5549548586362556,0.0,0.0,0.0,"[0.7056666666666667, 0.0, 0.010606249810795266, 0.05, 0.08333333333333333, 0.7990460215231565, 0.31825429250385423, 0.07013421477475074]",0.9
2026-07-21T05:51:54.972803,9,No Augmentation,0,0.0,0.6200455052678869,0.0,0.0,0.0,"[0.4870000000000001, 0.0, 0.007929282093351002, 0.025, 0.05, 0.8494214180655713, 0.28004552320888776, 0.06519929799196479]",0.85
2026-07-21T05:51:55.155493,10,No Augmentation,0,0.0,0.632340047129963,0.0,0.0,0.0,"[0.5426666666666666, 0.0, 0.006408090131898972, 0.025, 0.08333333333333333, 0.849728160927237, 0.3997738188355747, 0.06157095898448713]",0.9
2026-07-21T05:51:55.339811,11,No Augmentation,0,0.0,0.6349644702842376,0.0,0.0,0.0,"[0.44333333333333336, 0.0, 0.00867812581722576, 0.025, 0.03333333333333333, 0.8569026782547565, 0.3022514091610133, 0.062295460694799486]",0.85
2026-07-21T05:51:55.530778,12,No Augmentation,0,0.0,0.5268556005398111,0.0,0.0,0.0,"[0.5221666666666667, 0.0, 0.021364610011868575, 0.075, 0.05, 0.8568221868347935, 0.39313844380008045, 0.056895418181867406]",0.9
2026-07-21T05:51:55.715376,13,No Augmentation,0,0.0,0.5591498595922995,0.0,0.0,0.0,"[0.4893333333333335, 0.0, 0.0560263992176678, 0.1, 0.016666666666666666, 0.843912414636133, 0.3329815791870956, 0.06836180342153916]",0.9
2026-07-21T05:51:55.899325,14,No Augmentation,0,0.0,0.49837146301003654,0.0,0.0,0.0,"[0.5155000000000001, 0.0, 0.023340637135238734, 0.075, 0.016666666666666666, 0.8083650501996962, 0.34379238295769854, 0.10253695556424021]",0.85
2026-07-21T05:51:56.089674,15,No Augmentation,0,0.0,0.51843383324637,0.0,0.0,0.0,"[0.5788333333333333, 0.0, 0.025538441581726905, 0.0, 0.05, 0.8222244033540067, 0.2993683679846065, 0.08419558527920794]",0.85
2026-07-21T05:51:56.277880,16,No Augmentation,0,0.0,0.49653870956793267,0.0,0.0,0.0,"[0.583, 0.0, 0.015110970695031844, 0.075, 0.05, 0.8081341081890006, 0.30399901446944766, 0.0748096494794642]",0.9
2026-07-21T05:51:56.466337,17,No Augmentation,0,0.0,0.5652666033153838,0.0,0.0,0.0,"[0.5018333333333334, 0.0, 0.001968503937007874, 0.05, 0.05, 0.8523989555970456, 0.34228050615727135, 0.04294519473723332]",0.85
2026-07-21T05:51:56.658013,18,No Augmentation,0,0.0,0.6271128104199211,0.0,0.0,0.0,"[0.4576666666666667, 0.0, 0.012759121061359869, 0.025, 0.05, 0.8448575798363537, 0.31207053255269945, 0.07570068116355266]",0.85
2026-07-21T05:51:56.840888,19,No Augmentation,0,0.0,0.6041387559808612,0.0,0.0,0.0,"[0.5753333333333334, 0.0, 0.012081940804500974, 0.0, 0.06666666666666667, 0.8662558406305255, 0.30234075328380083, 0.04631180343986608]",0.85
2026-07-21T05:51:57.333624,0,No Augmentation,0,0.0,0.17119769119769118,0.0,0.0,0.0,"[0.3636666666666667, 0.0, 0.010070332480818414, 0.05, 0.016666666666666666, 0.8427375607525514, 0.33051630869099996, 0.08872982524413026]",0.85
2026-07-21T05:51:57.510565,1,No Augmentation,0,0.0,0.18698110074069155,0.0,0.0,0.0,"[0.4138333333333334, 0.0, 0.016230559071711233, 0.075, 0.03333333333333333, 0.856460087384235, 0.3314067653855654, 0.06781522656865366]",0.85
2026-07-21T05:51:57.691658,2,No Augmentation,0,0.0,0.3646036809006915,0.0,0.0,0.0,"[0.4728333333333333, 0.0, 0.010172310981184488, 0.025, 0.03333333333333333, 0.8537020469269974, 0.35478537559830026, 0.034303041350374056]",0.85
2026-07-21T05:51:57.868594,3,No Augmentation,0,0.0,0.3883741623416217,0.0,0.0,0.0,"[0.43233333333333335, 0.0, 0.022251538045888163, 0.075, 0.05, 0.85172510013431, 0.317390485002239, 0.06742000237797459]",0.85
2026-07-21T05:51:58.047282,4,No Augmentation,0,0.0,0.42289016998984996,0.0,0.0,0.0,"[0.5226666666666666, 0.0, 0.014129674471060508, 0.05, 0.08333333333333333, 0.8348093728333564, 0.313562798153046, 0.07417164015645687]",0.85
2026-07-21T05:51:58.235495,5,No Augmentation,0,0.0,0.5290099354197715,0.0,0.0,0.0,"[0.596, 0.0, 0.003132138404273714, 0.0, 0.03333333333333333, 0.8180512470884033, 0.3399396097730977, 0.06035111860533737]",0.85
2026-07-21T05:51:58.425235,6,No Augmentation,0,0.0,0.4767325367814874,0.0,0.0,0.0,"[0.5866666666666667, 0.0, 0.02292734947662949, 0.025, 0.05, 0.8373002144884607, 0.3819543437741991, 0.04563748564001878]",0.9
2026-07-21T05:51:58.611095,7,No Augmentation,0,0.0,0.5683936386409227,0.0,0.0,0.0,"[0.18783333333333332, 0.0, 0.008928571428571428, 0.0, 0.016666666666666666, 0.8981865430812583, 0.27995239792792304, 0.05942128399921086]",0.8140716957198209
2026-07-21T05:51:58.798469,8,No Augmentation,0,0.0,0.5443604856877168,0.0,0.0,0.0,"[0.7056666666666667, 0.0, 0.010606249810795266, 0.05, 0.08333333333333333, 0.7990460215231565, 0.31825429250385423, 0.07013421477475074]",0.9
2026-07-21T05:51:58.985710,9,No Augmentation,0,0.0,0.5790862648031936,0.0,0.0,0.0,"[0.4870000000000001, 0.0, 0.007929282093351002, 0.025, 0.05, 0.8494214180655713, 0.28004552320888776, 0.06519929799196479]",0.85
2026-07-21T05:51:59.175314,10,No Augmentation,0,0.0,0.5307780772686433,0.0,0.0,0.0,"[0.5426666666666666, 0.0, 0.006408090131898972, 0.025, 0.08333333333333333, 0.849728160927237, 0.3997738188355747, 0.06157095898448713]",0.9
2026-07-21T05:51:59.357494,11,No Augmentation,0,0.0,0.5043835755037801,0.0,0.0,0.0,"[0.44333333333333336, 0.0, 0.00867812581722576, 0.025, 0.03333333333333333, 0.8569026782547565, 0.3022514091610133, 0.062295460694799486]",0.85
2026-07-21T05:51:59.543357,12,No Augmentation,0,0.0,0.5499629912571089,0.0,0.0,0.0,"[0.5221666666666667, 0.0, 0.021364610011868575, 0.075, 0.05, 0.8568221868347935, 0.39313844380008045, 0.056895418181867406]",0.9
2026-07-21T05:51:59.725243,13,No Augmentation,0,0.0,0.5530941229393243,0.0,0.0,0.0,"[0.4893333333333335, 0.0, 0.0560263992176678, 0.1, 0.016666666666666666, 0.843912414636133, 0.3329815791870956, 0.06836180342153916]",0.9
2026-07-21T05:51:59.908964,14,No Augmentation,0,0.0,0.545972173597334,0.0,0.0,0.0,"[0.5155000000000001, 0.0, 0.023340637135238734, 0.075, 0.016666666666666666, 0.8083650501996962, 0.34379238295769854, 0.10253695556424021]",0.85
2026-07-21T05:52:00.098813,15,No Augmentation,0,0.0,0.5194031273836766,0.0,0.0,0.0,"[0.5788333333333333, 0.0, 0.025538441581726905, 0.0, 0.05, 0.8222244033540067, 0.2993683679846065, 0.08419558527920794]",0.85
2026-07-21T05:52:00.282579,16,No Augmentation,0,0.0,0.45244612744612744,0.0,0.0,0.0,"[0.583, 0.0, 0.015110970695031844, 0.075, 0.05, 0.8081341081890006, 0.30399901446944766, 0.0748096494794642]",0.9
2026-07-21T05:52:00.474652,17,No Augmentation,0,0.0,0.6060478736949324,0.0,0.0,0.0,"[0.5018333333333334, 0.0, 0.001968503937007874, 0.05, 0.05, 0.8523989555970456, 0.34228050615727135, 0.04294519473723332]",0.85
2026-07-21T05:52:00.662761,18,No Augmentation,0,0.0,0.5173913043478261,0.0,0.0,0.0,"[0.4576666666666667, 0.0, 0.012759121061359869, 0.025, 0.05, 0.8448575798363537, 0.31207053255269945, 0.07570068116355266]",0.85
2026-07-21T05:52:00.842845,19,No Augmentation,0,0.0,0.6031932773109243,0.0,0.0,0.0,"[0.5753333333333334, 0.0, 0.012081940804500974, 0.0, 0.06666666666666667, 0.8662558406305255, 0.30234075328380083, 0.04631180343986608]",0.85
2026-07-21T05:52:01.706931,0,Back Translation,2,0.0,0.16403093487336176,0.0,0.0,0.0,"[0.3636666666666667, 0.0, 0.010070332480818414, 0.05, 0.016666666666666666, 0.8427375607525514, 0.33051630869099996, 0.08872982524413026]",0.85
2026-07-21T05:52:02.346575,1,Back Translation,2,0.0,0.15308695652173915,0.0,0.0,0.0,"[0.4138333333333334, 0.0, 0.016230559071711233, 0.075, 0.03333333333333333, 0.856460087384235, 0.3314067653855654, 0.06781522656865366]",0.85
2026-07-21T05:52:03.153836,2,Back Translation,2,0.0,0.34776839966755935,0.0,0.0,0.0,"[0.4728333333333333, 0.0, 0.010172310981184488, 0.025, 0.03333333333333333, 0.8537020469269974, 0.35478537559830026, 0.034303041350374056]",0.85
2026-07-21T05:52:03.871965,3,Back Translation,2,0.0,0.5273219814241485,0.0,0.0,0.0,"[0.43233333333333335, 0.0, 0.022251538045888163, 0.075, 0.05, 0.85172510013431, 0.317390485002239, 0.06742000237797459]",0.85
2026-07-21T05:52:04.680666,4,Back Translation,2,0.0,0.4340080971659918,0.0,0.0,0.0,"[0.5226666666666666, 0.0, 0.014129674471060508, 0.05, 0.08333333333333333, 0.8348093728333564, 0.313562798153046, 0.07417164015645687]",0.85
2026-07-21T05:52:05.740454,5,Back Translation,2,0.0,0.6195382395382396,0.0,0.0,0.0,"[0.596, 0.0, 0.003132138404273714, 0.0, 0.03333333333333333, 0.8180512470884033, 0.3399396097730977, 0.06035111860533737]",0.85
2026-07-21T05:52:06.750029,6,Back Translation,2,0.0,0.5625527487417731,0.0,0.0,0.0,"[0.5866666666666667, 0.0, 0.02292734947662949, 0.025, 0.05, 0.8373002144884607, 0.3819543437741991, 0.04563748564001878]",0.9
2026-07-21T05:52:07.153782,7,Back Translation,2,0.0,0.5193843340814542,0.0,0.0,0.0,"[0.18783333333333332, 0.0, 0.008928571428571428, 0.0, 0.016666666666666666, 0.8981865430812583, 0.27995239792792304, 0.05942128399921086]",0.8140716957198209
2026-07-21T05:52:08.372095,8,Back Translation,2,0.0,0.5326329253162453,0.0,0.0,0.0,"[0.7056666666666667, 0.0, 0.010606249810795266, 0.05, 0.08333333333333333, 0.7990460215231565, 0.31825429250385423, 0.07013421477475074]",0.9
2026-07-21T05:52:09.069391,9,Back Translation,2,0.0,0.5457321748019422,0.0,0.0,0.0,"[0.4870000000000001, 0.0, 0.007929282093351002, 0.025, 0.05, 0.8494214180655713, 0.28004552320888776, 0.06519929799196479]",0.85
2026-07-21T05:52:09.940620,10,Back Translation,2,0.0,0.5493882433356118,0.0,0.0,0.0,"[0.5426666666666666, 0.0, 0.006408090131898972, 0.025, 0.08333333333333333, 0.849728160927237, 0.3997738188355747, 0.06157095898448713]",0.9
2026-07-21T05:52:10.655524,11,Back Translation,2,0.0,0.5872029415373069,0.0,0.0,0.0,"[0.44333333333333336, 0.0, 0.00867812581722576, 0.025, 0.03333333333333333, 0.8569026782547565, 0.3022514091610133, 0.062295460694799486]",0.85
2026-07-21T05:52:11.468348,12,Back Translation,2,0.0,0.47833060556464807,0.0,0.0,0.0,"[0.5221666666666667, 0.0, 0.021364610011868575, 0.075, 0.05, 0.8568221868347935, 0.39313844380008045, 0.056895418181867406]",0.9
2026-07-21T05:52:12.354848,13,Back Translation,2,0.0,0.5211464202539253,0.0,0.0,0.0,"[0.4893333333333335, 0.0, 0.0560263992176678, 0.1, 0.016666666666666666, 0.843912414636133, 0.3329815791870956, 0.06836180342153916]",0.9
2026-07-21T05:52:13.314787,14,Back Translation,2,0.0,0.5325160752306202,0.0,0.0,0.0,"[0.5155000000000001, 0.0, 0.023340637135238734, 0.075, 0.016666666666666666, 0.8083650501996962, 0.34379238295769854, 0.10253695556424021]",0.85
2026-07-21T05:52:14.202454,15,Back Translation,2,0.0,0.48146728610143247,0.0,0.0,0.0,"[0.5788333333333333, 0.0, 0.025538441581726905, 0.0, 0.05, 0.8222244033540067, 0.2993683679846065, 0.08419558527920794]",0.85
2026-07-21T05:52:15.147926,16,Back Translation,2,0.0,0.5545046781175813,0.0,0.0,0.0,"[0.583, 0.0, 0.015110970695031844, 0.075, 0.05, 0.8081341081890006, 0.30399901446944766, 0.0748096494794642]",0.9
2026-07-21T05:52:16.080700,17,Back Translation,2,0.0,0.5541381896439286,0.0,0.0,0.0,"[0.5018333333333334, 0.0, 0.001968503937007874, 0.05, 0.05, 0.8523989555970456, 0.34228050615727135, 0.04294519473723332]",0.85
2026-07-21T05:52:16.866935,18,Back Translation,2,0.0,0.57863732414816,0.0,0.0,0.0,"[0.4576666666666667, 0.0, 0.012759121061359869, 0.025, 0.05, 0.8448575798363537, 0.31207053255269945, 0.07570068116355266]",0.85
2026-07-21T05:52:17.243531,19,Back Translation,2,0.0,0.5211880711880712,0.0,0.0,0.0,"[0.5753333333333334, 0.0, 0.012081940804500974, 0.0, 0.06666666666666667, 0.8662558406305255, 0.30234075328380083, 0.04631180343986608]",0.85
2026-07-21T05:52:17.752333,0,BERT Contextual,2,0.0,0.17119769119769118,0.0,0.0,0.0,"[0.3636666666666667, 0.0, 0.010070332480818414, 0.05, 0.016666666666666666, 0.8427375607525514, 0.33051630869099996, 0.08872982524413026]",0.85
2026-07-21T05:52:17.974239,1,BERT Contextual,2,0.0,0.20496825779492128,0.0,0.0,0.0,"[0.4138333333333334, 0.0, 0.016230559071711233, 0.075, 0.03333333333333333, 0.856460087384235, 0.3314067653855654, 0.06781522656865366]",0.85
2026-07-21T05:52:18.211577,2,BERT Contextual,2,0.0,0.3609626740540935,0.0,0.0,0.0,"[0.4728333333333333, 0.0, 0.010172310981184488, 0.025, 0.03333333333333333, 0.8537020469269974, 0.35478537559830026, 0.034303041350374056]",0.85
2026-07-21T05:52:18.446765,3,BERT Contextual,2,0.0,0.42372710713694317,0.0,0.0,0.0,"[0.43233333333333335, 0.0, 0.022251538045888163, 0.075, 0.05, 0.85172510013431, 0.317390485002239, 0.06742000237797459]",0.85
2026-07-21T05:52:18.677724,4,BERT Contextual,2,0.0,0.4585135048574783,0.0,0.0,0.0,"[0.5226666666666666, 0.0, 0.014129674471060508, 0.05, 0.08333333333333333, 0.8348093728333564, 0.313562798153046, 0.07417164015645687]",0.85
2026-07-21T05:52:18.937556,5,BERT Contextual,2,0.0,0.5282756779420419,0.0,0.0,0.0,"[0.596, 0.0, 0.003132138404273714, 0.0, 0.03333333333333333, 0.8180512470884033, 0.3399396097730977, 0.06035111860533737]",0.85
2026-07-21T05:52:19.190442,6,BERT Contextual,2,0.0,0.52201357530935,0.0,0.0,0.0,"[0.5866666666666667, 0.0, 0.02292734947662949, 0.025, 0.05, 0.8373002144884607, 0.3819543437741991, 0.04563748564001878]",0.9
2026-07-21T05:52:19.406415,7,BERT Contextual,2,0.0,0.5052442303657811,0.0,0.0,0.0,"[0.18783333333333332, 0.0, 0.008928571428571428, 0.0, 0.016666666666666666, 0.8981865430812583, 0.27995239792792304, 0.05942128399921086]",0.8140716957198209
2026-07-21T05:52:19.687310,8,BERT Contextual,2,0.0,0.4796878589819766,0.0,0.0,0.0,"[0.7056666666666667, 0.0, 0.010606249810795266, 0.05, 0.08333333333333333, 0.7990460215231565, 0.31825429250385423, 0.07013421477475074]",0.9
2026-07-21T05:52:19.925537,9,BERT Contextual,2,0.0,0.5259305125558995,0.0,0.0,0.0,"[0.4870000000000001, 0.0, 0.007929282093351002, 0.025, 0.05, 0.8494214180655713, 0.28004552320888776, 0.06519929799196479]",0.85
2026-07-21T05:52:20.172381,10,BERT Contextual,2,0.0,0.5221851851851852,0.0,0.0,0.0,"[0.5426666666666666, 0.0, 0.006408090131898972, 0.025, 0.08333333333333333, 0.849728160927237, 0.3997738188355747, 0.06157095898448713]",0.9
2026-07-21T05:52:20.411137,11,BERT Contextual,2,0.0,0.5534994569171878,0.0,0.0,0.0,"[0.44333333333333336, 0.0, 0.00867812581722576, 0.025, 0.03333333333333333, 0.8569026782547565, 0.3022514091610133, 0.062295460694799486]",0.85
2026-07-21T05:52:20.645351,12,BERT Contextual,2,0.0,0.5771727902104443,0.0,0.0,0.0,"[0.5221666666666667, 0.0, 0.021364610011868575, 0.075, 0.05, 0.8568221868347935, 0.39313844380008045, 0.056895418181867406]",0.9
2026-07-21T05:52:20.891196,13,BERT Contextual,2,0.0,0.6429071499503476,0.0,0.0,0.0,"[0.4893333333333335, 0.0, 0.0560263992176678, 0.1, 0.016666666666666666, 0.843912414636133, 0.3329815791870956, 0.06836180342153916]",0.9
2026-07-21T05:52:21.143951,14,BERT Contextual,2,0.0,0.5870452662499058,0.0,0.0,0.0,"[0.5155000000000001, 0.0, 0.023340637135238734, 0.075, 0.016666666666666666, 0.8083650501996962, 0.34379238295769854, 0.10253695556424021]",0.85
2026-07-21T05:52:21.392821,15,BERT Contextual,2,0.0,0.6477969348659004,0.0,0.0,0.0,"[0.5788333333333333, 0.0, 0.025538441581726905, 0.0, 0.05, 0.8222244033540067, 0.2993683679846065, 0.08419558527920794]",0.85
2026-07-21T05:52:21.645613,16,BERT Contextual,2,0.0,0.6170015948963317,0.0,0.0,0.0,"[0.583, 0.0, 0.015110970695031844, 0.075, 0.05, 0.8081341081890006, 0.30399901446944766, 0.0748096494794642]",0.9
2026-07-21T05:52:21.914601,17,BERT Contextual,2,0.0,0.5812686478100012,0.0,0.0,0.0,"[0.5018333333333334, 0.0, 0.001968503937007874, 0.05, 0.05, 0.8523989555970456, 0.34228050615727135, 0.04294519473723332]",0.85
2026-07-21T05:52:22.154521,18,BERT Contextual,2,0.0,0.6013308932154433,0.0,0.0,0.0,"[0.4576666666666667, 0.0, 0.012759121061359869, 0.025, 0.05, 0.8448575798363537, 0.31207053255269945, 0.07570068116355266]",0.85
2026-07-21T05:52:22.356588,19,BERT Contextual,2,0.0,0.5558100767157371,0.0,0.0,0.0,"[0.5753333333333334, 0.0, 0.012081940804500974, 0.0, 0.06666666666666667, 0.8662558406305255, 0.30234075328380083, 0.04631180343986608]",0.85
2026-07-21T05:52:22.831278,0,No Augmentation,0,0.0,0.17119769119769118,0.0,0.0,0.0,"[0.3636666666666667, 0.0, 0.010070332480818414, 0.05, 0.016666666666666666, 0.8427375607525514, 0.33051630869099996, 0.08872982524413026]",0.85
2026-07-21T05:52:23.005943,1,No Augmentation,0,0.0,0.31861111111111107,0.0,0.0,0.0,"[0.4138333333333334, 0.0, 0.016230559071711233, 0.075, 0.03333333333333333, 0.856460087384235, 0.3314067653855654, 0.06781522656865366]",0.85
2026-07-21T05:52:23.185496,2,No Augmentation,0,0.0,0.45210692972841304,0.0,0.0,0.0,"[0.4728333333333333, 0.0, 0.010172310981184488, 0.025, 0.03333333333333333, 0.8537020469269974, 0.35478537559830026, 0.034303041350374056]",0.85
2026-07-21T05:52:23.366604,3,No Augmentation,0,0.0,0.4553728661275831,0.0,0.0,0.0,"[0.43233333333333335, 0.0, 0.022251538045888163, 0.075, 0.05, 0.85172510013431, 0.317390485002239, 0.06742000237797459]",0.85
2026-07-21T05:52:23.546203,4,No Augmentation,0,0.0,0.44209168461660153,0.0,0.0,0.0,"[0.5226666666666666, 0.0, 0.014129674471060508, 0.05, 0.08333333333333333, 0.8348093728333564, 0.313562798153046, 0.07417164015645687]",0.85
2026-07-21T05:52:23.734014,5,No Augmentation,0,0.0,0.5777148033126294,0.0,0.0,0.0,"[0.596, 0.0, 0.003132138404273714, 0.0, 0.03333333333333333, 0.8180512470884033, 0.3399396097730977, 0.06035111860533737]",0.85
2026-07-21T05:52:23.918398,6,No Augmentation,0,0.0,0.5175828877005347,0.0,0.0,0.0,"[0.5866666666666667, 0.0, 0.02292734947662949, 0.025, 0.05, 0.8373002144884607, 0.3819543437741991, 0.04563748564001878]",0.9
2026-07-21T05:52:24.095894,7,No Augmentation,0,0.0,0.5651571500456403,0.0,0.0,0.0,"[0.18783333333333332, 0.0, 0.008928571428571428, 0.0, 0.016666666666666666, 0.8981865430812583, 0.27995239792792304, 0.05942128399921086]",0.8140716957198209
2026-07-21T05:52:24.288407,8,No Augmentation,0,0.0,0.5020890430819509,0.0,0.0,0.0,"[0.7056666666666667, 0.0, 0.010606249810795266, 0.05, 0.08333333333333333, 0.7990460215231565, 0.31825429250385423, 0.07013421477475074]",0.9
2026-07-21T05:52:24.475295,9,No Augmentation,0,0.0,0.4610800114878021,0.0,0.0,0.0,"[0.4870000000000001, 0.0, 0.007929282093351002, 0.025, 0.05, 0.8494214180655713, 0.28004552320888776, 0.06519929799196479]",0.85
2026-07-21T05:52:24.660699,10,No Augmentation,0,0.0,0.5970086232530478,0.0,0.0,0.0,"[0.5426666666666666, 0.0, 0.006408090131898972, 0.025, 0.08333333333333333, 0.849728160927237, 0.3997738188355747, 0.06157095898448713]",0.9
2026-07-21T05:52:24.847263,11,No Augmentation,0,0.0,0.5127248116340011,0.0,0.0,0.0,"[0.44333333333333336, 0.0, 0.00867812581722576, 0.025, 0.03333333333333333, 0.8569026782547565, 0.3022514091610133, 0.062295460694799486]",0.85
2026-07-21T05:52:25.035556,12,No Augmentation,0,0.0,0.5381152460984394,0.0,0.0,0.0,"[0.5221666666666667, 0.0, 0.021364610011868575, 0.075, 0.05, 0.8568221868347935, 0.39313844380008045, 0.056895418181867406]",0.9
2026-07-21T05:52:25.223053,13,No Augmentation,0,0.0,0.5507094017094017,0.0,0.0,0.0,"[0.4893333333333335, 0.0, 0.0560263992176678, 0.1, 0.016666666666666666, 0.843912414636133, 0.3329815791870956, 0.06836180342153916]",0.9
2026-07-21T05:52:25.404063,14,No Augmentation,0,0.0,0.49055780563591556,0.0,0.0,0.0,"[0.5155000000000001, 0.0, 0.023340637135238734, 0.075, 0.016666666666666666, 0.8083650501996962, 0.34379238295769854, 0.10253695556424021]",0.85
2026-07-21T05:52:25.594626,15,No Augmentation,0,0.0,0.4549145299145299,0.0,0.0,0.0,"[0.5788333333333333, 0.0, 0.025538441581726905, 0.0, 0.05, 0.8222244033540067, 0.2993683679846065, 0.08419558527920794]",0.85
2026-07-21T05:52:25.781904,16,No Augmentation,0,0.0,0.48174518773597114,0.0,0.0,0.0,"[0.583, 0.0, 0.015110970695031844, 0.075, 0.05, 0.8081341081890006, 0.30399901446944766, 0.0748096494794642]",0.9
2026-07-21T05:52:25.968141,17,No Augmentation,0,0.0,0.5192684648194176,0.0,0.0,0.0,"[0.5018333333333334, 0.0, 0.001968503937007874, 0.05, 0.05, 0.8523989555970456, 0.34228050615727135, 0.04294519473723332]",0.85
2026-07-21T05:52:26.160460,18,No Augmentation,0,0.0,0.5684965598009076,0.0,0.0,0.0,"[0.4576666666666667, 0.0, 0.012759121061359869, 0.025, 0.05, 0.8448575798363537, 0.31207053255269945, 0.07570068116355266]",0.85
2026-07-21T05:52:26.347158,19,No Augmentation,0,0.0,0.534413788029283,0.0,0.0,0.0,"[0.5753333333333334, 0.0, 0.012081940804500974, 0.0, 0.06666666666666667, 0.8662558406305255, 0.30234075328380083, 0.04631180343986608]",0.85
2026-07-21T05:52:26.844117,0,No Augmentation,0,0.0,0.17119769119769118,0.0,0.0,0.0,"[0.3636666666666667, 0.0, 0.010070332480818414, 0.05, 0.016666666666666666, 0.8427375607525514, 0.33051630869099996, 0.08872982524413026]",0.85
2026-07-21T05:52:27.019595,1,No Augmentation,0,0.0,0.15618279569892474,0.0,0.0,0.0,"[0.4138333333333334, 0.0, 0.016230559071711233, 0.075, 0.03333333333333333, 0.856460087384235, 0.3314067653855654, 0.06781522656865366]",0.85
2026-07-21T05:52:27.200430,2,No Augmentation,0,0.0,0.3582430703624733,0.0,0.0,0.0,"[0.4728333333333333, 0.0, 0.010172310981184488, 0.025, 0.03333333333333333, 0.8537020469269974, 0.35478537559830026, 0.034303041350374056]",0.85
2026-07-21T05:52:27.381703,3,No Augmentation,0,0.0,0.33413461538461536,0.0,0.0,0.0,"[0.43233333333333335, 0.0, 0.022251538045888163, 0.075, 0.05, 0.85172510013431, 0.317390485002239, 0.06742000237797459]",0.85
2026-07-21T05:52:27.565521,4,No Augmentation,0,0.0,0.39291589582163644,0.0,0.0,0.0,"[0.5226666666666666, 0.0, 0.014129674471060508, 0.05, 0.08333333333333333, 0.8348093728333564, 0.313562798153046, 0.07417164015645687]",0.85
2026-07-21T05:52:27.750368,5,No Augmentation,0,0.0,0.39257199977233276,0.0,0.0,0.0,"[0.596, 0.0, 0.003132138404273714, 0.0, 0.03333333333333333, 0.8180512470884033, 0.3399396097730977, 0.06035111860533737]",0.85
2026-07-21T05:52:27.940945,6,No Augmentation,0,0.0,0.564160491398343,0.0,0.0,0.0,"[0.5866666666666667, 0.0, 0.02292734947662949, 0.025, 0.05, 0.8373002144884607, 0.3819543437741991, 0.04563748564001878]",0.9
2026-07-21T05:52:28.127813,7,No Augmentation,0,0.0,0.5342712842712842,0.0,0.0,0.0,"[0.18783333333333332, 0.0, 0.008928571428571428, 0.0, 0.016666666666666666, 0.8981865430812583, 0.27995239792792304, 0.05942128399921086]",0.8140716957198209
2026-07-21T05:52:28.315539,8,No Augmentation,0,0.0,0.5246060606060606,0.0,0.0,0.0,"[0.7056666666666667, 0.0, 0.010606249810795266, 0.05, 0.08333333333333333, 0.7990460215231565, 0.31825429250385423, 0.07013421477475074]",0.9
2026-07-21T05:52:28.503474,9,No Augmentation,0,0.0,0.6012669196710942,0.0,0.0,0.0,"[0.4870000000000001, 0.0, 0.007929282093351002, 0.025, 0.05, 0.8494214180655713, 0.28004552320888776, 0.06519929799196479]",0.85
2026-07-21T05:52:28.691955,10,No Augmentation,0,0.0,0.6511835748792271,0.0,0.0,0.0,"[0.5426666666666666, 0.0, 0.006408090131898972, 0.025, 0.08333333333333333, 0.849728160927237, 0.3997738188355747, 0.06157095898448713]",0.9
2026-07-21T05:52:28.871626,11,No Augmentation,0,0.0,0.648074888074888,0.0,0.0,0.0,"[0.44333333333333336, 0.0, 0.00867812581722576, 0.025, 0.03333333333333333, 0.8569026782547565, 0.3022514091610133, 0.062295460694799486]",0.85
2026-07-21T05:52:29.053204,12,No Augmentation,0,0.0,0.6439857686464874,0.0,0.0,0.0,"[0.5221666666666667, 0.0, 0.021364610011868575, 0.075, 0.05, 0.8568221868347935, 0.39313844380008045, 0.056895418181867406]",0.9
2026-07-21T05:52:29.238009,13,No Augmentation,0,0.0,0.6808073755818116,0.0,0.0,0.0,"[0.4893333333333335, 0.0, 0.0560263992176678, 0.1, 0.016666666666666666, 0.843912414636133, 0.3329815791870956, 0.06836180342153916]",0.9
2026-07-21T05:52:29.425236,14,No Augmentation,0,0.0,0.5845862470862471,0.0,0.0,0.0,"[0.5155000000000001, 0.0, 0.023340637135238734, 0.075, 0.016666666666666666, 0.8083650501996962, 0.34379238295769854, 0.10253695556424021]",0.85
2026-07-21T05:52:29.619468,15,No Augmentation,0,0.0,0.5628972103165651,0.0,0.0,0.0,"[0.5788333333333333, 0.0, 0.025538441581726905, 0.0, 0.05, 0.8222244033540067, 0.2993683679846065, 0.08419558527920794]",0.85
2026-07-21T05:52:29.804530,16,No Augmentation,0,0.0,0.5869731870039234,0.0,0.0,0.0,"[0.583, 0.0, 0.015110970695031844, 0.075, 0.05, 0.8081341081890006, 0.30399901446944766, 0.0748096494794642]",0.9
2026-07-21T05:52:29.989421,17,No Augmentation,0,0.0,0.5922204273854585,0.0,0.0,0.0,"[0.5018333333333334, 0.0, 0.001968503937007874, 0.05, 0.05, 0.8523989555970456, 0.34228050615727135, 0.04294519473723332]",0.85
2026-07-21T05:52:30.172867,18,No Augmentation,0,0.0,0.6245984045030866,0.0,0.0,0.0,"[0.4576666666666667, 0.0, 0.012759121061359869, 0.025, 0.05, 0.8448575798363537, 0.31207053255269945, 0.07570068116355266]",0.85
2026-07-21T05:52:30.354856,19,No Augmentation,0,0.0,0.5885402739014733,0.0,0.0,0.0,"[0.5753333333333334, 0.0, 0.012081940804500974, 0.0, 0.06666666666666667, 0.8662558406305255, 0.30234075328380083, 0.04631180343986608]",0.85
2026-07-21T08:24:23.740640,0,EDA,2,0.0,0.14362083428658584,0.0,0.0,0.0,"[0.3636666666666667, 0.0, 0.010070332480818414, 0.05, 0.016666666666666666, 0.8427375607525514, 0.33051630869099996, 0.08872982524413026]",0.85
2026-07-21T08:24:24.299293,1,EDA,2,0.0,0.3532156283566058,0.0,0.0,0.0,"[0.4138333333333334, 0.0, 0.016230559071711233, 0.075, 0.03333333333333333, 0.856460087384235, 0.3314067653855654, 0.06781522656865366]",0.85
2026-07-21T08:24:24.965921,2,EDA,2,0.0,0.32568339461956486,0.0,0.0,0.0,"[0.4728333333333333, 0.0, 0.010172310981184488, 0.025, 0.03333333333333333, 0.8537020469269974, 0.35478537559830026, 0.034303041350374056]",0.85
2026-07-21T08:24:25.608699,3,Hybrid,4,0.8105478912617676,0.4177335625972325,0.8105478912617676,0.5403652608411784,0.4452132174329686,"[0.43233333333333335, 0.0, 0.022251538045888163, 0.075, 0.05, 0.85172510013431, 0.317390485002239, 0.06742000237797459]",0.85
2026-07-21T08:24:26.133723,4,Hybrid,2,0.7885838740251894,0.5519582378405908,0.7885838740251894,0.5257225826834596,0.2996018587813896,"[0.5226666666666666, 0.0, 0.014129674471060508, 0.05, 0.08333333333333333, 0.8348093728333564, 0.313562798153046, 0.07417164015645687]",0.85
2026-07-21T08:24:26.828160,5,Hybrid,2,0.4769285940971794,0.5168486458128403,0.4769285940971794,0.31795239606478626,0.03209484448758083,"[0.596, 0.0, 0.003132138404273714, 0.0, 0.03333333333333333, 0.8180512470884033, 0.3399396097730977, 0.06035111860533737]",0.85
2026-07-21T08:24:27.434561,6,Hybrid,2,0.4920299686257705,0.4897959183673469,0.4920299686257705,0.328019979083847,0.09372974161476672,"[0.5866666666666667, 0.0, 0.02292734947662949, 0.025, 0.05, 0.8373002144884607, 0.3819543437741991, 0.04563748564001878]",0.9
2026-07-21T08:24:27.790217,7,Hybrid,2,0.4655803041898042,0.5302991795694283,0.4655803041898042,0.31038686945986943,0.29378221759422973,"[0.18783333333333332, 0.0, 0.008928571428571428, 0.0, 0.016666666666666666, 0.8981865430812583, 0.27995239792792304, 0.05942128399921086]",0.8140716957198209
2026-07-21T08:24:30.908329,0,No Augmentation,0,0.0,0.17119769119769118,0.0,0.0,0.0,"[0.3636666666666667, 0.0, 0.010070332480818414, 0.05, 0.016666666666666666, 0.8427375607525514, 0.33051630869099996, 0.08872982524413026]",0.85
2026-07-21T08:24:31.092758,1,No Augmentation,0,0.0,0.19415870548484943,0.0,0.0,0.0,"[0.4138333333333334, 0.0, 0.016230559071711233, 0.075, 0.03333333333333333, 0.856460087384235, 0.3314067653855654, 0.06781522656865366]",0.85
2026-07-21T08:24:31.280294,2,No Augmentation,0,0.0,0.34791125541125545,0.0,0.0,0.0,"[0.4728333333333333, 0.0, 0.010172310981184488, 0.025, 0.03333333333333333, 0.8537020469269974, 0.35478537559830026, 0.034303041350374056]",0.85
2026-07-21T08:24:31.466236,3,No Augmentation,0,0.0,0.34673486786018753,0.0,0.0,0.0,"[0.43233333333333335, 0.0, 0.022251538045888163, 0.075, 0.05, 0.85172510013431, 0.317390485002239, 0.06742000237797459]",0.85
2026-07-21T08:24:31.653696,4,No Augmentation,0,0.0,0.4985204081632653,0.0,0.0,0.0,"[0.5226666666666666, 0.0, 0.014129674471060508, 0.05, 0.08333333333333333, 0.8348093728333564, 0.313562798153046, 0.07417164015645687]",0.85
2026-07-21T08:24:31.849186,5,No Augmentation,0,0.0,0.5779562888985381,0.0,0.0,0.0,"[0.596, 0.0, 0.003132138404273714, 0.0, 0.03333333333333333, 0.8180512470884033, 0.3399396097730977, 0.06035111860533737]",0.85
2026-07-21T08:24:32.047702,6,No Augmentation,0,0.0,0.5707422402159243,0.0,0.0,0.0,"[0.5866666666666667, 0.0, 0.02292734947662949, 0.025, 0.05, 0.8373002144884607, 0.3819543437741991, 0.04563748564001878]",0.9
2026-07-21T08:24:32.240388,7,No Augmentation,0,0.0,0.49416404384146323,0.0,0.0,0.0,"[0.18783333333333332, 0.0, 0.008928571428571428, 0.0, 0.016666666666666666, 0.8981865430812583, 0.27995239792792304, 0.05942128399921086]",0.8140716957198209
2026-07-21T08:24:32.437291,8,No Augmentation,0,0.0,0.5005613028266506,0.0,0.0,0.0,"[0.7056666666666667, 0.0, 0.010606249810795266, 0.05, 0.08333333333333333, 0.7990460215231565, 0.31825429250385423, 0.07013421477475074]",0.9
2026-07-21T08:24:32.628931,9,No Augmentation,0,0.0,0.5023065650972628,0.0,0.0,0.0,"[0.4870000000000001, 0.0, 0.007929282093351002, 0.025, 0.05, 0.8494214180655713, 0.28004552320888776, 0.06519929799196479]",0.85
2026-07-21T08:24:32.824468,10,No Augmentation,0,0.0,0.5616088297667245,0.0,0.0,0.0,"[0.5426666666666666, 0.0, 0.006408090131898972, 0.025, 0.08333333333333333, 0.849728160927237, 0.3997738188355747, 0.06157095898448713]",0.9
2026-07-21T08:24:33.019766,11,No Augmentation,0,0.0,0.568039099867172,0.0,0.0,0.0,"[0.44333333333333336, 0.0, 0.00867812581722576, 0.025, 0.03333333333333333, 0.8569026782547565, 0.3022514091610133, 0.062295460694799486]",0.85
2026-07-21T08:24:33.217906,12,No Augmentation,0,0.0,0.548083251607279,0.0,0.0,0.0,"[0.5221666666666667, 0.0, 0.021364610011868575, 0.075, 0.05, 0.8568221868347935, 0.39313844380008045, 0.056895418181867406]",0.9
2026-07-21T08:24:33.414575,13,No Augmentation,0,0.0,0.5539707351472057,0.0,0.0,0.0,"[0.4893333333333335, 0.0, 0.0560263992176678, 0.1, 0.016666666666666666, 0.843912414636133, 0.3329815791870956, 0.06836180342153916]",0.9
2026-07-21T08:24:33.611223,14,No Augmentation,0,0.0,0.4998579897075109,0.0,0.0,0.0,"[0.5155000000000001, 0.0, 0.023340637135238734, 0.075, 0.016666666666666666, 0.8083650501996962, 0.34379238295769854, 0.10253695556424021]",0.85
2026-07-21T08:24:33.812379,15,No Augmentation,0,0.0,0.48654658035462994,0.0,0.0,0.0,"[0.5788333333333333, 0.0, 0.025538441581726905, 0.0, 0.05, 0.8222244033540067, 0.2993683679846065, 0.08419558527920794]",0.85
2026-07-21T08:24:34.014608,16,No Augmentation,0,0.0,0.531271750589712,0.0,0.0,0.0,"[0.583, 0.0, 0.015110970695031844, 0.075, 0.05, 0.8081341081890006, 0.30399901446944766, 0.0748096494794642]",0.9
2026-07-21T08:24:34.213157,17,No Augmentation,0,0.0,0.6510490936046903,0.0,0.0,0.0,"[0.5018333333333334, 0.0, 0.001968503937007874, 0.05, 0.05, 0.8523989555970456, 0.34228050615727135, 0.04294519473723332]",0.85
2026-07-21T08:24:34.413946,18,No Augmentation,0,0.0,0.605899641577061,0.0,0.0,0.0,"[0.4576666666666667, 0.0, 0.012759121061359869, 0.025, 0.05, 0.8448575798363537, 0.31207053255269945, 0.07570068116355266]",0.85
2026-07-21T08:24:34.611099,19,No Augmentation,0,0.0,0.5767778948600867,0.0,0.0,0.0,"[0.5753333333333334, 0.0, 0.012081940804500974, 0.0, 0.06666666666666667, 0.8662558406305255, 0.30234075328380083, 0.04631180343986608]",0.85
2026-07-21T08:24:34.991164,0,No Augmentation,0,0.0,0.17119769119769118,0.0,0.0,0.0,"[0.3636666666666667, 0.0, 0.010070332480818414, 0.05, 0.016666666666666666, 0.8427375607525514, 0.33051630869099996, 0.08872982524413026]",0.85
2026-07-21T08:24:35.178236,1,No Augmentation,0,0.0,0.17712936688840303,0.0,0.0,0.0,"[0.4138333333333334, 0.0, 0.016230559071711233, 0.075, 0.03333333333333333, 0.856460087384235, 0.3314067653855654, 0.06781522656865366]",0.85
2026-07-21T08:24:35.365038,2,No Augmentation,0,0.0,0.3617197217197217,0.0,0.0,0.0,"[0.4728333333333333, 0.0, 0.010172310981184488, 0.025, 0.03333333333333333, 0.8537020469269974, 0.35478537559830026, 0.034303041350374056]",0.85
2026-07-21T08:24:35.556148,3,No Augmentation,0,0.0,0.33099467874666233,0.0,0.0,0.0,"[0.43233333333333335, 0.0, 0.022251538045888163, 0.075, 0.05, 0.85172510013431, 0.317390485002239, 0.06742000237797459]",0.85
2026-07-21T08:24:35.746429,4,No Augmentation,0,0.0,0.454319955406912,0.0,0.0,0.0,"[0.5226666666666666, 0.0, 0.014129674471060508, 0.05, 0.08333333333333333, 0.8348093728333564, 0.313562798153046, 0.07417164015645687]",0.85
2026-07-21T08:24:35.944151,5,No Augmentation,0,0.0,0.5763990911049734,0.0,0.0,0.0,"[0.596, 0.0, 0.003132138404273714, 0.0, 0.03333333333333333, 0.8180512470884033, 0.3399396097730977, 0.06035111860533737]",0.85
2026-07-21T08:24:36.140929,6,No Augmentation,0,0.0,0.5400289438393038,0.0,0.0,0.0,"[0.5866666666666667, 0.0, 0.02292734947662949, 0.025, 0.05, 0.8373002144884607, 0.3819543437741991, 0.04563748564001878]",0.9
2026-07-21T08:24:36.334620,7,No Augmentation,0,0.0,0.5528480291638186,0.0,0.0,0.0,"[0.18783333333333332, 0.0, 0.008928571428571428, 0.0, 0.016666666666666666, 0.8981865430812583, 0.27995239792792304, 0.05942128399921086]",0.8140716957198209
2026-07-21T08:24:36.532162,8,No Augmentation,0,0.0,0.5549548586362556,0.0,0.0,0.0,"[0.7056666666666667, 0.0, 0.010606249810795266, 0.05, 0.08333333333333333, 0.7990460215231565, 0.31825429250385423, 0.07013421477475074]",0.9
2026-07-21T08:24:36.727431,9,No Augmentation,0,0.0,0.6200455052678869,0.0,0.0,0.0,"[0.4870000000000001, 0.0, 0.007929282093351002, 0.025, 0.05, 0.8494214180655713, 0.28004552320888776, 0.06519929799196479]",0.85
2026-07-21T08:24:36.925098,10,No Augmentation,0,0.0,0.632340047129963,0.0,0.0,0.0,"[0.5426666666666666, 0.0, 0.006408090131898972, 0.025, 0.08333333333333333, 0.849728160927237, 0.3997738188355747, 0.06157095898448713]",0.9
2026-07-21T08:24:37.119355,11,No Augmentation,0,0.0,0.6349644702842376,0.0,0.0,0.0,"[0.44333333333333336, 0.0, 0.00867812581722576, 0.025, 0.03333333333333333, 0.8569026782547565, 0.3022514091610133, 0.062295460694799486]",0.85
2026-07-21T08:24:37.321333,12,No Augmentation,0,0.0,0.5268556005398111,0.0,0.0,0.0,"[0.5221666666666667, 0.0, 0.021364610011868575, 0.075, 0.05, 0.8568221868347935, 0.39313844380008045, 0.056895418181867406]",0.9
2026-07-21T08:24:37.529905,13,No Augmentation,0,0.0,0.5591498595922995,0.0,0.0,0.0,"[0.4893333333333335, 0.0, 0.0560263992176678, 0.1, 0.016666666666666666, 0.843912414636133, 0.3329815791870956, 0.06836180342153916]",0.9
2026-07-21T08:24:37.728204,14,No Augmentation,0,0.0,0.49837146301003654,0.0,0.0,0.0,"[0.5155000000000001, 0.0, 0.023340637135238734, 0.075, 0.016666666666666666, 0.8083650501996962, 0.34379238295769854, 0.10253695556424021]",0.85
2026-07-21T08:24:37.922131,15,No Augmentation,0,0.0,0.51843383324637,0.0,0.0,0.0,"[0.5788333333333333, 0.0, 0.025538441581726905, 0.0, 0.05, 0.8222244033540067, 0.2993683679846065, 0.08419558527920794]",0.85
2026-07-21T08:24:38.121460,16,No Augmentation,0,0.0,0.49653870956793267,0.0,0.0,0.0,"[0.583, 0.0, 0.015110970695031844, 0.075, 0.05, 0.8081341081890006, 0.30399901446944766, 0.0748096494794642]",0.9
2026-07-21T08:24:38.326150,17,No Augmentation,0,0.0,0.5652666033153838,0.0,0.0,0.0,"[0.5018333333333334, 0.0, 0.001968503937007874, 0.05, 0.05, 0.8523989555970456, 0.34228050615727135, 0.04294519473723332]",0.85
2026-07-21T08:24:38.530062,18,No Augmentation,0,0.0,0.6271128104199211,0.0,0.0,0.0,"[0.4576666666666667, 0.0, 0.012759121061359869, 0.025, 0.05, 0.8448575798363537, 0.31207053255269945, 0.07570068116355266]",0.85
2026-07-21T08:24:38.722498,19,No Augmentation,0,0.0,0.6041387559808612,0.0,0.0,0.0,"[0.5753333333333334, 0.0, 0.012081940804500974, 0.0, 0.06666666666666667, 0.8662558406305255, 0.30234075328380083, 0.04631180343986608]",0.85
2026-07-21T08:24:39.094825,0,No Augmentation,0,0.0,0.17119769119769118,0.0,0.0,0.0,"[0.3636666666666667, 0.0, 0.010070332480818414, 0.05, 0.016666666666666666, 0.8427375607525514, 0.33051630869099996, 0.08872982524413026]",0.85
2026-07-21T08:24:39.280028,1,No Augmentation,0,0.0,0.18698110074069155,0.0,0.0,0.0,"[0.4138333333333334, 0.0, 0.016230559071711233, 0.075, 0.03333333333333333, 0.856460087384235, 0.3314067653855654, 0.06781522656865366]",0.85
2026-07-21T08:24:39.470636,2,No Augmentation,0,0.0,0.3646036809006915,0.0,0.0,0.0,"[0.4728333333333333, 0.0, 0.010172310981184488, 0.025, 0.03333333333333333, 0.8537020469269974, 0.35478537559830026, 0.034303041350374056]",0.85
2026-07-21T08:24:39.657786,3,No Augmentation,0,0.0,0.3883741623416217,0.0,0.0,0.0,"[0.43233333333333335, 0.0, 0.022251538045888163, 0.075, 0.05, 0.85172510013431, 0.317390485002239, 0.06742000237797459]",0.85
2026-07-21T08:24:39.846437,4,No Augmentation,0,0.0,0.42289016998984996,0.0,0.0,0.0,"[0.5226666666666666, 0.0, 0.014129674471060508, 0.05, 0.08333333333333333, 0.8348093728333564, 0.313562798153046, 0.07417164015645687]",0.85
2026-07-21T08:24:40.045788,5,No Augmentation,0,0.0,0.5290099354197715,0.0,0.0,0.0,"[0.596, 0.0, 0.003132138404273714, 0.0, 0.03333333333333333, 0.8180512470884033, 0.3399396097730977, 0.06035111860533737]",0.85
2026-07-21T08:24:40.242637,6,No Augmentation,0,0.0,0.4767325367814874,0.0,0.0,0.0,"[0.5866666666666667, 0.0, 0.02292734947662949, 0.025, 0.05, 0.8373002144884607, 0.3819543437741991, 0.04563748564001878]",0.9
2026-07-21T08:24:40.433466,7,No Augmentation,0,0.0,0.5683936386409227,0.0,0.0,0.0,"[0.18783333333333332, 0.0, 0.008928571428571428, 0.0, 0.016666666666666666, 0.8981865430812583, 0.27995239792792304, 0.05942128399921086]",0.8140716957198209
2026-07-21T08:24:40.626472,8,No Augmentation,0,0.0,0.5443604856877168,0.0,0.0,0.0,"[0.7056666666666667, 0.0, 0.010606249810795266, 0.05, 0.08333333333333333, 0.7990460215231565, 0.31825429250385423, 0.07013421477475074]",0.9
2026-07-21T08:24:40.818424,9,No Augmentation,0,0.0,0.5790862648031936,0.0,0.0,0.0,"[0.4870000000000001, 0.0, 0.007929282093351002, 0.025, 0.05, 0.8494214180655713, 0.28004552320888776, 0.06519929799196479]",0.85
2026-07-21T08:24:41.013383,10,No Augmentation,0,0.0,0.5307780772686433,0.0,0.0,0.0,"[0.5426666666666666, 0.0, 0.006408090131898972, 0.025, 0.08333333333333333, 0.849728160927237, 0.3997738188355747, 0.06157095898448713]",0.9
2026-07-21T08:24:41.200192,11,No Augmentation,0,0.0,0.5043835755037801,0.0,0.0,0.0,"[0.44333333333333336, 0.0, 0.00867812581722576, 0.025, 0.03333333333333333, 0.8569026782547565, 0.3022514091610133, 0.062295460694799486]",0.85
2026-07-21T08:24:41.391870,12,No Augmentation,0,0.0,0.5499629912571089,0.0,0.0,0.0,"[0.5221666666666667, 0.0, 0.021364610011868575, 0.075, 0.05, 0.8568221868347935, 0.39313844380008045, 0.056895418181867406]",0.9
2026-07-21T08:24:41.586826,13,No Augmentation,0,0.0,0.5530941229393243,0.0,0.0,0.0,"[0.4893333333333335, 0.0, 0.0560263992176678, 0.1, 0.016666666666666666, 0.843912414636133, 0.3329815791870956, 0.06836180342153916]",0.9
2026-07-21T08:24:41.783930,14,No Augmentation,0,0.0,0.545972173597334,0.0,0.0,0.0,"[0.5155000000000001, 0.0, 0.023340637135238734, 0.075, 0.016666666666666666, 0.8083650501996962, 0.34379238295769854, 0.10253695556424021]",0.85
2026-07-21T08:24:41.980420,15,No Augmentation,0,0.0,0.5194031273836766,0.0,0.0,0.0,"[0.5788333333333333, 0.0, 0.025538441581726905, 0.0, 0.05, 0.8222244033540067, 0.2993683679846065, 0.08419558527920794]",0.85
2026-07-21T08:24:42.170378,16,No Augmentation,0,0.0,0.45244612744612744,0.0,0.0,0.0,"[0.583, 0.0, 0.015110970695031844, 0.075, 0.05, 0.8081341081890006, 0.30399901446944766, 0.0748096494794642]",0.9
2026-07-21T08:24:42.367584,17,No Augmentation,0,0.0,0.6060478736949324,0.0,0.0,0.0,"[0.5018333333333334, 0.0, 0.001968503937007874, 0.05, 0.05, 0.8523989555970456, 0.34228050615727135, 0.04294519473723332]",0.85
2026-07-21T08:24:42.564960,18,No Augmentation,0,0.0,0.5173913043478261,0.0,0.0,0.0,"[0.4576666666666667, 0.0, 0.012759121061359869, 0.025, 0.05, 0.8448575798363537, 0.31207053255269945, 0.07570068116355266]",0.85
2026-07-21T08:24:42.752199,19,No Augmentation,0,0.0,0.6031932773109243,0.0,0.0,0.0,"[0.5753333333333334, 0.0, 0.012081940804500974, 0.0, 0.06666666666666667, 0.8662558406305255, 0.30234075328380083, 0.04631180343986608]",0.85
2026-07-21T08:24:43.479396,0,Back Translation,2,0.0,0.16403093487336176,0.0,0.0,0.0,"[0.3636666666666667, 0.0, 0.010070332480818414, 0.05, 0.016666666666666666, 0.8427375607525514, 0.33051630869099996, 0.08872982524413026]",0.85
2026-07-21T08:24:44.099360,1,Back Translation,2,0.0,0.15308695652173915,0.0,0.0,0.0,"[0.4138333333333334, 0.0, 0.016230559071711233, 0.075, 0.03333333333333333, 0.856460087384235, 0.3314067653855654, 0.06781522656865366]",0.85
2026-07-21T08:24:44.861524,2,Back Translation,2,0.0,0.34776839966755935,0.0,0.0,0.0,"[0.4728333333333333, 0.0, 0.010172310981184488, 0.025, 0.03333333333333333, 0.8537020469269974, 0.35478537559830026, 0.034303041350374056]",0.85
2026-07-21T08:24:45.567281,3,Back Translation,2,0.0,0.5273219814241485,0.0,0.0,0.0,"[0.43233333333333335, 0.0, 0.022251538045888163, 0.075, 0.05, 0.85172510013431, 0.317390485002239, 0.06742000237797459]",0.85
2026-07-21T08:24:46.330779,4,Back Translation,2,0.0,0.4340080971659918,0.0,0.0,0.0,"[0.5226666666666666, 0.0, 0.014129674471060508, 0.05, 0.08333333333333333, 0.8348093728333564, 0.313562798153046, 0.07417164015645687]",0.85
2026-07-21T08:24:47.340963,5,Back Translation,2,0.0,0.6195382395382396,0.0,0.0,0.0,"[0.596, 0.0, 0.003132138404273714, 0.0, 0.03333333333333333, 0.8180512470884033, 0.3399396097730977, 0.06035111860533737]",0.85
2026-07-21T08:24:48.261022,6,Back Translation,2,0.0,0.5625527487417731,0.0,0.0,0.0,"[0.5866666666666667, 0.0, 0.02292734947662949, 0.025, 0.05, 0.8373002144884607, 0.3819543437741991, 0.04563748564001878]",0.9
2026-07-21T08:24:48.648897,7,Back Translation,2,0.0,0.5261814667387423,0.0,0.0,0.0,"[0.18783333333333332, 0.0, 0.008928571428571428, 0.0, 0.016666666666666666, 0.8981865430812583, 0.27995239792792304, 0.05942128399921086]",0.8140716957198209
2026-07-21T08:24:49.778758,8,Back Translation,2,0.0,0.5231942601602044,0.0,0.0,0.0,"[0.7056666666666667, 0.0, 0.010606249810795266, 0.05, 0.08333333333333333, 0.7990460215231565, 0.31825429250385423, 0.07013421477475074]",0.9
2026-07-21T08:24:50.452208,9,Back Translation,2,0.0,0.5397581488279163,0.0,0.0,0.0,"[0.4870000000000001, 0.0, 0.007929282093351002, 0.025, 0.05, 0.8494214180655713, 0.28004552320888776, 0.06519929799196479]",0.85
2026-07-21T08:24:51.271287,10,Back Translation,2,0.0,0.5426975004561212,0.0,0.0,0.0,"[0.5426666666666666, 0.0, 0.006408090131898972, 0.025, 0.08333333333333333, 0.849728160927237, 0.3997738188355747, 0.06157095898448713]",0.9
2026-07-21T08:24:51.948118,11,Back Translation,2,0.0,0.5794695429049584,0.0,0.0,0.0,"[0.44333333333333336, 0.0, 0.00867812581722576, 0.025, 0.03333333333333333, 0.8569026782547565, 0.3022514091610133, 0.062295460694799486]",0.85
2026-07-21T08:24:52.722115,12,Back Translation,2,0.0,0.47833060556464807,0.0,0.0,0.0,"[0.5221666666666667, 0.0, 0.021364610011868575, 0.075, 0.05, 0.8568221868347935, 0.39313844380008045, 0.056895418181867406]",0.9
2026-07-21T08:24:53.551209,13,Back Translation,2,0.0,0.5299413210491417,0.0,0.0,0.0,"[0.4893333333333335, 0.0, 0.0560263992176678, 0.1, 0.016666666666666666, 0.843912414636133, 0.3329815791870956, 0.06836180342153916]",0.9
2026-07-21T08:24:54.444624,14,Back Translation,2,0.0,0.5191581438067218,0.0,0.0,0.0,"[0.5155000000000001, 0.0, 0.023340637135238734, 0.075, 0.016666666666666666, 0.8083650501996962, 0.34379238295769854, 0.10253695556424021]",0.85
2026-07-21T08:24:55.288422,15,Back Translation,2,0.0,0.47397124887690933,0.0,0.0,0.0,"[0.5788333333333333, 0.0, 0.025538441581726905, 0.0, 0.05, 0.8222244033540067, 0.2993683679846065, 0.08419558527920794]",0.85
2026-07-21T08:24:56.174488,16,Back Translation,2,0.0,0.5537153043035395,0.0,0.0,0.0,"[0.583, 0.0, 0.015110970695031844, 0.075, 0.05, 0.8081341081890006, 0.30399901446944766, 0.0748096494794642]",0.9
2026-07-21T08:24:57.039893,17,Back Translation,2,0.0,0.554856400004996,0.0,0.0,0.0,"[0.5018333333333334, 0.0, 0.001968503937007874, 0.05, 0.05, 0.8523989555970456, 0.34228050615727135, 0.04294519473723332]",0.85
2026-07-21T08:24:57.792265,18,Back Translation,2,0.0,0.587244933858711,0.0,0.0,0.0,"[0.4576666666666667, 0.0, 0.012759121061359869, 0.025, 0.05, 0.8448575798363537, 0.31207053255269945, 0.07570068116355266]",0.85
2026-07-21T08:24:58.147408,19,Back Translation,2,0.0,0.541029341029341,0.0,0.0,0.0,"[0.5753333333333334, 0.0, 0.012081940804500974, 0.0, 0.06666666666666667, 0.8662558406305255, 0.30234075328380083, 0.04631180343986608]",0.85
2026-07-21T08:24:58.556502,0,BERT Contextual,2,0.0,0.17119769119769118,0.0,0.0,0.0,"[0.3636666666666667, 0.0, 0.010070332480818414, 0.05, 0.016666666666666666, 0.8427375607525514, 0.33051630869099996, 0.08872982524413026]",0.85
2026-07-21T08:24:58.782248,1,BERT Contextual,2,0.0,0.20496825779492128,0.0,0.0,0.0,"[0.4138333333333334, 0.0, 0.016230559071711233, 0.075, 0.03333333333333333, 0.856460087384235, 0.3314067653855654, 0.06781522656865366]",0.85
2026-07-21T08:24:59.017385,2,BERT Contextual,2,0.0,0.3609626740540935,0.0,0.0,0.0,"[0.4728333333333333, 0.0, 0.010172310981184488, 0.025, 0.03333333333333333, 0.8537020469269974, 0.35478537559830026, 0.034303041350374056]",0.85
2026-07-21T08:24:59.246985,3,BERT Contextual,2,0.0,0.42372710713694317,0.0,0.0,0.0,"[0.43233333333333335, 0.0, 0.022251538045888163, 0.075, 0.05, 0.85172510013431, 0.317390485002239, 0.06742000237797459]",0.85
2026-07-21T08:24:59.495066,4,BERT Contextual,2,0.0,0.4585135048574783,0.0,0.0,0.0,"[0.5226666666666666, 0.0, 0.014129674471060508, 0.05, 0.08333333333333333, 0.8348093728333564, 0.313562798153046, 0.07417164015645687]",0.85
2026-07-21T08:24:59.763299,5,BERT Contextual,2,0.0,0.5282756779420419,0.0,0.0,0.0,"[0.596, 0.0, 0.003132138404273714, 0.0, 0.03333333333333333, 0.8180512470884033, 0.3399396097730977, 0.06035111860533737]",0.85
2026-07-21T08:25:00.013571,6,BERT Contextual,2,0.0,0.52201357530935,0.0,0.0,0.0,"[0.5866666666666667, 0.0, 0.02292734947662949, 0.025, 0.05, 0.8373002144884607, 0.3819543437741991, 0.04563748564001878]",0.9
2026-07-21T08:25:00.230579,7,BERT Contextual,2,0.0,0.5052442303657811,0.0,0.0,0.0,"[0.18783333333333332, 0.0, 0.008928571428571428, 0.0, 0.016666666666666666, 0.8981865430812583, 0.27995239792792304, 0.05942128399921086]",0.8140716957198209
2026-07-21T08:25:00.509027,8,BERT Contextual,2,0.0,0.4796878589819766,0.0,0.0,0.0,"[0.7056666666666667, 0.0, 0.010606249810795266, 0.05, 0.08333333333333333, 0.7990460215231565, 0.31825429250385423, 0.07013421477475074]",0.9
2026-07-21T08:25:00.746417,9,BERT Contextual,2,0.0,0.5259305125558995,0.0,0.0,0.0,"[0.4870000000000001, 0.0, 0.007929282093351002, 0.025, 0.05, 0.8494214180655713, 0.28004552320888776, 0.06519929799196479]",0.85
2026-07-21T08:25:00.994458,10,BERT Contextual,2,0.0,0.5221851851851852,0.0,0.0,0.0,"[0.5426666666666666, 0.0, 0.006408090131898972, 0.025, 0.08333333333333333, 0.849728160927237, 0.3997738188355747, 0.06157095898448713]",0.9
2026-07-21T08:25:01.232015,11,BERT Contextual,2,0.0,0.5534994569171878,0.0,0.0,0.0,"[0.44333333333333336, 0.0, 0.00867812581722576, 0.025, 0.03333333333333333, 0.8569026782547565, 0.3022514091610133, 0.062295460694799486]",0.85
2026-07-21T08:25:01.467962,12,BERT Contextual,2,0.0,0.5771727902104443,0.0,0.0,0.0,"[0.5221666666666667, 0.0, 0.021364610011868575, 0.075, 0.05, 0.8568221868347935, 0.39313844380008045, 0.056895418181867406]",0.9
2026-07-21T08:25:01.718337,13,BERT Contextual,2,0.0,0.6429071499503476,0.0,0.0,0.0,"[0.4893333333333335, 0.0, 0.0560263992176678, 0.1, 0.016666666666666666, 0.843912414636133, 0.3329815791870956, 0.06836180342153916]",0.9
2026-07-21T08:25:01.969141,14,BERT Contextual,2,0.0,0.5870452662499058,0.0,0.0,0.0,"[0.5155000000000001, 0.0, 0.023340637135238734, 0.075, 0.016666666666666666, 0.8083650501996962, 0.34379238295769854, 0.10253695556424021]",0.85
2026-07-21T08:25:02.219544,15,BERT Contextual,2,0.0,0.6477969348659004,0.0,0.0,0.0,"[0.5788333333333333, 0.0, 0.025538441581726905, 0.0, 0.05, 0.8222244033540067, 0.2993683679846065, 0.08419558527920794]",0.85
2026-07-21T08:25:02.462624,16,BERT Contextual,2,0.0,0.6170015948963317,0.0,0.0,0.0,"[0.583, 0.0, 0.015110970695031844, 0.075, 0.05, 0.8081341081890006, 0.30399901446944766, 0.0748096494794642]",0.9
2026-07-21T08:25:02.724332,17,BERT Contextual,2,0.0,0.5812686478100012,0.0,0.0,0.0,"[0.5018333333333334, 0.0, 0.001968503937007874, 0.05, 0.05, 0.8523989555970456, 0.34228050615727135, 0.04294519473723332]",0.85
2026-07-21T08:25:02.967117,18,BERT Contextual,2,0.0,0.6013308932154433,0.0,0.0,0.0,"[0.4576666666666667, 0.0, 0.012759121061359869, 0.025, 0.05, 0.8448575798363537, 0.31207053255269945, 0.07570068116355266]",0.85
2026-07-21T08:25:03.175597,19,BERT Contextual,2,0.0,0.5558100767157371,0.0,0.0,0.0,"[0.5753333333333334, 0.0, 0.012081940804500974, 0.0, 0.06666666666666667, 0.8662558406305255, 0.30234075328380083, 0.04631180343986608]",0.85
2026-07-21T08:25:03.545172,0,No Augmentation,0,0.0,0.17119769119769118,0.0,0.0,0.0,"[0.3636666666666667, 0.0, 0.010070332480818414, 0.05, 0.016666666666666666, 0.8427375607525514, 0.33051630869099996, 0.08872982524413026]",0.85
2026-07-21T08:25:03.725100,1,No Augmentation,0,0.0,0.31861111111111107,0.0,0.0,0.0,"[0.4138333333333334, 0.0, 0.016230559071711233, 0.075, 0.03333333333333333, 0.856460087384235, 0.3314067653855654, 0.06781522656865366]",0.85
2026-07-21T08:25:03.910085,2,No Augmentation,0,0.0,0.45210692972841304,0.0,0.0,0.0,"[0.4728333333333333, 0.0, 0.010172310981184488, 0.025, 0.03333333333333333, 0.8537020469269974, 0.35478537559830026, 0.034303041350374056]",0.85
2026-07-21T08:25:04.095261,3,No Augmentation,0,0.0,0.4553728661275831,0.0,0.0,0.0,"[0.43233333333333335, 0.0, 0.022251538045888163, 0.075, 0.05, 0.85172510013431, 0.317390485002239, 0.06742000237797459]",0.85
2026-07-21T08:25:04.280733,4,No Augmentation,0,0.0,0.44209168461660153,0.0,0.0,0.0,"[0.5226666666666666, 0.0, 0.014129674471060508, 0.05, 0.08333333333333333, 0.8348093728333564, 0.313562798153046, 0.07417164015645687]",0.85
2026-07-21T08:25:04.471788,5,No Augmentation,0,0.0,0.5777148033126294,0.0,0.0,0.0,"[0.596, 0.0, 0.003132138404273714, 0.0, 0.03333333333333333, 0.8180512470884033, 0.3399396097730977, 0.06035111860533737]",0.85
2026-07-21T08:25:04.660397,6,No Augmentation,0,0.0,0.5175828877005347,0.0,0.0,0.0,"[0.5866666666666667, 0.0, 0.02292734947662949, 0.025, 0.05, 0.8373002144884607, 0.3819543437741991, 0.04563748564001878]",0.9
2026-07-21T08:25:04.843320,7,No Augmentation,0,0.0,0.5651571500456403,0.0,0.0,0.0,"[0.18783333333333332, 0.0, 0.008928571428571428, 0.0, 0.016666666666666666, 0.8981865430812583, 0.27995239792792304, 0.05942128399921086]",0.8140716957198209
2026-07-21T08:25:05.040702,8,No Augmentation,0,0.0,0.5020890430819509,0.0,0.0,0.0,"[0.7056666666666667, 0.0, 0.010606249810795266, 0.05, 0.08333333333333333, 0.7990460215231565, 0.31825429250385423, 0.07013421477475074]",0.9
2026-07-21T08:25:05.231308,9,No Augmentation,0,0.0,0.4610800114878021,0.0,0.0,0.0,"[0.4870000000000001, 0.0, 0.007929282093351002, 0.025, 0.05, 0.8494214180655713, 0.28004552320888776, 0.06519929799196479]",0.85
2026-07-21T08:25:05.420259,10,No Augmentation,0,0.0,0.5970086232530478,0.0,0.0,0.0,"[0.5426666666666666, 0.0, 0.006408090131898972, 0.025, 0.08333333333333333, 0.849728160927237, 0.3997738188355747, 0.06157095898448713]",0.9
2026-07-21T08:25:05.611451,11,No Augmentation,0,0.0,0.5127248116340011,0.0,0.0,0.0,"[0.44333333333333336, 0.0, 0.00867812581722576, 0.025, 0.03333333333333333, 0.8569026782547565, 0.3022514091610133, 0.062295460694799486]",0.85
2026-07-21T08:25:05.803738,12,No Augmentation,0,0.0,0.5381152460984394,0.0,0.0,0.0,"[0.5221666666666667, 0.0, 0.021364610011868575, 0.075, 0.05, 0.8568221868347935, 0.39313844380008045, 0.056895418181867406]",0.9
2026-07-21T08:25:06.001967,13,No Augmentation,0,0.0,0.5507094017094017,0.0,0.0,0.0,"[0.4893333333333335, 0.0, 0.0560263992176678, 0.1, 0.016666666666666666, 0.843912414636133, 0.3329815791870956, 0.06836180342153916]",0.9
2026-07-21T08:25:06.191673,14,No Augmentation,0,0.0,0.49055780563591556,0.0,0.0,0.0,"[0.5155000000000001, 0.0, 0.023340637135238734, 0.075, 0.016666666666666666, 0.8083650501996962, 0.34379238295769854, 0.10253695556424021]",0.85
2026-07-21T08:25:06.388490,15,No Augmentation,0,0.0,0.4549145299145299,0.0,0.0,0.0,"[0.5788333333333333, 0.0, 0.025538441581726905, 0.0, 0.05, 0.8222244033540067, 0.2993683679846065, 0.08419558527920794]",0.85
2026-07-21T08:25:06.583166,16,No Augmentation,0,0.0,0.48174518773597114,0.0,0.0,0.0,"[0.583, 0.0, 0.015110970695031844, 0.075, 0.05, 0.8081341081890006, 0.30399901446944766, 0.0748096494794642]",0.9
2026-07-21T08:25:06.781091,17,No Augmentation,0,0.0,0.5192684648194176,0.0,0.0,0.0,"[0.5018333333333334, 0.0, 0.001968503937007874, 0.05, 0.05, 0.8523989555970456, 0.34228050615727135, 0.04294519473723332]",0.85
2026-07-21T08:25:06.984111,18,No Augmentation,0,0.0,0.5684965598009076,0.0,0.0,0.0,"[0.4576666666666667, 0.0, 0.012759121061359869, 0.025, 0.05, 0.8448575798363537, 0.31207053255269945, 0.07570068116355266]",0.85
2026-07-21T08:25:07.175180,19,No Augmentation,0,0.0,0.534413788029283,0.0,0.0,0.0,"[0.5753333333333334, 0.0, 0.012081940804500974, 0.0, 0.06666666666666667, 0.8662558406305255, 0.30234075328380083, 0.04631180343986608]",0.85
2026-07-21T08:25:07.550376,0,No Augmentation,0,0.0,0.17119769119769118,0.0,0.0,0.0,"[0.3636666666666667, 0.0, 0.010070332480818414, 0.05, 0.016666666666666666, 0.8427375607525514, 0.33051630869099996, 0.08872982524413026]",0.85
2026-07-21T08:25:07.730536,1,No Augmentation,0,0.0,0.15618279569892474,0.0,0.0,0.0,"[0.4138333333333334, 0.0, 0.016230559071711233, 0.075, 0.03333333333333333, 0.856460087384235, 0.3314067653855654, 0.06781522656865366]",0.85
2026-07-21T08:25:07.916363,2,No Augmentation,0,0.0,0.3582430703624733,0.0,0.0,0.0,"[0.4728333333333333, 0.0, 0.010172310981184488, 0.025, 0.03333333333333333, 0.8537020469269974, 0.35478537559830026, 0.034303041350374056]",0.85
2026-07-21T08:25:08.103066,3,No Augmentation,0,0.0,0.33413461538461536,0.0,0.0,0.0,"[0.43233333333333335, 0.0, 0.022251538045888163, 0.075, 0.05, 0.85172510013431, 0.317390485002239, 0.06742000237797459]",0.85
2026-07-21T08:25:08.291996,4,No Augmentation,0,0.0,0.39291589582163644,0.0,0.0,0.0,"[0.5226666666666666, 0.0, 0.014129674471060508, 0.05, 0.08333333333333333, 0.8348093728333564, 0.313562798153046, 0.07417164015645687]",0.85
2026-07-21T08:25:08.483384,5,No Augmentation,0,0.0,0.39257199977233276,0.0,0.0,0.0,"[0.596, 0.0, 0.003132138404273714, 0.0, 0.03333333333333333, 0.8180512470884033, 0.3399396097730977, 0.06035111860533737]",0.85
2026-07-21T08:25:08.677763,6,No Augmentation,0,0.0,0.564160491398343,0.0,0.0,0.0,"[0.5866666666666667, 0.0, 0.02292734947662949, 0.025, 0.05, 0.8373002144884607, 0.3819543437741991, 0.04563748564001878]",0.9
2026-07-21T08:25:08.870866,7,No Augmentation,0,0.0,0.5342712842712842,0.0,0.0,0.0,"[0.18783333333333332, 0.0, 0.008928571428571428, 0.0, 0.016666666666666666, 0.8981865430812583, 0.27995239792792304, 0.05942128399921086]",0.8140716957198209
2026-07-21T08:25:09.064781,8,No Augmentation,0,0.0,0.5246060606060606,0.0,0.0,0.0,"[0.7056666666666667, 0.0, 0.010606249810795266, 0.05, 0.08333333333333333, 0.7990460215231565, 0.31825429250385423, 0.07013421477475074]",0.9
2026-07-21T08:25:09.259918,9,No Augmentation,0,0.0,0.6012669196710942,0.0,0.0,0.0,"[0.4870000000000001, 0.0, 0.007929282093351002, 0.025, 0.05, 0.8494214180655713, 0.28004552320888776, 0.06519929799196479]",0.85
2026-07-21T08:25:09.464795,10,No Augmentation,0,0.0,0.6511835748792271,0.0,0.0,0.0,"[0.5426666666666666, 0.0, 0.006408090131898972, 0.025, 0.08333333333333333, 0.849728160927237, 0.3997738188355747, 0.06157095898448713]",0.9
2026-07-21T08:25:09.663076,11,No Augmentation,0,0.0,0.648074888074888,0.0,0.0,0.0,"[0.44333333333333336, 0.0, 0.00867812581722576, 0.025, 0.03333333333333333, 0.8569026782547565, 0.3022514091610133, 0.062295460694799486]",0.85
2026-07-21T08:25:09.854317,12,No Augmentation,0,0.0,0.6439857686464874,0.0,0.0,0.0,"[0.5221666666666667, 0.0, 0.021364610011868575, 0.075, 0.05, 0.8568221868347935, 0.39313844380008045, 0.056895418181867406]",0.9
2026-07-21T08:25:10.043755,13,No Augmentation,0,0.0,0.6808073755818116,0.0,0.0,0.0,"[0.4893333333333335, 0.0, 0.0560263992176678, 0.1, 0.016666666666666666, 0.843912414636133, 0.3329815791870956, 0.06836180342153916]",0.9
2026-07-21T08:25:10.234508,14,No Augmentation,0,0.0,0.5845862470862471,0.0,0.0,0.0,"[0.5155000000000001, 0.0, 0.023340637135238734, 0.075, 0.016666666666666666, 0.8083650501996962, 0.34379238295769854, 0.10253695556424021]",0.85
2026-07-21T08:25:10.432445,15,No Augmentation,0,0.0,0.5628972103165651,0.0,0.0,0.0,"[0.5788333333333333, 0.0, 0.025538441581726905, 0.0, 0.05, 0.8222244033540067, 0.2993683679846065, 0.08419558527920794]",0.85
2026-07-21T08:25:10.627417,16,No Augmentation,0,0.0,0.5869731870039234,0.0,0.0,0.0,"[0.583, 0.0, 0.015110970695031844, 0.075, 0.05, 0.8081341081890006, 0.30399901446944766, 0.0748096494794642]",0.9
2026-07-21T08:25:10.820179,17,No Augmentation,0,0.0,0.5922204273854585,0.0,0.0,0.0,"[0.5018333333333334, 0.0, 0.001968503937007874, 0.05, 0.05, 0.8523989555970456, 0.34228050615727135, 0.04294519473723332]",0.85
2026-07-21T08:25:11.013103,18,No Augmentation,0,0.0,0.6245984045030866,0.0,0.0,0.0,"[0.4576666666666667, 0.0, 0.012759121061359869, 0.025, 0.05, 0.8448575798363537, 0.31207053255269945, 0.07570068116355266]",0.85
2026-07-21T08:25:11.202417,19,No Augmentation,0,0.0,0.5885402739014733,0.0,0.0,0.0,"[0.5753333333333334, 0.0, 0.012081940804500974, 0.0, 0.06666666666666667, 0.8662558406305255, 0.30234075328380083, 0.04631180343986608]",0.85
2026-07-21T09:08:12.385268,0,No Augmentation,2,0.17119769119769118,0.16270156809482655,0.17119769119769118,0.5,0.0,"[0.3636666666666667, 0.0, 0.010070332480818414, 0.05, 0.016666666666666666, 0.8427375607525514, 0.33051630869099996, 0.08872982524413026]",0.85
2026-07-21T09:08:15.447710,1,BERT Contextual,2,0.27960487836579084,0.13339366515837106,0.27960487836579084,0.5,0.0,"[0.4138333333333334, 0.0, 0.016230559071711233, 0.075, 0.03333333333333333, 0.856460087384235, 0.3314067653855654, 0.06781522656865366]",0.85
2026-07-21T09:08:18.979140,2,BERT Contextual,2,0.42797488290234365,0.32683359341750606,0.42797488290234365,0.5,0.0,"[0.4728333333333333, 0.0, 0.010172310981184488, 0.025, 0.03333333333333333, 0.8537020469269974, 0.35478537559830026, 0.034303041350374056]",0.85
2026-07-21T09:08:22.471703,3,Back Translation,2,0.5185228806281439,0.4641906951935882,0.5185228806281439,0.5,0.0,"[0.43233333333333335, 0.0, 0.022251538045888163, 0.075, 0.05, 0.85172510013431, 0.317390485002239, 0.06742000237797459]",0.85
2026-07-21T09:08:24.110386,4,Hybrid,3,0.8027973524749725,0.48936809960065775,0.8027973524749725,0.535198234983315,0.3228254842074204,"[0.5226666666666666, 0.0, 0.014129674471060508, 0.05, 0.08333333333333333, 0.8348093728333564, 0.313562798153046, 0.07417164015645687]",0.85
2026-07-21T09:08:38.502386,5,Hybrid,6,0.5877118837032215,0.5777907031730269,0.5877118837032215,0.3918079224688143,0.5918235380146866,"[0.596, 0.0, 0.003132138404273714, 0.0, 0.03333333333333333, 0.8180512470884033, 0.3399396097730977, 0.06035111860533737]",0.85
2026-07-21T09:09:02.333718,6,Hybrid,4,0.7108037759637886,0.5176132521974306,0.7108037759637886,0.4738691839758591,0.2861360521372588,"[0.5866666666666667, 0.0, 0.02292734947662949, 0.025, 0.05, 0.8373002144884607, 0.3819543437741991, 0.04563748564001878]",0.9
2026-07-21T09:09:19.145866,7,Back Translation,7,0.6666064535522105,0.5811397797604695,0.6666064535522105,0.4444043023681403,0.3075124950115421,"[0.18783333333333332, 0.0, 0.008928571428571428, 0.0, 0.016666666666666666, 0.8981865430812583, 0.27995239792792304, 0.05942128399921086]",0.8140716957198209
2026-07-21T09:09:21.792632,8,Hybrid,7,0.7297909055506481,0.5252565055545918,0.7297909055506481,0.4865272703670987,0.6068624367100115,"[0.7056666666666667, 0.0, 0.010606249810795266, 0.05, 0.08333333333333333, 0.7990460215231565, 0.31825429250385423, 0.07013421477475074]",0.9
2026-07-21T09:09:49.641243,9,Hybrid,2,0.7585600393326042,0.5164452011959529,0.7585600393326042,0.5057066928884028,0.24792457353753966,"[0.4870000000000001, 0.0, 0.007929282093351002, 0.025, 0.05, 0.8494214180655713, 0.28004552320888776, 0.06519929799196479]",0.85
2026-07-21T09:10:18.748336,10,Hybrid,6,0.7406949584526074,0.5460549770147293,0.7406949584526074,0.4937966389684049,0.5558305815491222,"[0.5426666666666666, 0.0, 0.006408090131898972, 0.025, 0.08333333333333333, 0.849728160927237, 0.3997738188355747, 0.06157095898448713]",0.9
2026-07-21T09:10:22.822302,0,No Augmentation,0,0.0,0.17119769119769118,0.0,0.0,0.0,"[0.3636666666666667, 0.0, 0.010070332480818414, 0.05, 0.016666666666666666, 0.8427375607525514, 0.33051630869099996, 0.08872982524413026]",0.85
2026-07-21T09:10:23.015426,1,No Augmentation,0,0.0,0.1937316017316017,0.0,0.0,0.0,"[0.4138333333333334, 0.0, 0.016230559071711233, 0.075, 0.03333333333333333, 0.856460087384235, 0.3314067653855654, 0.06781522656865366]",0.85
2026-07-21T09:10:23.209434,2,No Augmentation,0,0.0,0.393798850488317,0.0,0.0,0.0,"[0.4728333333333333, 0.0, 0.010172310981184488, 0.025, 0.03333333333333333, 0.8537020469269974, 0.35478537559830026, 0.034303041350374056]",0.85
2026-07-21T09:10:23.407666,3,No Augmentation,0,0.0,0.43218602060707323,0.0,0.0,0.0,"[0.43233333333333335, 0.0, 0.022251538045888163, 0.075, 0.05, 0.85172510013431, 0.317390485002239, 0.06742000237797459]",0.85
2026-07-21T09:10:23.600992,4,No Augmentation,0,0.0,0.40811667132606466,0.0,0.0,0.0,"[0.5226666666666666, 0.0, 0.014129674471060508, 0.05, 0.08333333333333333, 0.8348093728333564, 0.313562798153046, 0.07417164015645687]",0.85
2026-07-21T09:10:23.810687,5,No Augmentation,0,0.0,0.533385170160018,0.0,0.0,0.0,"[0.596, 0.0, 0.003132138404273714, 0.0, 0.03333333333333333, 0.8180512470884033, 0.3399396097730977, 0.06035111860533737]",0.85
2026-07-21T09:10:24.012061,6,No Augmentation,0,0.0,0.5487725475660984,0.0,0.0,0.0,"[0.5866666666666667, 0.0, 0.02292734947662949, 0.025, 0.05, 0.8373002144884607, 0.3819543437741991, 0.04563748564001878]",0.9
2026-07-21T09:10:24.214302,7,No Augmentation,0,0.0,0.44399940868697,0.0,0.0,0.0,"[0.18783333333333332, 0.0, 0.008928571428571428, 0.0, 0.016666666666666666, 0.8981865430812583, 0.27995239792792304, 0.05942128399921086]",0.8140716957198209
2026-07-21T09:10:24.426763,8,No Augmentation,0,0.0,0.48457671957671955,0.0,0.0,0.0,"[0.7056666666666667, 0.0, 0.010606249810795266, 0.05, 0.08333333333333333, 0.7990460215231565, 0.31825429250385423, 0.07013421477475074]",0.9
2026-07-21T09:10:24.621773,9,No Augmentation,0,0.0,0.5900606060606061,0.0,0.0,0.0,"[0.4870000000000001, 0.0, 0.007929282093351002, 0.025, 0.05, 0.8494214180655713, 0.28004552320888776, 0.06519929799196479]",0.85
2026-07-21T09:10:24.814397,10,No Augmentation,0,0.0,0.6241533998061832,0.0,0.0,0.0,"[0.5426666666666666, 0.0, 0.006408090131898972, 0.025, 0.08333333333333333, 0.849728160927237, 0.3997738188355747, 0.06157095898448713]",0.9
2026-07-21T09:10:25.011777,11,No Augmentation,0,0.0,0.6363247863247864,0.0,0.0,0.0,"[0.44333333333333336, 0.0, 0.00867812581722576, 0.025, 0.03333333333333333, 0.8569026782547565, 0.3022514091610133, 0.062295460694799486]",0.85
2026-07-21T09:10:25.208269,12,No Augmentation,0,0.0,0.5289021579719254,0.0,0.0,0.0,"[0.5221666666666667, 0.0, 0.021364610011868575, 0.075, 0.05, 0.8568221868347935, 0.39313844380008045, 0.056895418181867406]",0.9
2026-07-21T09:10:25.405450,13,No Augmentation,0,0.0,0.6156822030574436,0.0,0.0,0.0,"[0.4893333333333335, 0.0, 0.0560263992176678, 0.1, 0.016666666666666666, 0.843912414636133, 0.3329815791870956, 0.06836180342153916]",0.9
2026-07-21T09:10:25.607830,14,No Augmentation,0,0.0,0.6199157449541082,0.0,0.0,0.0,"[0.5155000000000001, 0.0, 0.023340637135238734, 0.075, 0.016666666666666666, 0.8083650501996962, 0.34379238295769854, 0.10253695556424021]",0.85
2026-07-21T09:10:25.798839,15,No Augmentation,0,0.0,0.6451851851851852,0.0,0.0,0.0,"[0.5788333333333333, 0.0, 0.025538441581726905, 0.0, 0.05, 0.8222244033540067, 0.2993683679846065, 0.08419558527920794]",0.85
2026-07-21T09:10:25.998383,16,No Augmentation,0,0.0,0.5791954022988506,0.0,0.0,0.0,"[0.583, 0.0, 0.015110970695031844, 0.075, 0.05, 0.8081341081890006, 0.30399901446944766, 0.0748096494794642]",0.9
2026-07-21T09:10:26.210519,17,No Augmentation,0,0.0,0.6229925868652546,0.0,0.0,0.0,"[0.5018333333333334, 0.0, 0.001968503937007874, 0.05, 0.05, 0.8523989555970456, 0.34228050615727135, 0.04294519473723332]",0.85
2026-07-21T09:10:26.410466,18,No Augmentation,0,0.0,0.625724823472082,0.0,0.0,0.0,"[0.4576666666666667, 0.0, 0.012759121061359869, 0.025, 0.05, 0.8448575798363537, 0.31207053255269945, 0.07570068116355266]",0.85
2026-07-21T09:10:26.607276,19,No Augmentation,0,0.0,0.5678619625988046,0.0,0.0,0.0,"[0.5753333333333334, 0.0, 0.012081940804500974, 0.0, 0.06666666666666667, 0.8662558406305255, 0.30234075328380083, 0.04631180343986608]",0.85
2026-07-21T09:10:27.009313,0,No Augmentation,0,0.0,0.17119769119769118,0.0,0.0,0.0,"[0.3636666666666667, 0.0, 0.010070332480818414, 0.05, 0.016666666666666666, 0.8427375607525514, 0.33051630869099996, 0.08872982524413026]",0.85
2026-07-21T09:10:27.193541,1,No Augmentation,0,0.0,0.09642857142857143,0.0,0.0,0.0,"[0.4138333333333334, 0.0, 0.016230559071711233, 0.075, 0.03333333333333333, 0.856460087384235, 0.3314067653855654, 0.06781522656865366]",0.85
2026-07-21T09:10:27.389370,2,No Augmentation,0,0.0,0.39130675526024356,0.0,0.0,0.0,"[0.4728333333333333, 0.0, 0.010172310981184488, 0.025, 0.03333333333333333, 0.8537020469269974, 0.35478537559830026, 0.034303041350374056]",0.85
2026-07-21T09:10:27.585428,3,No Augmentation,0,0.0,0.3783864283864284,0.0,0.0,0.0,"[0.43233333333333335, 0.0, 0.022251538045888163, 0.075, 0.05, 0.85172510013431, 0.317390485002239, 0.06742000237797459]",0.85
2026-07-21T09:10:27.776278,4,No Augmentation,0,0.0,0.4330349531116795,0.0,0.0,0.0,"[0.5226666666666666, 0.0, 0.014129674471060508, 0.05, 0.08333333333333333, 0.8348093728333564, 0.313562798153046, 0.07417164015645687]",0.85
2026-07-21T09:10:27.972485,5,No Augmentation,0,0.0,0.49662602093182684,0.0,0.0,0.0,"[0.596, 0.0, 0.003132138404273714, 0.0, 0.03333333333333333, 0.8180512470884033, 0.3399396097730977, 0.06035111860533737]",0.85
2026-07-21T09:10:28.172888,6,No Augmentation,0,0.0,0.5174508283802796,0.0,0.0,0.0,"[0.5866666666666667, 0.0, 0.02292734947662949, 0.025, 0.05, 0.8373002144884607, 0.3819543437741991, 0.04563748564001878]",0.9
2026-07-21T09:10:28.363446,7,No Augmentation,0,0.0,0.6193201512246216,0.0,0.0,0.0,"[0.18783333333333332, 0.0, 0.008928571428571428, 0.0, 0.016666666666666666, 0.8981865430812583, 0.27995239792792304, 0.05942128399921086]",0.8140716957198209
2026-07-21T09:10:28.566929,8,No Augmentation,0,0.0,0.49906199460916445,0.0,0.0,0.0,"[0.7056666666666667, 0.0, 0.010606249810795266, 0.05, 0.08333333333333333, 0.7990460215231565, 0.31825429250385423, 0.07013421477475074]",0.9
2026-07-21T09:10:28.767438,9,No Augmentation,0,0.0,0.5667032715625714,0.0,0.0,0.0,"[0.4870000000000001, 0.0, 0.007929282093351002, 0.025, 0.05, 0.8494214180655713, 0.28004552320888776, 0.06519929799196479]",0.85
2026-07-21T09:10:28.974472,10,No Augmentation,0,0.0,0.5332011418533158,0.0,0.0,0.0,"[0.5426666666666666, 0.0, 0.006408090131898972, 0.025, 0.08333333333333333, 0.849728160927237, 0.3997738188355747, 0.06157095898448713]",0.9
2026-07-21T09:10:29.177283,11,No Augmentation,0,0.0,0.5428147862918753,0.0,0.0,0.0,"[0.44333333333333336, 0.0, 0.00867812581722576, 0.025, 0.03333333333333333, 0.8569026782547565, 0.3022514091610133, 0.062295460694799486]",0.85
2026-07-21T09:10:29.371416,12,No Augmentation,0,0.0,0.622186329717884,0.0,0.0,0.0,"[0.5221666666666667, 0.0, 0.021364610011868575, 0.075, 0.05, 0.8568221868347935, 0.39313844380008045, 0.056895418181867406]",0.9
2026-07-21T09:10:29.570921,13,No Augmentation,0,0.0,0.5399766081871344,0.0,0.0,0.0,"[0.4893333333333335, 0.0, 0.0560263992176678, 0.1, 0.016666666666666666, 0.843912414636133, 0.3329815791870956, 0.06836180342153916]",0.9
2026-07-21T09:10:29.773355,14,No Augmentation,0,0.0,0.5948595848595849,0.0,0.0,0.0,"[0.5155000000000001, 0.0, 0.023340637135238734, 0.075, 0.016666666666666666, 0.8083650501996962, 0.34379238295769854, 0.10253695556424021]",0.85
2026-07-21T09:10:29.971272,15,No Augmentation,0,0.0,0.5613799858518801,0.0,0.0,0.0,"[0.5788333333333333, 0.0, 0.025538441581726905, 0.0, 0.05, 0.8222244033540067, 0.2993683679846065, 0.08419558527920794]",0.85
2026-07-21T09:10:30.169631,16,No Augmentation,0,0.0,0.6409181238435447,0.0,0.0,0.0,"[0.583, 0.0, 0.015110970695031844, 0.075, 0.05, 0.8081341081890006, 0.30399901446944766, 0.0748096494794642]",0.9
2026-07-21T09:10:30.376925,17,No Augmentation,0,0.0,0.6356446672236146,0.0,0.0,0.0,"[0.5018333333333334, 0.0, 0.001968503937007874, 0.05, 0.05, 0.8523989555970456, 0.34228050615727135, 0.04294519473723332]",0.85
2026-07-21T09:10:30.584323,18,No Augmentation,0,0.0,0.6127274247911213,0.0,0.0,0.0,"[0.4576666666666667, 0.0, 0.012759121061359869, 0.025, 0.05, 0.8448575798363537, 0.31207053255269945, 0.07570068116355266]",0.85
2026-07-21T09:10:30.793789,19,No Augmentation,0,0.0,0.6410300181998295,0.0,0.0,0.0,"[0.5753333333333334, 0.0, 0.012081940804500974, 0.0, 0.06666666666666667, 0.8662558406305255, 0.30234075328380083, 0.04631180343986608]",0.85
2026-07-21T09:10:31.222429,0,No Augmentation,0,0.0,0.17119769119769118,0.0,0.0,0.0,"[0.3636666666666667, 0.0, 0.010070332480818414, 0.05, 0.016666666666666666, 0.8427375607525514, 0.33051630869099996, 0.08872982524413026]",0.85
2026-07-21T09:10:31.416696,1,No Augmentation,0,0.0,0.17205231181134795,0.0,0.0,0.0,"[0.4138333333333334, 0.0, 0.016230559071711233, 0.075, 0.03333333333333333, 0.856460087384235, 0.3314067653855654, 0.06781522656865366]",0.85
2026-07-21T09:10:31.612312,2,No Augmentation,0,0.0,0.350228057158009,0.0,0.0,0.0,"[0.4728333333333333, 0.0, 0.010172310981184488, 0.025, 0.03333333333333333, 0.8537020469269974, 0.35478537559830026, 0.034303041350374056]",0.85
2026-07-21T09:10:31.808463,3,No Augmentation,0,0.0,0.47245772803048347,0.0,0.0,0.0,"[0.43233333333333335, 0.0, 0.022251538045888163, 0.075, 0.05, 0.85172510013431, 0.317390485002239, 0.06742000237797459]",0.85
2026-07-21T09:10:32.004744,4,No Augmentation,0,0.0,0.46569594584856927,0.0,0.0,0.0,"[0.5226666666666666, 0.0, 0.014129674471060508, 0.05, 0.08333333333333333, 0.8348093728333564, 0.313562798153046, 0.07417164015645687]",0.85
2026-07-21T09:10:32.206422,5,No Augmentation,0,0.0,0.5570956984727478,0.0,0.0,0.0,"[0.596, 0.0, 0.003132138404273714, 0.0, 0.03333333333333333, 0.8180512470884033, 0.3399396097730977, 0.06035111860533737]",0.85
2026-07-21T09:10:32.413397,6,No Augmentation,0,0.0,0.4368606165870603,0.0,0.0,0.0,"[0.5866666666666667, 0.0, 0.02292734947662949, 0.025, 0.05, 0.8373002144884607, 0.3819543437741991, 0.04563748564001878]",0.9
2026-07-21T09:10:32.615265,7,No Augmentation,0,0.0,0.5004207950104607,0.0,0.0,0.0,"[0.18783333333333332, 0.0, 0.008928571428571428, 0.0, 0.016666666666666666, 0.8981865430812583, 0.27995239792792304, 0.05942128399921086]",0.8140716957198209
2026-07-21T09:10:32.827826,8,No Augmentation,0,0.0,0.4445438596491228,0.0,0.0,0.0,"[0.7056666666666667, 0.0, 0.010606249810795266, 0.05, 0.08333333333333333, 0.7990460215231565, 0.31825429250385423, 0.07013421477475074]",0.9
2026-07-21T09:10:33.033026,9,No Augmentation,0,0.0,0.554237949379987,0.0,0.0,0.0,"[0.4870000000000001, 0.0, 0.007929282093351002, 0.025, 0.05, 0.8494214180655713, 0.28004552320888776, 0.06519929799196479]",0.85
2026-07-21T09:10:33.243041,10,No Augmentation,0,0.0,0.5444761668321747,0.0,0.0,0.0,"[0.5426666666666666, 0.0, 0.006408090131898972, 0.025, 0.08333333333333333, 0.849728160927237, 0.3997738188355747, 0.06157095898448713]",0.9
2026-07-21T09:10:33.450730,11,No Augmentation,0,0.0,0.5505891980360065,0.0,0.0,0.0,"[0.44333333333333336, 0.0, 0.00867812581722576, 0.025, 0.03333333333333333, 0.8569026782547565, 0.3022514091610133, 0.062295460694799486]",0.85
2026-07-21T09:10:33.662571,12,No Augmentation,0,0.0,0.593998396234174,0.0,0.0,0.0,"[0.5221666666666667, 0.0, 0.021364610011868575, 0.075, 0.05, 0.8568221868347935, 0.39313844380008045, 0.056895418181867406]",0.9
2026-07-21T09:10:33.866155,13,No Augmentation,0,0.0,0.5466757123473541,0.0,0.0,0.0,"[0.4893333333333335, 0.0, 0.0560263992176678, 0.1, 0.016666666666666666, 0.843912414636133, 0.3329815791870956, 0.06836180342153916]",0.9
2026-07-21T09:10:34.075574,14,No Augmentation,0,0.0,0.5647410560454038,0.0,0.0,0.0,"[0.5155000000000001, 0.0, 0.023340637135238734, 0.075, 0.016666666666666666, 0.8083650501996962, 0.34379238295769854, 0.10253695556424021]",0.85
2026-07-21T09:10:34.288414,15,No Augmentation,0,0.0,0.6193853346279714,0.0,0.0,0.0,"[0.5788333333333333, 0.0, 0.025538441581726905, 0.0, 0.05, 0.8222244033540067, 0.2993683679846065, 0.08419558527920794]",0.85
2026-07-21T09:10:34.501746,16,No Augmentation,0,0.0,0.5078708675225703,0.0,0.0,0.0,"[0.583, 0.0, 0.015110970695031844, 0.075, 0.05, 0.8081341081890006, 0.30399901446944766, 0.0748096494794642]",0.9
2026-07-21T09:10:34.708884,17,No Augmentation,0,0.0,0.525351187014473,0.0,0.0,0.0,"[0.5018333333333334, 0.0, 0.001968503937007874, 0.05, 0.05, 0.8523989555970456, 0.34228050615727135, 0.04294519473723332]",0.85
2026-07-21T09:10:34.919048,18,No Augmentation,0,0.0,0.5944828722002635,0.0,0.0,0.0,"[0.4576666666666667, 0.0, 0.012759121061359869, 0.025, 0.05, 0.8448575798363537, 0.31207053255269945, 0.07570068116355266]",0.85
2026-07-21T09:10:35.125889,19,No Augmentation,0,0.0,0.6022826791371683,0.0,0.0,0.0,"[0.5753333333333334, 0.0, 0.012081940804500974, 0.0, 0.06666666666666667, 0.8662558406305255, 0.30234075328380083, 0.04631180343986608]",0.85
2026-07-21T09:10:35.935377,0,Back Translation,2,0.0,0.16457528957528958,0.0,0.0,0.0,"[0.3636666666666667, 0.0, 0.010070332480818414, 0.05, 0.016666666666666666, 0.8427375607525514, 0.33051630869099996, 0.08872982524413026]",0.85
2026-07-21T09:10:36.581760,1,Back Translation,2,0.0,0.247740129135478,0.0,0.0,0.0,"[0.4138333333333334, 0.0, 0.016230559071711233, 0.075, 0.03333333333333333, 0.856460087384235, 0.3314067653855654, 0.06781522656865366]",0.85
2026-07-21T09:10:37.378060,2,Back Translation,2,0.0,0.3768231768231768,0.0,0.0,0.0,"[0.4728333333333333, 0.0, 0.010172310981184488, 0.025, 0.03333333333333333, 0.8537020469269974, 0.35478537559830026, 0.034303041350374056]",0.85
2026-07-21T09:10:38.093874,3,Back Translation,2,0.0,0.44526461064086825,0.0,0.0,0.0,"[0.43233333333333335, 0.0, 0.022251538045888163, 0.075, 0.05, 0.85172510013431, 0.317390485002239, 0.06742000237797459]",0.85
2026-07-21T09:10:38.871909,4,Back Translation,2,0.0,0.32617747843554296,0.0,0.0,0.0,"[0.5226666666666666, 0.0, 0.014129674471060508, 0.05, 0.08333333333333333, 0.8348093728333564, 0.313562798153046, 0.07417164015645687]",0.85
2026-07-21T09:10:39.869916,5,Back Translation,2,0.0,0.46002961002961007,0.0,0.0,0.0,"[0.596, 0.0, 0.003132138404273714, 0.0, 0.03333333333333333, 0.8180512470884033, 0.3399396097730977, 0.06035111860533737]",0.85
2026-07-21T09:10:40.838586,6,Back Translation,2,0.0,0.5010204757175958,0.0,0.0,0.0,"[0.5866666666666667, 0.0, 0.02292734947662949, 0.025, 0.05, 0.8373002144884607, 0.3819543437741991, 0.04563748564001878]",0.9
2026-07-21T09:10:41.232506,7,Back Translation,2,0.0,0.5308143068293445,0.0,0.0,0.0,"[0.18783333333333332, 0.0, 0.008928571428571428, 0.0, 0.016666666666666666, 0.8981865430812583, 0.27995239792792304, 0.05942128399921086]",0.8140716957198209
2026-07-21T09:10:42.395495,8,Back Translation,2,0.0,0.5816272401433691,0.0,0.0,0.0,"[0.7056666666666667, 0.0, 0.010606249810795266, 0.05, 0.08333333333333333, 0.7990460215231565, 0.31825429250385423, 0.07013421477475074]",0.9
2026-07-21T09:10:43.083677,9,Back Translation,2,0.0,0.5616798418972332,0.0,0.0,0.0,"[0.4870000000000001, 0.0, 0.007929282093351002, 0.025, 0.05, 0.8494214180655713, 0.28004552320888776, 0.06519929799196479]",0.85
2026-07-21T09:10:43.927485,10,Back Translation,2,0.0,0.6186647013117602,0.0,0.0,0.0,"[0.5426666666666666, 0.0, 0.006408090131898972, 0.025, 0.08333333333333333, 0.849728160927237, 0.3997738188355747, 0.06157095898448713]",0.9
2026-07-21T09:10:44.623718,11,Back Translation,2,0.0,0.5472370439538452,0.0,0.0,0.0,"[0.44333333333333336, 0.0, 0.00867812581722576, 0.025, 0.03333333333333333, 0.8569026782547565, 0.3022514091610133, 0.062295460694799486]",0.85
2026-07-21T09:10:45.424302,12,Back Translation,2,0.0,0.5546167557932263,0.0,0.0,0.0,"[0.5221666666666667, 0.0, 0.021364610011868575, 0.075, 0.05, 0.8568221868347935, 0.39313844380008045, 0.056895418181867406]",0.9
2026-07-21T09:10:46.271431,13,Back Translation,2,0.0,0.5592968221771468,0.0,0.0,0.0,"[0.4893333333333335, 0.0, 0.0560263992176678, 0.1, 0.016666666666666666, 0.843912414636133, 0.3329815791870956, 0.06836180342153916]",0.9
2026-07-21T09:10:47.213922,14,Back Translation,2,0.0,0.541112667289138,0.0,0.0,0.0,"[0.5155000000000001, 0.0, 0.023340637135238734, 0.075, 0.016666666666666666, 0.8083650501996962, 0.34379238295769854, 0.10253695556424021]",0.85
2026-07-21T09:10:48.114507,15,Back Translation,2,0.0,0.6113290276219339,0.0,0.0,0.0,"[0.5788333333333333, 0.0, 0.025538441581726905, 0.0, 0.05, 0.8222244033540067, 0.2993683679846065, 0.08419558527920794]",0.85
2026-07-21T09:10:49.030487,16,Back Translation,2,0.0,0.5744623655913978,0.0,0.0,0.0,"[0.583, 0.0, 0.015110970695031844, 0.075, 0.05, 0.8081341081890006, 0.30399901446944766, 0.0748096494794642]",0.9
2026-07-21T09:10:49.932245,17,Back Translation,2,0.0,0.5488953498959023,0.0,0.0,0.0,"[0.5018333333333334, 0.0, 0.001968503937007874, 0.05, 0.05, 0.8523989555970456, 0.34228050615727135, 0.04294519473723332]",0.85
2026-07-21T09:10:50.689983,18,Back Translation,2,0.0,0.6238122400475342,0.0,0.0,0.0,"[0.4576666666666667, 0.0, 0.012759121061359869, 0.025, 0.05, 0.8448575798363537, 0.31207053255269945, 0.07570068116355266]",0.85
2026-07-21T09:10:51.065940,19,Back Translation,2,0.0,0.6041959444064707,0.0,0.0,0.0,"[0.5753333333333334, 0.0, 0.012081940804500974, 0.0, 0.06666666666666667, 0.8662558406305255, 0.30234075328380083, 0.04631180343986608]",0.85
2026-07-21T09:10:51.520441,0,BERT Contextual,2,0.0,0.17119769119769118,0.0,0.0,0.0,"[0.3636666666666667, 0.0, 0.010070332480818414, 0.05, 0.016666666666666666, 0.8427375607525514, 0.33051630869099996, 0.08872982524413026]",0.85
2026-07-21T09:10:51.752615,1,BERT Contextual,2,0.0,0.2219986909642082,0.0,0.0,0.0,"[0.4138333333333334, 0.0, 0.016230559071711233, 0.075, 0.03333333333333333, 0.856460087384235, 0.3314067653855654, 0.06781522656865366]",0.85
2026-07-21T09:10:51.996878,2,BERT Contextual,2,0.0,0.3562709421725815,0.0,0.0,0.0,"[0.4728333333333333, 0.0, 0.010172310981184488, 0.025, 0.03333333333333333, 0.8537020469269974, 0.35478537559830026, 0.034303041350374056]",0.85
2026-07-21T09:10:52.236269,3,BERT Contextual,2,0.0,0.4405374450262878,0.0,0.0,0.0,"[0.43233333333333335, 0.0, 0.022251538045888163, 0.075, 0.05, 0.85172510013431, 0.317390485002239, 0.06742000237797459]",0.85
2026-07-21T09:10:52.483948,4,BERT Contextual,2,0.0,0.5124722222222222,0.0,0.0,0.0,"[0.5226666666666666, 0.0, 0.014129674471060508, 0.05, 0.08333333333333333, 0.8348093728333564, 0.313562798153046, 0.07417164015645687]",0.85
2026-07-21T09:10:52.769634,5,BERT Contextual,2,0.0,0.552583960910748,0.0,0.0,0.0,"[0.596, 0.0, 0.003132138404273714, 0.0, 0.03333333333333333, 0.8180512470884033, 0.3399396097730977, 0.06035111860533737]",0.85
2026-07-21T09:10:53.033893,6,BERT Contextual,2,0.0,0.35503390226794485,0.0,0.0,0.0,"[0.5866666666666667, 0.0, 0.02292734947662949, 0.025, 0.05, 0.8373002144884607, 0.3819543437741991, 0.04563748564001878]",0.9
2026-07-21T09:10:53.268446,7,BERT Contextual,2,0.0,0.5601065827538954,0.0,0.0,0.0,"[0.18783333333333332, 0.0, 0.008928571428571428, 0.0, 0.016666666666666666, 0.8981865430812583, 0.27995239792792304, 0.05942128399921086]",0.8140716957198209
2026-07-21T09:10:53.564091,8,BERT Contextual,2,0.0,0.559874799796867,0.0,0.0,0.0,"[0.7056666666666667, 0.0, 0.010606249810795266, 0.05, 0.08333333333333333, 0.7990460215231565, 0.31825429250385423, 0.07013421477475074]",0.9
2026-07-21T09:10:53.812536,9,BERT Contextual,2,0.0,0.604771113925022,0.0,0.0,0.0,"[0.4870000000000001, 0.0, 0.007929282093351002, 0.025, 0.05, 0.8494214180655713, 0.28004552320888776, 0.06519929799196479]",0.85
2026-07-21T09:10:54.076922,10,BERT Contextual,2,0.0,0.5387040430433487,0.0,0.0,0.0,"[0.5426666666666666, 0.0, 0.006408090131898972, 0.025, 0.08333333333333333, 0.849728160927237, 0.3997738188355747, 0.06157095898448713]",0.9
2026-07-21T09:10:54.325045,11,BERT Contextual,2,0.0,0.5638056171226306,0.0,0.0,0.0,"[0.44333333333333336, 0.0, 0.00867812581722576, 0.025, 0.03333333333333333, 0.8569026782547565, 0.3022514091610133, 0.062295460694799486]",0.85
2026-07-21T09:10:54.582447,12,BERT Contextual,2,0.0,0.5458686756577988,0.0,0.0,0.0,"[0.5221666666666667, 0.0, 0.021364610011868575, 0.075, 0.05, 0.8568221868347935, 0.39313844380008045, 0.056895418181867406]",0.9
2026-07-21T09:10:54.846371,13,BERT Contextual,2,0.0,0.5353991991795971,0.0,0.0,0.0,"[0.4893333333333335, 0.0, 0.0560263992176678, 0.1, 0.016666666666666666, 0.843912414636133, 0.3329815791870956, 0.06836180342153916]",0.9
2026-07-21T09:10:55.098776,14,BERT Contextual,2,0.0,0.49773990090117365,0.0,0.0,0.0,"[0.5155000000000001, 0.0, 0.023340637135238734, 0.075, 0.016666666666666666, 0.8083650501996962, 0.34379238295769854, 0.10253695556424021]",0.85
2026-07-21T09:10:55.350834,15,BERT Contextual,2,0.0,0.5653471270313376,0.0,0.0,0.0,"[0.5788333333333333, 0.0, 0.025538441581726905, 0.0, 0.05, 0.8222244033540067, 0.2993683679846065, 0.08419558527920794]",0.85
2026-07-21T09:10:55.618474,16,BERT Contextual,2,0.0,0.5734696975338165,0.0,0.0,0.0,"[0.583, 0.0, 0.015110970695031844, 0.075, 0.05, 0.8081341081890006, 0.30399901446944766, 0.0748096494794642]",0.9
2026-07-21T09:10:55.902038,17,BERT Contextual,2,0.0,0.5857142857142856,0.0,0.0,0.0,"[0.5018333333333334, 0.0, 0.001968503937007874, 0.05, 0.05, 0.8523989555970456, 0.34228050615727135, 0.04294519473723332]",0.85
2026-07-21T09:10:56.158433,18,BERT Contextual,2,0.0,0.5290496468457637,0.0,0.0,0.0,"[0.4576666666666667, 0.0, 0.012759121061359869, 0.025, 0.05, 0.8448575798363537, 0.31207053255269945, 0.07570068116355266]",0.85
2026-07-21T09:10:56.370897,19,BERT Contextual,2,0.0,0.6431594056062141,0.0,0.0,0.0,"[0.5753333333333334, 0.0, 0.012081940804500974, 0.0, 0.06666666666666667, 0.8662558406305255, 0.30234075328380083, 0.04631180343986608]",0.85
2026-07-21T09:10:56.783062,0,No Augmentation,0,0.0,0.17119769119769118,0.0,0.0,0.0,"[0.3636666666666667, 0.0, 0.010070332480818414, 0.05, 0.016666666666666666, 0.8427375607525514, 0.33051630869099996, 0.08872982524413026]",0.85
2026-07-21T09:10:56.968361,1,No Augmentation,0,0.0,0.24273163528977482,0.0,0.0,0.0,"[0.4138333333333334, 0.0, 0.016230559071711233, 0.075, 0.03333333333333333, 0.856460087384235, 0.3314067653855654, 0.06781522656865366]",0.85
2026-07-21T09:10:57.162361,2,No Augmentation,0,0.0,0.3226804269456422,0.0,0.0,0.0,"[0.4728333333333333, 0.0, 0.010172310981184488, 0.025, 0.03333333333333333, 0.8537020469269974, 0.35478537559830026, 0.034303041350374056]",0.85
2026-07-21T09:10:57.351827,3,No Augmentation,0,0.0,0.33203646635850026,0.0,0.0,0.0,"[0.43233333333333335, 0.0, 0.022251538045888163, 0.075, 0.05, 0.85172510013431, 0.317390485002239, 0.06742000237797459]",0.85
2026-07-21T09:10:57.545846,4,No Augmentation,0,0.0,0.4759188683656769,0.0,0.0,0.0,"[0.5226666666666666, 0.0, 0.014129674471060508, 0.05, 0.08333333333333333, 0.8348093728333564, 0.313562798153046, 0.07417164015645687]",0.85
2026-07-21T09:10:57.754184,5,No Augmentation,0,0.0,0.5303561935140882,0.0,0.0,0.0,"[0.596, 0.0, 0.003132138404273714, 0.0, 0.03333333333333333, 0.8180512470884033, 0.3399396097730977, 0.06035111860533737]",0.85
2026-07-21T09:10:57.958790,6,No Augmentation,0,0.0,0.4704731559535039,0.0,0.0,0.0,"[0.5866666666666667, 0.0, 0.02292734947662949, 0.025, 0.05, 0.8373002144884607, 0.3819543437741991, 0.04563748564001878]",0.9
2026-07-21T09:10:58.160524,7,No Augmentation,0,0.0,0.5808715231463919,0.0,0.0,0.0,"[0.18783333333333332, 0.0, 0.008928571428571428, 0.0, 0.016666666666666666, 0.8981865430812583, 0.27995239792792304, 0.05942128399921086]",0.8140716957198209
2026-07-21T09:10:58.368443,8,No Augmentation,0,0.0,0.5118340788573864,0.0,0.0,0.0,"[0.7056666666666667, 0.0, 0.010606249810795266, 0.05, 0.08333333333333333, 0.7990460215231565, 0.31825429250385423, 0.07013421477475074]",0.9
2026-07-21T09:10:58.570756,9,No Augmentation,0,0.0,0.5111928935420591,0.0,0.0,0.0,"[0.4870000000000001, 0.0, 0.007929282093351002, 0.025, 0.05, 0.8494214180655713, 0.28004552320888776, 0.06519929799196479]",0.85
2026-07-21T09:10:58.773911,10,No Augmentation,0,0.0,0.6208836950988106,0.0,0.0,0.0,"[0.5426666666666666, 0.0, 0.006408090131898972, 0.025, 0.08333333333333333, 0.849728160927237, 0.3997738188355747, 0.06157095898448713]",0.9
2026-07-21T09:10:58.978509,11,No Augmentation,0,0.0,0.6092955700798838,0.0,0.0,0.0,"[0.44333333333333336, 0.0, 0.00867812581722576, 0.025, 0.03333333333333333, 0.8569026782547565, 0.3022514091610133, 0.062295460694799486]",0.85
2026-07-21T09:10:59.178844,12,No Augmentation,0,0.0,0.5079333087240064,0.0,0.0,0.0,"[0.5221666666666667, 0.0, 0.021364610011868575, 0.075, 0.05, 0.8568221868347935, 0.39313844380008045, 0.056895418181867406]",0.9
2026-07-21T09:10:59.391341,13,No Augmentation,0,0.0,0.4818475523972765,0.0,0.0,0.0,"[0.4893333333333335, 0.0, 0.0560263992176678, 0.1, 0.016666666666666666, 0.843912414636133, 0.3329815791870956, 0.06836180342153916]",0.9
2026-07-21T09:10:59.607863,14,No Augmentation,0,0.0,0.4988269354928905,0.0,0.0,0.0,"[0.5155000000000001, 0.0, 0.023340637135238734, 0.075, 0.016666666666666666, 0.8083650501996962, 0.34379238295769854, 0.10253695556424021]",0.85
2026-07-21T09:10:59.821599,15,No Augmentation,0,0.0,0.5382783028644862,0.0,0.0,0.0,"[0.5788333333333333, 0.0, 0.025538441581726905, 0.0, 0.05, 0.8222244033540067, 0.2993683679846065, 0.08419558527920794]",0.85
2026-07-21T09:11:00.031402,16,No Augmentation,0,0.0,0.5658873805932629,0.0,0.0,0.0,"[0.583, 0.0, 0.015110970695031844, 0.075, 0.05, 0.8081341081890006, 0.30399901446944766, 0.0748096494794642]",0.9
2026-07-21T09:11:00.250558,17,No Augmentation,0,0.0,0.5294163527835645,0.0,0.0,0.0,"[0.5018333333333334, 0.0, 0.001968503937007874, 0.05, 0.05, 0.8523989555970456, 0.34228050615727135, 0.04294519473723332]",0.85
2026-07-21T09:11:00.465024,18,No Augmentation,0,0.0,0.5535567594748204,0.0,0.0,0.0,"[0.4576666666666667, 0.0, 0.012759121061359869, 0.025, 0.05, 0.8448575798363537, 0.31207053255269945, 0.07570068116355266]",0.85
2026-07-21T09:11:00.676781,19,No Augmentation,0,0.0,0.5615238095238094,0.0,0.0,0.0,"[0.5753333333333334, 0.0, 0.012081940804500974, 0.0, 0.06666666666666667, 0.8662558406305255, 0.30234075328380083, 0.04631180343986608]",0.85
2026-07-21T09:11:01.112564,0,No Augmentation,0,0.0,0.17119769119769118,0.0,0.0,0.0,"[0.3636666666666667, 0.0, 0.010070332480818414, 0.05, 0.016666666666666666, 0.8427375607525514, 0.33051630869099996, 0.08872982524413026]",0.85
2026-07-21T09:11:01.308807,1,No Augmentation,0,0.0,0.22806165053562483,0.0,0.0,0.0,"[0.4138333333333334, 0.0, 0.016230559071711233, 0.075, 0.03333333333333333, 0.856460087384235, 0.3314067653855654, 0.06781522656865366]",0.85
2026-07-21T09:11:01.507373,2,No Augmentation,0,0.0,0.36750915750915747,0.0,0.0,0.0,"[0.4728333333333333, 0.0, 0.010172310981184488, 0.025, 0.03333333333333333, 0.8537020469269974, 0.35478537559830026, 0.034303041350374056]",0.85
2026-07-21T09:11:01.701779,3,No Augmentation,0,0.0,0.4927556104026693,0.0,0.0,0.0,"[0.43233333333333335, 0.0, 0.022251538045888163, 0.075, 0.05, 0.85172510013431, 0.317390485002239, 0.06742000237797459]",0.85
2026-07-21T09:11:01.897314,4,No Augmentation,0,0.0,0.4664207146273143,0.0,0.0,0.0,"[0.5226666666666666, 0.0, 0.014129674471060508, 0.05, 0.08333333333333333, 0.8348093728333564, 0.313562798153046, 0.07417164015645687]",0.85
2026-07-21T09:11:02.097319,5,No Augmentation,0,0.0,0.5110773387369132,0.0,0.0,0.0,"[0.596, 0.0, 0.003132138404273714, 0.0, 0.03333333333333333, 0.8180512470884033, 0.3399396097730977, 0.06035111860533737]",0.85
2026-07-21T09:11:02.299622,6,No Augmentation,0,0.0,0.6788649568931259,0.0,0.0,0.0,"[0.5866666666666667, 0.0, 0.02292734947662949, 0.025, 0.05, 0.8373002144884607, 0.3819543437741991, 0.04563748564001878]",0.9
2026-07-21T09:11:02.505415,7,No Augmentation,0,0.0,0.6270136124625288,0.0,0.0,0.0,"[0.18783333333333332, 0.0, 0.008928571428571428, 0.0, 0.016666666666666666, 0.8981865430812583, 0.27995239792792304, 0.05942128399921086]",0.8140716957198209
2026-07-21T09:11:02.718450,8,No Augmentation,0,0.0,0.6564519140989729,0.0,0.0,0.0,"[0.7056666666666667, 0.0, 0.010606249810795266, 0.05, 0.08333333333333333, 0.7990460215231565, 0.31825429250385423, 0.07013421477475074]",0.9
2026-07-21T09:11:02.913847,9,No Augmentation,0,0.0,0.620663082437276,0.0,0.0,0.0,"[0.4870000000000001, 0.0, 0.007929282093351002, 0.025, 0.05, 0.8494214180655713, 0.28004552320888776, 0.06519929799196479]",0.85
2026-07-21T09:11:03.109572,10,No Augmentation,0,0.0,0.5956215970628989,0.0,0.0,0.0,"[0.5426666666666666, 0.0, 0.006408090131898972, 0.025, 0.08333333333333333, 0.849728160927237, 0.3997738188355747, 0.06157095898448713]",0.9
2026-07-21T09:11:03.305297,11,No Augmentation,0,0.0,0.5843831189695852,0.0,0.0,0.0,"[0.44333333333333336, 0.0, 0.00867812581722576, 0.025, 0.03333333333333333, 0.8569026782547565, 0.3022514091610133, 0.062295460694799486]",0.85
2026-07-21T09:11:03.520853,12,No Augmentation,0,0.0,0.5723684210526316,0.0,0.0,0.0,"[0.5221666666666667, 0.0, 0.021364610011868575, 0.075, 0.05, 0.8568221868347935, 0.39313844380008045, 0.056895418181867406]",0.9
2026-07-21T09:11:03.716138,13,No Augmentation,0,0.0,0.5971965616629192,0.0,0.0,0.0,"[0.4893333333333335, 0.0, 0.0560263992176678, 0.1, 0.016666666666666666, 0.843912414636133, 0.3329815791870956, 0.06836180342153916]",0.9
2026-07-21T09:11:03.914678,14,No Augmentation,0,0.0,0.6143485937254014,0.0,0.0,0.0,"[0.5155000000000001, 0.0, 0.023340637135238734, 0.075, 0.016666666666666666, 0.8083650501996962, 0.34379238295769854, 0.10253695556424021]",0.85
2026-07-21T09:11:04.124931,15,No Augmentation,0,0.0,0.5923296854973874,0.0,0.0,0.0,"[0.5788333333333333, 0.0, 0.025538441581726905, 0.0, 0.05, 0.8222244033540067, 0.2993683679846065, 0.08419558527920794]",0.85
2026-07-21T09:11:04.340842,16,No Augmentation,0,0.0,0.6318979266347686,0.0,0.0,0.0,"[0.583, 0.0, 0.015110970695031844, 0.075, 0.05, 0.8081341081890006, 0.30399901446944766, 0.0748096494794642]",0.9
2026-07-21T09:11:04.550915,17,No Augmentation,0,0.0,0.6326402154740209,0.0,0.0,0.0,"[0.5018333333333334, 0.0, 0.001968503937007874, 0.05, 0.05, 0.8523989555970456, 0.34228050615727135, 0.04294519473723332]",0.85
2026-07-21T09:11:04.754465,18,No Augmentation,0,0.0,0.6367009785233193,0.0,0.0,0.0,"[0.4576666666666667, 0.0, 0.012759121061359869, 0.025, 0.05, 0.8448575798363537, 0.31207053255269945, 0.07570068116355266]",0.85
2026-07-21T09:11:04.954296,19,No Augmentation,0,0.0,0.6631756478815302,0.0,0.0,0.0,"[0.5753333333333334, 0.0, 0.012081940804500974, 0.0, 0.06666666666666667, 0.8662558406305255, 0.30234075328380083, 0.04631180343986608]",0.85
2026-07-21T11:59:47.210640,0,No Augmentation,2,0.17119769119769118,0.16270156809482655,0.17119769119769118,0.5,0.0,"[0.3636666666666667, 0.0, 0.010070332480818414, 0.05, 0.016666666666666666, 0.8427375607525514, 0.33051630869099996, 0.08872982524413026]",0.85
2026-07-21T11:59:52.164888,1,BERT Contextual,2,0.27960487836579084,0.13339366515837106,0.27960487836579084,0.5,0.0,"[0.4138333333333334, 0.0, 0.016230559071711233, 0.075, 0.03333333333333333, 0.856460087384235, 0.3314067653855654, 0.06781522656865366]",0.85
2026-07-21T11:59:55.509799,2,BERT Contextual,2,0.42797488290234365,0.32683359341750606,0.42797488290234365,0.5,0.0,"[0.4728333333333333, 0.0, 0.010172310981184488, 0.025, 0.03333333333333333, 0.8537020469269974, 0.35478537559830026, 0.034303041350374056]",0.85
2026-07-21T11:59:58.863960,3,Back Translation,2,0.5185228806281439,0.4641906951935882,0.5185228806281439,0.5,0.0,"[0.43233333333333335, 0.0, 0.022251538045888163, 0.075, 0.05, 0.85172510013431, 0.317390485002239, 0.06742000237797459]",0.85
2026-07-21T12:00:00.354372,4,Hybrid,3,0.8027973524749725,0.48936809960065775,0.8027973524749725,0.535198234983315,0.3228254842074204,"[0.5226666666666666, 0.0, 0.014129674471060508, 0.05, 0.08333333333333333, 0.8348093728333564, 0.313562798153046, 0.07417164015645687]",0.85
2026-07-21T12:00:13.498406,5,BERT Contextual,5,0.5829483483369943,0.5479300714105414,0.5829483483369943,0.38863223222466287,0.25774688633045917,"[0.596, 0.0, 0.003132138404273714, 0.0, 0.03333333333333333, 0.8180512470884033, 0.3399396097730977, 0.06035111860533737]",0.85
2026-07-21T12:00:36.133498,6,Back Translation,5,0.7214786279356418,0.5938360985419808,0.7214786279356418,0.48098575195709453,0.3643415082693135,"[0.5866666666666667, 0.0, 0.02292734947662949, 0.025, 0.05, 0.8373002144884607, 0.3819543437741991, 0.04563748564001878]",0.9
2026-07-21T12:00:56.359326,7,Back Translation,4,0.6294766173840273,0.5035135135135135,0.6294766173840273,0.41965107825601816,0.1329408770304322,"[0.18783333333333332, 0.0, 0.008928571428571428, 0.0, 0.016666666666666666, 0.8981865430812583, 0.27995239792792304, 0.05942128399921086]",0.8140716957198209
2026-07-21T12:00:58.258533,8,Hybrid,4,0.7797270185585521,0.5933709273182958,0.7797270185585521,0.519818012372368,0.4390590381511321,"[0.7056666666666667, 0.0, 0.010606249810795266, 0.05, 0.08333333333333333, 0.7990460215231565, 0.31825429250385423, 0.07013421477475074]",0.9
2026-07-21T12:01:19.236503,9,Hybrid,2,0.6888498451111696,0.48519628806618875,0.6888498451111696,0.4592332300741131,0.07834869288719393,"[0.4870000000000001, 0.0, 0.007929282093351002, 0.025, 0.05, 0.8494214180655713, 0.28004552320888776, 0.06519929799196479]",0.85
2026-07-21T12:01:23.652631,0,No Augmentation,0,0.0,0.17119769119769118,0.0,0.0,0.0,"[0.3636666666666667, 0.0, 0.010070332480818414, 0.05, 0.016666666666666666, 0.8427375607525514, 0.33051630869099996, 0.08872982524413026]",0.85
2026-07-21T12:01:23.837481,1,No Augmentation,0,0.0,0.13724025974025972,0.0,0.0,0.0,"[0.4138333333333334, 0.0, 0.016230559071711233, 0.075, 0.03333333333333333, 0.856460087384235, 0.3314067653855654, 0.06781522656865366]",0.85
2026-07-21T12:01:24.028095,2,No Augmentation,0,0.0,0.3748997781976505,0.0,0.0,0.0,"[0.4728333333333333, 0.0, 0.010172310981184488, 0.025, 0.03333333333333333, 0.8537020469269974, 0.35478537559830026, 0.034303041350374056]",0.85
2026-07-21T12:01:24.219880,3,No Augmentation,0,0.0,0.49685469329432175,0.0,0.0,0.0,"[0.43233333333333335, 0.0, 0.022251538045888163, 0.075, 0.05, 0.85172510013431, 0.317390485002239, 0.06742000237797459]",0.85
2026-07-21T12:01:24.413589,4,No Augmentation,0,0.0,0.4921897736966231,0.0,0.0,0.0,"[0.5226666666666666, 0.0, 0.014129674471060508, 0.05, 0.08333333333333333, 0.8348093728333564, 0.313562798153046, 0.07417164015645687]",0.85
2026-07-21T12:01:24.605665,5,No Augmentation,0,0.0,0.48352813859243166,0.0,0.0,0.0,"[0.596, 0.0, 0.003132138404273714, 0.0, 0.03333333333333333, 0.8180512470884033, 0.3399396097730977, 0.06035111860533737]",0.85
2026-07-21T12:01:24.801598,6,No Augmentation,0,0.0,0.5779566722729715,0.0,0.0,0.0,"[0.5866666666666667, 0.0, 0.02292734947662949, 0.025, 0.05, 0.8373002144884607, 0.3819543437741991, 0.04563748564001878]",0.9
2026-07-21T12:01:24.996814,7,No Augmentation,0,0.0,0.5737178467915833,0.0,0.0,0.0,"[0.18783333333333332, 0.0, 0.008928571428571428, 0.0, 0.016666666666666666, 0.8981865430812583, 0.27995239792792304, 0.05942128399921086]",0.8140716957198209
2026-07-21T12:01:25.208892,8,No Augmentation,0,0.0,0.5803652029706539,0.0,0.0,0.0,"[0.7056666666666667, 0.0, 0.010606249810795266, 0.05, 0.08333333333333333, 0.7990460215231565, 0.31825429250385423, 0.07013421477475074]",0.9
2026-07-21T12:01:25.406697,9,No Augmentation,0,0.0,0.638258586874997,0.0,0.0,0.0,"[0.4870000000000001, 0.0, 0.007929282093351002, 0.025, 0.05, 0.8494214180655713, 0.28004552320888776, 0.06519929799196479]",0.85
2026-07-21T12:01:25.607978,10,No Augmentation,0,0.0,0.5617051194737371,0.0,0.0,0.0,"[0.5426666666666666, 0.0, 0.006408090131898972, 0.025, 0.08333333333333333, 0.849728160927237, 0.3997738188355747, 0.06157095898448713]",0.9
2026-07-21T12:01:25.802139,11,No Augmentation,0,0.0,0.5394093761535622,0.0,0.0,0.0,"[0.44333333333333336, 0.0, 0.00867812581722576, 0.025, 0.03333333333333333, 0.8569026782547565, 0.3022514091610133, 0.062295460694799486]",0.85
2026-07-21T12:01:25.996314,12,No Augmentation,0,0.0,0.489529100984868,0.0,0.0,0.0,"[0.5221666666666667, 0.0, 0.021364610011868575, 0.075, 0.05, 0.8568221868347935, 0.39313844380008045, 0.056895418181867406]",0.9
2026-07-21T12:01:26.206365,13,No Augmentation,0,0.0,0.5613333333333334,0.0,0.0,0.0,"[0.4893333333333335, 0.0, 0.0560263992176678, 0.1, 0.016666666666666666, 0.843912414636133, 0.3329815791870956, 0.06836180342153916]",0.9
2026-07-21T12:01:26.407989,14,No Augmentation,0,0.0,0.5831775735878335,0.0,0.0,0.0,"[0.5155000000000001, 0.0, 0.023340637135238734, 0.075, 0.016666666666666666, 0.8083650501996962, 0.34379238295769854, 0.10253695556424021]",0.85
2026-07-21T12:01:26.604360,15,No Augmentation,0,0.0,0.6367297234756449,0.0,0.0,0.0,"[0.5788333333333333, 0.0, 0.025538441581726905, 0.0, 0.05, 0.8222244033540067, 0.2993683679846065, 0.08419558527920794]",0.85
2026-07-21T12:01:26.801230,16,No Augmentation,0,0.0,0.5652873412464204,0.0,0.0,0.0,"[0.583, 0.0, 0.015110970695031844, 0.075, 0.05, 0.8081341081890006, 0.30399901446944766, 0.0748096494794642]",0.9
2026-07-21T12:01:26.996462,17,No Augmentation,0,0.0,0.6154512097236555,0.0,0.0,0.0,"[0.5018333333333334, 0.0, 0.001968503937007874, 0.05, 0.05, 0.8523989555970456, 0.34228050615727135, 0.04294519473723332]",0.85
2026-07-21T12:01:27.191456,18,No Augmentation,0,0.0,0.6593514398656349,0.0,0.0,0.0,"[0.4576666666666667, 0.0, 0.012759121061359869, 0.025, 0.05, 0.8448575798363537, 0.31207053255269945, 0.07570068116355266]",0.85
2026-07-21T12:01:27.390469,19,No Augmentation,0,0.0,0.6376445123503947,0.0,0.0,0.0,"[0.5753333333333334, 0.0, 0.012081940804500974, 0.0, 0.06666666666666667, 0.8662558406305255, 0.30234075328380083, 0.04631180343986608]",0.85
2026-07-21T12:01:27.849349,0,No Augmentation,0,0.0,0.17119769119769118,0.0,0.0,0.0,"[0.3636666666666667, 0.0, 0.010070332480818414, 0.05, 0.016666666666666666, 0.8427375607525514, 0.33051630869099996, 0.08872982524413026]",0.85
2026-07-21T12:01:28.034312,1,No Augmentation,0,0.0,0.2989193825042881,0.0,0.0,0.0,"[0.4138333333333334, 0.0, 0.016230559071711233, 0.075, 0.03333333333333333, 0.856460087384235, 0.3314067653855654, 0.06781522656865366]",0.85
2026-07-21T12:01:28.222328,2,No Augmentation,0,0.0,0.2692282783425274,0.0,0.0,0.0,"[0.4728333333333333, 0.0, 0.010172310981184488, 0.025, 0.03333333333333333, 0.8537020469269974, 0.35478537559830026, 0.034303041350374056]",0.85
2026-07-21T12:01:28.417794,3,No Augmentation,0,0.0,0.3926336592469316,0.0,0.0,0.0,"[0.43233333333333335, 0.0, 0.022251538045888163, 0.075, 0.05, 0.85172510013431, 0.317390485002239, 0.06742000237797459]",0.85
2026-07-21T12:01:28.610396,4,No Augmentation,0,0.0,0.37813076848343535,0.0,0.0,0.0,"[0.5226666666666666, 0.0, 0.014129674471060508, 0.05, 0.08333333333333333, 0.8348093728333564, 0.313562798153046, 0.07417164015645687]",0.85
2026-07-21T12:01:28.804610,5,No Augmentation,0,0.0,0.5103607127335941,0.0,0.0,0.0,"[0.596, 0.0, 0.003132138404273714, 0.0, 0.03333333333333333, 0.8180512470884033, 0.3399396097730977, 0.06035111860533737]",0.85
2026-07-21T12:01:29.000572,6,No Augmentation,0,0.0,0.4973989460831566,0.0,0.0,0.0,"[0.5866666666666667, 0.0, 0.02292734947662949, 0.025, 0.05, 0.8373002144884607, 0.3819543437741991, 0.04563748564001878]",0.9
2026-07-21T12:01:29.192185,7,No Augmentation,0,0.0,0.5123544154503907,0.0,0.0,0.0,"[0.18783333333333332, 0.0, 0.008928571428571428, 0.0, 0.016666666666666666, 0.8981865430812583, 0.27995239792792304, 0.05942128399921086]",0.8140716957198209
2026-07-21T12:01:29.392144,8,No Augmentation,0,0.0,0.5092487629329735,0.0,0.0,0.0,"[0.7056666666666667, 0.0, 0.010606249810795266, 0.05, 0.08333333333333333, 0.7990460215231565, 0.31825429250385423, 0.07013421477475074]",0.9
2026-07-21T12:01:29.584733,9,No Augmentation,0,0.0,0.5276858813700919,0.0,0.0,0.0,"[0.4870000000000001, 0.0, 0.007929282093351002, 0.025, 0.05, 0.8494214180655713, 0.28004552320888776, 0.06519929799196479]",0.85
2026-07-21T12:01:29.780434,10,No Augmentation,0,0.0,0.5022316030852616,0.0,0.0,0.0,"[0.5426666666666666, 0.0, 0.006408090131898972, 0.025, 0.08333333333333333, 0.849728160927237, 0.3997738188355747, 0.06157095898448713]",0.9
2026-07-21T12:01:29.975103,11,No Augmentation,0,0.0,0.5599330843863992,0.0,0.0,0.0,"[0.44333333333333336, 0.0, 0.00867812581722576, 0.025, 0.03333333333333333, 0.8569026782547565, 0.3022514091610133, 0.062295460694799486]",0.85
2026-07-21T12:01:30.173639,12,No Augmentation,0,0.0,0.6574837931554349,0.0,0.0,0.0,"[0.5221666666666667, 0.0, 0.021364610011868575, 0.075, 0.05, 0.8568221868347935, 0.39313844380008045, 0.056895418181867406]",0.9
2026-07-21T12:01:30.371543,13,No Augmentation,0,0.0,0.5592309279059374,0.0,0.0,0.0,"[0.4893333333333335, 0.0, 0.0560263992176678, 0.1, 0.016666666666666666, 0.843912414636133, 0.3329815791870956, 0.06836180342153916]",0.9
2026-07-21T12:01:30.570811,14,No Augmentation,0,0.0,0.5339042091069701,0.0,0.0,0.0,"[0.5155000000000001, 0.0, 0.023340637135238734, 0.075, 0.016666666666666666, 0.8083650501996962, 0.34379238295769854, 0.10253695556424021]",0.85
2026-07-21T12:01:30.772212,15,No Augmentation,0,0.0,0.5883204514783462,0.0,0.0,0.0,"[0.5788333333333333, 0.0, 0.025538441581726905, 0.0, 0.05, 0.8222244033540067, 0.2993683679846065, 0.08419558527920794]",0.85
2026-07-21T12:01:30.968094,16,No Augmentation,0,0.0,0.5305006730913118,0.0,0.0,0.0,"[0.583, 0.0, 0.015110970695031844, 0.075, 0.05, 0.8081341081890006, 0.30399901446944766, 0.0748096494794642]",0.9
2026-07-21T12:01:31.165881,17,No Augmentation,0,0.0,0.6554584659847817,0.0,0.0,0.0,"[0.5018333333333334, 0.0, 0.001968503937007874, 0.05, 0.05, 0.8523989555970456, 0.34228050615727135, 0.04294519473723332]",0.85
2026-07-21T12:01:31.360153,18,No Augmentation,0,0.0,0.6295545930042497,0.0,0.0,0.0,"[0.4576666666666667, 0.0, 0.012759121061359869, 0.025, 0.05, 0.8448575798363537, 0.31207053255269945, 0.07570068116355266]",0.85
2026-07-21T12:01:31.548100,19,No Augmentation,0,0.0,0.6437843062567566,0.0,0.0,0.0,"[0.5753333333333334, 0.0, 0.012081940804500974, 0.0, 0.06666666666666667, 0.8662558406305255, 0.30234075328380083, 0.04631180343986608]",0.85
2026-07-21T12:01:32.004475,0,No Augmentation,0,0.0,0.17119769119769118,0.0,0.0,0.0,"[0.3636666666666667, 0.0, 0.010070332480818414, 0.05, 0.016666666666666666, 0.8427375607525514, 0.33051630869099996, 0.08872982524413026]",0.85
2026-07-21T12:01:32.188473,1,No Augmentation,0,0.0,0.22270054664007524,0.0,0.0,0.0,"[0.4138333333333334, 0.0, 0.016230559071711233, 0.075, 0.03333333333333333, 0.856460087384235, 0.3314067653855654, 0.06781522656865366]",0.85
2026-07-21T12:01:32.381628,2,No Augmentation,0,0.0,0.2960470674756389,0.0,0.0,0.0,"[0.4728333333333333, 0.0, 0.010172310981184488, 0.025, 0.03333333333333333, 0.8537020469269974, 0.35478537559830026, 0.034303041350374056]",0.85
2026-07-21T12:01:32.571142,3,No Augmentation,0,0.0,0.47706714312016923,0.0,0.0,0.0,"[0.43233333333333335, 0.0, 0.022251538045888163, 0.075, 0.05, 0.85172510013431, 0.317390485002239, 0.06742000237797459]",0.85
2026-07-21T12:01:32.763280,4,No Augmentation,0,0.0,0.5236488750947136,0.0,0.0,0.0,"[0.5226666666666666, 0.0, 0.014129674471060508, 0.05, 0.08333333333333333, 0.8348093728333564, 0.313562798153046, 0.07417164015645687]",0.85
2026-07-21T12:01:32.958925,5,No Augmentation,0,0.0,0.5822376511580243,0.0,0.0,0.0,"[0.596, 0.0, 0.003132138404273714, 0.0, 0.03333333333333333, 0.8180512470884033, 0.3399396097730977, 0.06035111860533737]",0.85
2026-07-21T12:01:33.155082,6,No Augmentation,0,0.0,0.4856498388829216,0.0,0.0,0.0,"[0.5866666666666667, 0.0, 0.02292734947662949, 0.025, 0.05, 0.8373002144884607, 0.3819543437741991, 0.04563748564001878]",0.9
2026-07-21T12:01:33.347908,7,No Augmentation,0,0.0,0.6333603238866397,0.0,0.0,0.0,"[0.18783333333333332, 0.0, 0.008928571428571428, 0.0, 0.016666666666666666, 0.8981865430812583, 0.27995239792792304, 0.05942128399921086]",0.8140716957198209
2026-07-21T12:01:33.544038,8,No Augmentation,0,0.0,0.49840360122968813,0.0,0.0,0.0,"[0.7056666666666667, 0.0, 0.010606249810795266, 0.05, 0.08333333333333333, 0.7990460215231565, 0.31825429250385423, 0.07013421477475074]",0.9
2026-07-21T12:01:33.734619,9,No Augmentation,0,0.0,0.4542169237961664,0.0,0.0,0.0,"[0.4870000000000001, 0.0, 0.007929282093351002, 0.025, 0.05, 0.8494214180655713, 0.28004552320888776, 0.06519929799196479]",0.85
2026-07-21T12:01:33.929250,10,No Augmentation,0,0.0,0.49501433868522476,0.0,0.0,0.0,"[0.5426666666666666, 0.0, 0.006408090131898972, 0.025, 0.08333333333333333, 0.849728160927237, 0.3997738188355747, 0.06157095898448713]",0.9
2026-07-21T12:01:34.119566,11,No Augmentation,0,0.0,0.4935963724675302,0.0,0.0,0.0,"[0.44333333333333336, 0.0, 0.00867812581722576, 0.025, 0.03333333333333333, 0.8569026782547565, 0.3022514091610133, 0.062295460694799486]",0.85
2026-07-21T12:01:34.313840,12,No Augmentation,0,0.0,0.5645791064963996,0.0,0.0,0.0,"[0.5221666666666667, 0.0, 0.021364610011868575, 0.075, 0.05, 0.8568221868347935, 0.39313844380008045, 0.056895418181867406]",0.9
2026-07-21T12:01:34.519854,13,No Augmentation,0,0.0,0.5980212791977498,0.0,0.0,0.0,"[0.4893333333333335, 0.0, 0.0560263992176678, 0.1, 0.016666666666666666, 0.843912414636133, 0.3329815791870956, 0.06836180342153916]",0.9
2026-07-21T12:01:34.715558,14,No Augmentation,0,0.0,0.5347464698331195,0.0,0.0,0.0,"[0.5155000000000001, 0.0, 0.023340637135238734, 0.075, 0.016666666666666666, 0.8083650501996962, 0.34379238295769854, 0.10253695556424021]",0.85
2026-07-21T12:01:34.909643,15,No Augmentation,0,0.0,0.5951289512089997,0.0,0.0,0.0,"[0.5788333333333333, 0.0, 0.025538441581726905, 0.0, 0.05, 0.8222244033540067, 0.2993683679846065, 0.08419558527920794]",0.85
2026-07-21T12:01:35.105958,16,No Augmentation,0,0.0,0.5935730592077342,0.0,0.0,0.0,"[0.583, 0.0, 0.015110970695031844, 0.075, 0.05, 0.8081341081890006, 0.30399901446944766, 0.0748096494794642]",0.9
2026-07-21T12:01:35.303311,17,No Augmentation,0,0.0,0.58548844276906,0.0,0.0,0.0,"[0.5018333333333334, 0.0, 0.001968503937007874, 0.05, 0.05, 0.8523989555970456, 0.34228050615727135, 0.04294519473723332]",0.85
2026-07-21T12:01:35.498532,18,No Augmentation,0,0.0,0.57199549979211,0.0,0.0,0.0,"[0.4576666666666667, 0.0, 0.012759121061359869, 0.025, 0.05, 0.8448575798363537, 0.31207053255269945, 0.07570068116355266]",0.85
2026-07-21T12:01:35.687422,19,No Augmentation,0,0.0,0.5697801544860368,0.0,0.0,0.0,"[0.5753333333333334, 0.0, 0.012081940804500974, 0.0, 0.06666666666666667, 0.8662558406305255, 0.30234075328380083, 0.04631180343986608]",0.85
2026-07-21T12:01:36.501961,0,Back Translation,2,0.0,0.18742071881606764,0.0,0.0,0.0,"[0.3636666666666667, 0.0, 0.010070332480818414, 0.05, 0.016666666666666666, 0.8427375607525514, 0.33051630869099996, 0.08872982524413026]",0.85
2026-07-21T12:01:37.107948,1,Back Translation,2,0.0,0.24632530905356415,0.0,0.0,0.0,"[0.4138333333333334, 0.0, 0.016230559071711233, 0.075, 0.03333333333333333, 0.856460087384235, 0.3314067653855654, 0.06781522656865366]",0.85
2026-07-21T12:01:37.868212,2,Back Translation,2,0.0,0.3209351656095842,0.0,0.0,0.0,"[0.4728333333333333, 0.0, 0.010172310981184488, 0.025, 0.03333333333333333, 0.8537020469269974, 0.35478537559830026, 0.034303041350374056]",0.85
2026-07-21T12:01:38.550519,3,Back Translation,2,0.0,0.4338724234918769,0.0,0.0,0.0,"[0.43233333333333335, 0.0, 0.022251538045888163, 0.075, 0.05, 0.85172510013431, 0.317390485002239, 0.06742000237797459]",0.85
2026-07-21T12:01:39.318510,4,Back Translation,2,0.0,0.4964500328233096,0.0,0.0,0.0,"[0.5226666666666666, 0.0, 0.014129674471060508, 0.05, 0.08333333333333333, 0.8348093728333564, 0.313562798153046, 0.07417164015645687]",0.85
2026-07-21T12:01:40.314723,5,Back Translation,2,0.0,0.43042780748663106,0.0,0.0,0.0,"[0.596, 0.0, 0.003132138404273714, 0.0, 0.03333333333333333, 0.8180512470884033, 0.3399396097730977, 0.06035111860533737]",0.85
2026-07-21T12:01:41.239232,6,Back Translation,2,0.0,0.45073973556441993,0.0,0.0,0.0,"[0.5866666666666667, 0.0, 0.02292734947662949, 0.025, 0.05, 0.8373002144884607, 0.3819543437741991, 0.04563748564001878]",0.9
2026-07-21T12:01:41.629353,7,Back Translation,2,0.0,0.5660579182175761,0.0,0.0,0.0,"[0.18783333333333332, 0.0, 0.008928571428571428, 0.0, 0.016666666666666666, 0.8981865430812583, 0.27995239792792304, 0.05942128399921086]",0.8140716957198209
2026-07-21T12:01:42.770033,8,Back Translation,2,0.0,0.5389473684210525,0.0,0.0,0.0,"[0.7056666666666667, 0.0, 0.010606249810795266, 0.05, 0.08333333333333333, 0.7990460215231565, 0.31825429250385423, 0.07013421477475074]",0.9
2026-07-21T12:01:43.453240,9,Back Translation,2,0.0,0.581705917358367,0.0,0.0,0.0,"[0.4870000000000001, 0.0, 0.007929282093351002, 0.025, 0.05, 0.8494214180655713, 0.28004552320888776, 0.06519929799196479]",0.85
2026-07-21T12:01:44.294061,10,Back Translation,2,0.0,0.6006832932003211,0.0,0.0,0.0,"[0.5426666666666666, 0.0, 0.006408090131898972, 0.025, 0.08333333333333333, 0.849728160927237, 0.3997738188355747, 0.06157095898448713]",0.9
2026-07-21T12:01:44.983501,11,Back Translation,2,0.0,0.5060916963355988,0.0,0.0,0.0,"[0.44333333333333336, 0.0, 0.00867812581722576, 0.025, 0.03333333333333333, 0.8569026782547565, 0.3022514091610133, 0.062295460694799486]",0.85
2026-07-21T12:01:45.769932,12,Back Translation,2,0.0,0.6661654135338346,0.0,0.0,0.0,"[0.5221666666666667, 0.0, 0.021364610011868575, 0.075, 0.05, 0.8568221868347935, 0.39313844380008045, 0.056895418181867406]",0.9
2026-07-21T12:01:46.604497,13,Back Translation,2,0.0,0.5988905354823926,0.0,0.0,0.0,"[0.4893333333333335, 0.0, 0.0560263992176678, 0.1, 0.016666666666666666, 0.843912414636133, 0.3329815791870956, 0.06836180342153916]",0.9
2026-07-21T12:01:47.517307,14,Back Translation,2,0.0,0.4844403259199893,0.0,0.0,0.0,"[0.5155000000000001, 0.0, 0.023340637135238734, 0.075, 0.016666666666666666, 0.8083650501996962, 0.34379238295769854, 0.10253695556424021]",0.85
2026-07-21T12:01:48.358111,15,Back Translation,2,0.0,0.5800441150444013,0.0,0.0,0.0,"[0.5788333333333333, 0.0, 0.025538441581726905, 0.0, 0.05, 0.8222244033540067, 0.2993683679846065, 0.08419558527920794]",0.85
2026-07-21T12:01:49.257286,16,Back Translation,2,0.0,0.5651268705270007,0.0,0.0,0.0,"[0.583, 0.0, 0.015110970695031844, 0.075, 0.05, 0.8081341081890006, 0.30399901446944766, 0.0748096494794642]",0.9
2026-07-21T12:01:50.142720,17,Back Translation,2,0.0,0.6376608666868154,0.0,0.0,0.0,"[0.5018333333333334, 0.0, 0.001968503937007874, 0.05, 0.05, 0.8523989555970456, 0.34228050615727135, 0.04294519473723332]",0.85
2026-07-21T12:01:50.891094,18,Back Translation,2,0.0,0.6059081527347782,0.0,0.0,0.0,"[0.4576666666666667, 0.0, 0.012759121061359869, 0.025, 0.05, 0.8448575798363537, 0.31207053255269945, 0.07570068116355266]",0.85
2026-07-21T12:01:51.257786,19,Back Translation,2,0.0,0.5838031486326875,0.0,0.0,0.0,"[0.5753333333333334, 0.0, 0.012081940804500974, 0.0, 0.06666666666666667, 0.8662558406305255, 0.30234075328380083, 0.04631180343986608]",0.85
2026-07-21T12:01:51.759049,0,BERT Contextual,2,0.0,0.17119769119769118,0.0,0.0,0.0,"[0.3636666666666667, 0.0, 0.010070332480818414, 0.05, 0.016666666666666666, 0.8427375607525514, 0.33051630869099996, 0.08872982524413026]",0.85
2026-07-21T12:01:51.985982,1,BERT Contextual,2,0.0,0.18491370872185872,0.0,0.0,0.0,"[0.4138333333333334, 0.0, 0.016230559071711233, 0.075, 0.03333333333333333, 0.856460087384235, 0.3314067653855654, 0.06781522656865366]",0.85
2026-07-21T12:01:52.229897,2,BERT Contextual,2,0.0,0.37205930427090744,0.0,0.0,0.0,"[0.4728333333333333, 0.0, 0.010172310981184488, 0.025, 0.03333333333333333, 0.8537020469269974, 0.35478537559830026, 0.034303041350374056]",0.85
2026-07-21T12:01:52.467676,3,BERT Contextual,2,0.0,0.5109459500287017,0.0,0.0,0.0,"[0.43233333333333335, 0.0, 0.022251538045888163, 0.075, 0.05, 0.85172510013431, 0.317390485002239, 0.06742000237797459]",0.85
2026-07-21T12:01:52.711216,4,BERT Contextual,2,0.0,0.43885517342454794,0.0,0.0,0.0,"[0.5226666666666666, 0.0, 0.014129674471060508, 0.05, 0.08333333333333333, 0.8348093728333564, 0.313562798153046, 0.07417164015645687]",0.85
2026-07-21T12:01:52.976611,5,BERT Contextual,2,0.0,0.4748831587429493,0.0,0.0,0.0,"[0.596, 0.0, 0.003132138404273714, 0.0, 0.03333333333333333, 0.8180512470884033, 0.3399396097730977, 0.06035111860533737]",0.85
2026-07-21T12:01:53.240161,6,BERT Contextual,2,0.0,0.4492008715921759,0.0,0.0,0.0,"[0.5866666666666667, 0.0, 0.02292734947662949, 0.025, 0.05, 0.8373002144884607, 0.3819543437741991, 0.04563748564001878]",0.9
2026-07-21T12:01:53.467792,7,BERT Contextual,2,0.0,0.46106759373349765,0.0,0.0,0.0,"[0.18783333333333332, 0.0, 0.008928571428571428, 0.0, 0.016666666666666666, 0.8981865430812583, 0.27995239792792304, 0.05942128399921086]",0.8140716957198209
2026-07-21T12:01:53.746349,8,BERT Contextual,2,0.0,0.4972874333583469,0.0,0.0,0.0,"[0.7056666666666667, 0.0, 0.010606249810795266, 0.05, 0.08333333333333333, 0.7990460215231565, 0.31825429250385423, 0.07013421477475074]",0.9
2026-07-21T12:01:53.982685,9,BERT Contextual,2,0.0,0.5622111720288439,0.0,0.0,0.0,"[0.4870000000000001, 0.0, 0.007929282093351002, 0.025, 0.05, 0.8494214180655713, 0.28004552320888776, 0.06519929799196479]",0.85
2026-07-21T12:01:54.233606,10,BERT Contextual,2,0.0,0.49091303404901315,0.0,0.0,0.0,"[0.5426666666666666, 0.0, 0.006408090131898972, 0.025, 0.08333333333333333, 0.849728160927237, 0.3997738188355747, 0.06157095898448713]",0.9
2026-07-21T12:01:54.473979,11,BERT Contextual,2,0.0,0.4847258745640975,0.0,0.0,0.0,"[0.44333333333333336, 0.0, 0.00867812581722576, 0.025, 0.03333333333333333, 0.8569026782547565, 0.3022514091610133, 0.062295460694799486]",0.85
2026-07-21T12:01:54.713788,12,BERT Contextual,2,0.0,0.4942157897197877,0.0,0.0,0.0,"[0.5221666666666667, 0.0, 0.021364610011868575, 0.075, 0.05, 0.8568221868347935, 0.39313844380008045, 0.056895418181867406]",0.9
2026-07-21T12:01:54.977048,13,BERT Contextual,2,0.0,0.5206174055829227,0.0,0.0,0.0,"[0.4893333333333335, 0.0, 0.0560263992176678, 0.1, 0.016666666666666666, 0.843912414636133, 0.3329815791870956, 0.06836180342153916]",0.9
2026-07-21T12:01:55.234076,14,BERT Contextual,2,0.0,0.5518702553485162,0.0,0.0,0.0,"[0.5155000000000001, 0.0, 0.023340637135238734, 0.075, 0.016666666666666666, 0.8083650501996962, 0.34379238295769854, 0.10253695556424021]",0.85
2026-07-21T12:01:55.484956,15,BERT Contextual,2,0.0,0.5213801233354615,0.0,0.0,0.0,"[0.5788333333333333, 0.0, 0.025538441581726905, 0.0, 0.05, 0.8222244033540067, 0.2993683679846065, 0.08419558527920794]",0.85
2026-07-21T12:01:55.743435,16,BERT Contextual,2,0.0,0.6109552969993876,0.0,0.0,0.0,"[0.583, 0.0, 0.015110970695031844, 0.075, 0.05, 0.8081341081890006, 0.30399901446944766, 0.0748096494794642]",0.9
2026-07-21T12:01:56.009705,17,BERT Contextual,2,0.0,0.543067599067599,0.0,0.0,0.0,"[0.5018333333333334, 0.0, 0.001968503937007874, 0.05, 0.05, 0.8523989555970456, 0.34228050615727135, 0.04294519473723332]",0.85
2026-07-21T12:01:56.257343,18,BERT Contextual,2,0.0,0.6025968365294943,0.0,0.0,0.0,"[0.4576666666666667, 0.0, 0.012759121061359869, 0.025, 0.05, 0.8448575798363537, 0.31207053255269945, 0.07570068116355266]",0.85
2026-07-21T12:01:56.458454,19,BERT Contextual,2,0.0,0.6050597800095647,0.0,0.0,0.0,"[0.5753333333333334, 0.0, 0.012081940804500974, 0.0, 0.06666666666666667, 0.8662558406305255, 0.30234075328380083, 0.04631180343986608]",0.85
2026-07-21T12:01:56.931066,0,No Augmentation,0,0.0,0.17119769119769118,0.0,0.0,0.0,"[0.3636666666666667, 0.0, 0.010070332480818414, 0.05, 0.016666666666666666, 0.8427375607525514, 0.33051630869099996, 0.08872982524413026]",0.85
2026-07-21T12:01:57.116777,1,No Augmentation,0,0.0,0.23474616858237546,0.0,0.0,0.0,"[0.4138333333333334, 0.0, 0.016230559071711233, 0.075, 0.03333333333333333, 0.856460087384235, 0.3314067653855654, 0.06781522656865366]",0.85
2026-07-21T12:01:57.307601,2,No Augmentation,0,0.0,0.33488655922390864,0.0,0.0,0.0,"[0.4728333333333333, 0.0, 0.010172310981184488, 0.025, 0.03333333333333333, 0.8537020469269974, 0.35478537559830026, 0.034303041350374056]",0.85
2026-07-21T12:01:57.495318,3,No Augmentation,0,0.0,0.4411099106515065,0.0,0.0,0.0,"[0.43233333333333335, 0.0, 0.022251538045888163, 0.075, 0.05, 0.85172510013431, 0.317390485002239, 0.06742000237797459]",0.85
2026-07-21T12:01:57.685550,4,No Augmentation,0,0.0,0.4948377090949374,0.0,0.0,0.0,"[0.5226666666666666, 0.0, 0.014129674471060508, 0.05, 0.08333333333333333, 0.8348093728333564, 0.313562798153046, 0.07417164015645687]",0.85
2026-07-21T12:01:57.880403,5,No Augmentation,0,0.0,0.5593748473748473,0.0,0.0,0.0,"[0.596, 0.0, 0.003132138404273714, 0.0, 0.03333333333333333, 0.8180512470884033, 0.3399396097730977, 0.06035111860533737]",0.85
2026-07-21T12:01:58.077000,6,No Augmentation,0,0.0,0.45779904306220087,0.0,0.0,0.0,"[0.5866666666666667, 0.0, 0.02292734947662949, 0.025, 0.05, 0.8373002144884607, 0.3819543437741991, 0.04563748564001878]",0.9
2026-07-21T12:01:58.271359,7,No Augmentation,0,0.0,0.4674294642036577,0.0,0.0,0.0,"[0.18783333333333332, 0.0, 0.008928571428571428, 0.0, 0.016666666666666666, 0.8981865430812583, 0.27995239792792304, 0.05942128399921086]",0.8140716957198209
2026-07-21T12:01:58.468358,8,No Augmentation,0,0.0,0.5336744639376217,0.0,0.0,0.0,"[0.7056666666666667, 0.0, 0.010606249810795266, 0.05, 0.08333333333333333, 0.7990460215231565, 0.31825429250385423, 0.07013421477475074]",0.9
2026-07-21T12:01:58.665014,9,No Augmentation,0,0.0,0.6317907248179846,0.0,0.0,0.0,"[0.4870000000000001, 0.0, 0.007929282093351002, 0.025, 0.05, 0.8494214180655713, 0.28004552320888776, 0.06519929799196479]",0.85
2026-07-21T12:01:58.859513,10,No Augmentation,0,0.0,0.537736386420597,0.0,0.0,0.0,"[0.5426666666666666, 0.0, 0.006408090131898972, 0.025, 0.08333333333333333, 0.849728160927237, 0.3997738188355747, 0.06157095898448713]",0.9
2026-07-21T12:01:59.054487,11,No Augmentation,0,0.0,0.47772300771935405,0.0,0.0,0.0,"[0.44333333333333336, 0.0, 0.00867812581722576, 0.025, 0.03333333333333333, 0.8569026782547565, 0.3022514091610133, 0.062295460694799486]",0.85
2026-07-21T12:01:59.247483,12,No Augmentation,0,0.0,0.5230294387621296,0.0,0.0,0.0,"[0.5221666666666667, 0.0, 0.021364610011868575, 0.075, 0.05, 0.8568221868347935, 0.39313844380008045, 0.056895418181867406]",0.9
2026-07-21T12:01:59.446031,13,No Augmentation,0,0.0,0.5663658959102207,0.0,0.0,0.0,"[0.4893333333333335, 0.0, 0.0560263992176678, 0.1, 0.016666666666666666, 0.843912414636133, 0.3329815791870956, 0.06836180342153916]",0.9
2026-07-21T12:01:59.645549,14,No Augmentation,0,0.0,0.5584272471228993,0.0,0.0,0.0,"[0.5155000000000001, 0.0, 0.023340637135238734, 0.075, 0.016666666666666666, 0.8083650501996962, 0.34379238295769854, 0.10253695556424021]",0.85
2026-07-21T12:01:59.840623,15,No Augmentation,0,0.0,0.6048530546223716,0.0,0.0,0.0,"[0.5788333333333333, 0.0, 0.025538441581726905, 0.0, 0.05, 0.8222244033540067, 0.2993683679846065, 0.08419558527920794]",0.85
2026-07-21T12:02:00.032548,16,No Augmentation,0,0.0,0.5444106745737584,0.0,0.0,0.0,"[0.583, 0.0, 0.015110970695031844, 0.075, 0.05, 0.8081341081890006, 0.30399901446944766, 0.0748096494794642]",0.9
2026-07-21T12:02:00.235878,17,No Augmentation,0,0.0,0.6142502950711906,0.0,0.0,0.0,"[0.5018333333333334, 0.0, 0.001968503937007874, 0.05, 0.05, 0.8523989555970456, 0.34228050615727135, 0.04294519473723332]",0.85
2026-07-21T12:02:00.431967,18,No Augmentation,0,0.0,0.5710609975726255,0.0,0.0,0.0,"[0.4576666666666667, 0.0, 0.012759121061359869, 0.025, 0.05, 0.8448575798363537, 0.31207053255269945, 0.07570068116355266]",0.85
2026-07-21T12:02:00.621199,19,No Augmentation,0,0.0,0.686471021520966,0.0,0.0,0.0,"[0.5753333333333334, 0.0, 0.012081940804500974, 0.0, 0.06666666666666667, 0.8662558406305255, 0.30234075328380083, 0.04631180343986608]",0.85
2026-07-21T12:02:01.085507,0,No Augmentation,0,0.0,0.17119769119769118,0.0,0.0,0.0,"[0.3636666666666667, 0.0, 0.010070332480818414, 0.05, 0.016666666666666666, 0.8427375607525514, 0.33051630869099996, 0.08872982524413026]",0.85
2026-07-21T12:02:01.270750,1,No Augmentation,0,0.0,0.2952819933034744,0.0,0.0,0.0,"[0.4138333333333334, 0.0, 0.016230559071711233, 0.075, 0.03333333333333333, 0.856460087384235, 0.3314067653855654, 0.06781522656865366]",0.85
2026-07-21T12:02:01.458752,2,No Augmentation,0,0.0,0.3358552642326228,0.0,0.0,0.0,"[0.4728333333333333, 0.0, 0.010172310981184488, 0.025, 0.03333333333333333, 0.8537020469269974, 0.35478537559830026, 0.034303041350374056]",0.85
2026-07-21T12:02:01.649175,3,No Augmentation,0,0.0,0.4064782085908846,0.0,0.0,0.0,"[0.43233333333333335, 0.0, 0.022251538045888163, 0.075, 0.05, 0.85172510013431, 0.317390485002239, 0.06742000237797459]",0.85
2026-07-21T12:02:01.842255,4,No Augmentation,0,0.0,0.4909553845147066,0.0,0.0,0.0,"[0.5226666666666666, 0.0, 0.014129674471060508, 0.05, 0.08333333333333333, 0.8348093728333564, 0.313562798153046, 0.07417164015645687]",0.85
2026-07-21T12:02:02.049913,5,No Augmentation,0,0.0,0.505329970943837,0.0,0.0,0.0,"[0.596, 0.0, 0.003132138404273714, 0.0, 0.03333333333333333, 0.8180512470884033, 0.3399396097730977, 0.06035111860533737]",0.85
2026-07-21T12:02:02.248259,6,No Augmentation,0,0.0,0.5677188824247648,0.0,0.0,0.0,"[0.5866666666666667, 0.0, 0.02292734947662949, 0.025, 0.05, 0.8373002144884607, 0.3819543437741991, 0.04563748564001878]",0.9
2026-07-21T12:02:02.438142,7,No Augmentation,0,0.0,0.5859186888409654,0.0,0.0,0.0,"[0.18783333333333332, 0.0, 0.008928571428571428, 0.0, 0.016666666666666666, 0.8981865430812583, 0.27995239792792304, 0.05942128399921086]",0.8140716957198209
2026-07-21T12:02:02.632010,8,No Augmentation,0,0.0,0.5693349653202775,0.0,0.0,0.0,"[0.7056666666666667, 0.0, 0.010606249810795266, 0.05, 0.08333333333333333, 0.7990460215231565, 0.31825429250385423, 0.07013421477475074]",0.9
2026-07-21T12:02:02.824398,9,No Augmentation,0,0.0,0.5799140137577987,0.0,0.0,0.0,"[0.4870000000000001, 0.0, 0.007929282093351002, 0.025, 0.05, 0.8494214180655713, 0.28004552320888776, 0.06519929799196479]",0.85
2026-07-21T12:02:03.023986,10,No Augmentation,0,0.0,0.5399832915622389,0.0,0.0,0.0,"[0.5426666666666666, 0.0, 0.006408090131898972, 0.025, 0.08333333333333333, 0.849728160927237, 0.3997738188355747, 0.06157095898448713]",0.9
2026-07-21T12:02:03.226342,11,No Augmentation,0,0.0,0.5432259514534012,0.0,0.0,0.0,"[0.44333333333333336, 0.0, 0.00867812581722576, 0.025, 0.03333333333333333, 0.8569026782547565, 0.3022514091610133, 0.062295460694799486]",0.85
2026-07-21T12:02:03.422851,12,No Augmentation,0,0.0,0.6464285714285714,0.0,0.0,0.0,"[0.5221666666666667, 0.0, 0.021364610011868575, 0.075, 0.05, 0.8568221868347935, 0.39313844380008045, 0.056895418181867406]",0.9
2026-07-21T12:02:03.620781,13,No Augmentation,0,0.0,0.5075971624485069,0.0,0.0,0.0,"[0.4893333333333335, 0.0, 0.0560263992176678, 0.1, 0.016666666666666666, 0.843912414636133, 0.3329815791870956, 0.06836180342153916]",0.9
2026-07-21T12:02:03.821398,14,No Augmentation,0,0.0,0.5673801539395101,0.0,0.0,0.0,"[0.5155000000000001, 0.0, 0.023340637135238734, 0.075, 0.016666666666666666, 0.8083650501996962, 0.34379238295769854, 0.10253695556424021]",0.85
2026-07-21T12:02:04.023569,15,No Augmentation,0,0.0,0.5997123732769036,0.0,0.0,0.0,"[0.5788333333333333, 0.0, 0.025538441581726905, 0.0, 0.05, 0.8222244033540067, 0.2993683679846065, 0.08419558527920794]",0.85
2026-07-21T12:02:04.219473,16,No Augmentation,0,0.0,0.5380645366517796,0.0,0.0,0.0,"[0.583, 0.0, 0.015110970695031844, 0.075, 0.05, 0.8081341081890006, 0.30399901446944766, 0.0748096494794642]",0.9
2026-07-21T12:02:04.421139,17,No Augmentation,0,0.0,0.6034345620040754,0.0,0.0,0.0,"[0.5018333333333334, 0.0, 0.001968503937007874, 0.05, 0.05, 0.8523989555970456, 0.34228050615727135, 0.04294519473723332]",0.85
2026-07-21T12:02:04.618413,18,No Augmentation,0,0.0,0.6711025641025642,0.0,0.0,0.0,"[0.4576666666666667, 0.0, 0.012759121061359869, 0.025, 0.05, 0.8448575798363537, 0.31207053255269945, 0.07570068116355266]",0.85
2026-07-21T12:02:04.807797,19,No Augmentation,0,0.0,0.6650206895537966,0.0,0.0,0.0,"[0.5753333333333334, 0.0, 0.012081940804500974, 0.0, 0.06666666666666667, 0.8662558406305255, 0.30234075328380083, 0.04631180343986608]",0.85
