Timestamp,Chunk_ID,Strategy,Budget,Fitness,Macro_F1,Alpha,FACI_Vector
2026-07-21T09:08:10.268358,0,No Augmentation,0,0.1613257281133869,0.1613257281133869,"[np.float64(0.0), np.float64(0.0), np.float64(2.0), np.float64(0.15), np.float64(0.8), np.float64(1.0), np.float64(0.0), np.float64(2e-05)]","[0.3636666666666667, 0.0, 0.010070332480818414, 0.05, 0.016666666666666666, 0.8427375607525514, 0.33051630869099996, 0.08872982524413026]"
2026-07-21T09:08:10.420074,0,No Augmentation,0,0.17119769119769118,0.17119769119769118,"[np.float64(0.0), np.float64(0.0), np.float64(2.0), np.float64(0.15), np.float64(0.8), np.float64(1.0), np.float64(0.0), np.float64(2e-05)]","[0.3636666666666667, 0.0, 0.010070332480818414, 0.05, 0.016666666666666666, 0.8427375607525514, 0.33051630869099996, 0.08872982524413026]"
2026-07-21T09:08:10.929980,0,Back Translation,2,0.13636363636363638,0.13636363636363638,"[np.float64(1.0), np.float64(0.0), np.float64(2.0), np.float64(0.15), np.float64(0.8), np.float64(1.0), np.float64(0.0), np.float64(2e-05)]","[0.3636666666666667, 0.0, 0.010070332480818414, 0.05, 0.016666666666666666, 0.8427375607525514, 0.33051630869099996, 0.08872982524413026]"
2026-07-21T09:08:11.126820,0,BERT Contextual,2,0.156872166283931,0.156872166283931,"[np.float64(0.0), np.float64(1.0), np.float64(2.0), np.float64(0.15), np.float64(0.8), np.float64(1.0), np.float64(0.0), np.float64(2e-05)]","[0.3636666666666667, 0.0, 0.010070332480818414, 0.05, 0.016666666666666666, 0.8427375607525514, 0.33051630869099996, 0.08872982524413026]"
2026-07-21T09:08:11.276253,0,No Augmentation,0,0.15676141257536608,0.15676141257536608,"[np.float64(0.0), np.float64(0.0), np.float64(0.0), np.float64(0.15), np.float64(0.8), np.float64(1.0), np.float64(0.0), np.float64(2e-05)]","[0.3636666666666667, 0.0, 0.010070332480818414, 0.05, 0.016666666666666666, 0.8427375607525514, 0.33051630869099996, 0.08872982524413026]"
2026-07-21T09:08:11.651826,0,Hybrid,3,0.15823620823620824,0.15823620823620824,"[np.float64(0.7135918463248067), np.float64(0.803965855194212), np.float64(3.0), np.float64(0.14894066457644484), np.float64(0.8931316920780072), np.float64(0.1397809857723552), np.float64(0.9313687355299899), np.float64(0.31853003175930705)]","[0.3636666666666667, 0.0, 0.010070332480818414, 0.05, 0.016666666666666666, 0.8427375607525514, 0.33051630869099996, 0.08872982524413026]"
2026-07-21T09:08:11.799293,0,No Augmentation,0,0.15823620823620824,0.15823620823620824,"[np.float64(0.0), np.float64(0.0), np.float64(0.0), np.float64(0.15), np.float64(0.8), np.float64(1.0), np.float64(0.0), np.float64(2e-05)]","[0.3636666666666667, 0.0, 0.010070332480818414, 0.05, 0.016666666666666666, 0.8427375607525514, 0.33051630869099996, 0.08872982524413026]"
2026-07-21T09:08:12.212226,0,Hybrid,3,0.15676141257536608,0.15676141257536608,"[np.float64(0.9103566274620144), np.float64(0.6882039154553736), np.float64(3.0), np.float64(0.2345052659715563), np.float64(0.012749401268609795), np.float64(0.0890028395271304), np.float64(0.11043091740632172), np.float64(0.5741527651922548)]","[0.3636666666666667, 0.0, 0.010070332480818414, 0.05, 0.016666666666666666, 0.8427375607525514, 0.33051630869099996, 0.08872982524413026]"
2026-07-21T09:08:12.385776,0,No Augmentation,2,0.16270156809482655,0.16270156809482655,"[np.float64(0.0), np.float64(0.0), np.float64(2.0), np.float64(0.15), np.float64(0.8), np.float64(1.0), np.float64(0.0), np.float64(2e-05)]","[0.3636666666666667, 0.0, 0.010070332480818414, 0.05, 0.016666666666666666, 0.8427375607525514, 0.33051630869099996, 0.08872982524413026]"
2026-07-21T09:08:12.760129,1,No Augmentation,0,0.2785317460317461,0.2785317460317461,"[np.float64(0.0), np.float64(0.0), np.float64(2.0), np.float64(0.15), np.float64(0.8), np.float64(1.0), np.float64(0.0), np.float64(2e-05)]","[0.4138333333333334, 0.0, 0.016230559071711233, 0.075, 0.03333333333333333, 0.856460087384235, 0.3314067653855654, 0.06781522656865366]"
2026-07-21T09:08:12.909262,1,No Augmentation,0,0.2029788122325436,0.2029788122325436,"[np.float64(0.0), np.float64(0.0), np.float64(2.0), np.float64(0.15), np.float64(0.8), np.float64(1.0), np.float64(0.0), np.float64(2e-05)]","[0.4138333333333334, 0.0, 0.016230559071711233, 0.075, 0.03333333333333333, 0.856460087384235, 0.3314067653855654, 0.06781522656865366]"
2026-07-21T09:08:13.480192,1,Back Translation,2,0.11303336703741151,0.11303336703741151,"[np.float64(1.0), np.float64(0.0), np.float64(2.0), np.float64(0.15), np.float64(0.8), np.float64(1.0), np.float64(0.0), np.float64(2e-05)]","[0.4138333333333334, 0.0, 0.016230559071711233, 0.075, 0.03333333333333333, 0.856460087384235, 0.3314067653855654, 0.06781522656865366]"
2026-07-21T09:08:13.685422,1,BERT Contextual,2,0.27960487836579084,0.27960487836579084,"[np.float64(0.0), np.float64(1.0), np.float64(2.0), np.float64(0.15), np.float64(0.8), np.float64(1.0), np.float64(0.0), np.float64(2e-05)]","[0.4138333333333334, 0.0, 0.016230559071711233, 0.075, 0.03333333333333333, 0.856460087384235, 0.3314067653855654, 0.06781522656865366]"
2026-07-21T09:08:13.834242,1,No Augmentation,0,0.2510692573072471,0.2510692573072471,"[np.float64(0.0), np.float64(0.0), np.float64(0.0), np.float64(0.15), np.float64(0.8), np.float64(1.0), np.float64(0.0), np.float64(2e-05)]","[0.4138333333333334, 0.0, 0.016230559071711233, 0.075, 0.03333333333333333, 0.856460087384235, 0.3314067653855654, 0.06781522656865366]"
2026-07-21T09:08:14.603751,1,Back Translation,3,0.215668584579977,0.215668584579977,"[np.float64(0.7059628625745538), np.float64(0.43642986652272964), np.float64(3.0), np.float64(0.9272063411393074), np.float64(0.040791708540317995), np.float64(0.356520116245885), np.float64(0.709029142266918), np.float64(0.48519951446175347)]","[0.4138333333333334, 0.0, 0.016230559071711233, 0.075, 0.03333333333333333, 0.856460087384235, 0.3314067653855654, 0.06781522656865366]"
2026-07-21T09:08:14.751293,1,No Augmentation,0,0.24471841704718417,0.24471841704718417,"[np.float64(0.0), np.float64(0.0), np.float64(0.0), np.float64(0.15), np.float64(0.8), np.float64(1.0), np.float64(0.0), np.float64(2e-05)]","[0.4138333333333334, 0.0, 0.016230559071711233, 0.075, 0.03333333333333333, 0.856460087384235, 0.3314067653855654, 0.06781522656865366]"
2026-07-21T09:08:15.225471,1,Hybrid,3,0.24471841704718417,0.24471841704718417,"[np.float64(0.5570223500392677), np.float64(0.8963176991878328), np.float64(3.0), np.float64(0.8736956753983157), np.float64(0.604289484541758), np.float64(0.10414202292565189), np.float64(0.05042204206162759), np.float64(0.9462677272992335)]","[0.4138333333333334, 0.0, 0.016230559071711233, 0.075, 0.03333333333333333, 0.856460087384235, 0.3314067653855654, 0.06781522656865366]"
2026-07-21T09:08:15.448224,1,BERT Contextual,2,0.13339366515837106,0.13339366515837106,"[np.float64(0.0), np.float64(1.0), np.float64(2.0), np.float64(0.15), np.float64(0.8), np.float64(1.0), np.float64(0.0), np.float64(2e-05)]","[0.4138333333333334, 0.0, 0.016230559071711233, 0.075, 0.03333333333333333, 0.856460087384235, 0.3314067653855654, 0.06781522656865366]"
2026-07-21T09:08:16.195190,2,No Augmentation,0,0.28493859082094375,0.28493859082094375,"[np.float64(0.0), np.float64(0.0), np.float64(2.0), np.float64(0.15), np.float64(0.8), np.float64(1.0), np.float64(0.0), np.float64(2e-05)]","[0.4728333333333333, 0.0, 0.010172310981184488, 0.025, 0.03333333333333333, 0.8537020469269974, 0.35478537559830026, 0.034303041350374056]"
2026-07-21T09:08:16.345045,2,No Augmentation,0,0.3803974167908594,0.3803974167908594,"[np.float64(0.0), np.float64(0.0), np.float64(2.0), np.float64(0.15), np.float64(0.8), np.float64(1.0), np.float64(0.0), np.float64(2e-05)]","[0.4728333333333333, 0.0, 0.010172310981184488, 0.025, 0.03333333333333333, 0.8537020469269974, 0.35478537559830026, 0.034303041350374056]"
2026-07-21T09:08:17.073407,2,Back Translation,2,0.4225608309818837,0.4225608309818837,"[np.float64(1.0), np.float64(0.0), np.float64(2.0), np.float64(0.15), np.float64(0.8), np.float64(1.0), np.float64(0.0), np.float64(2e-05)]","[0.4728333333333333, 0.0, 0.010172310981184488, 0.025, 0.03333333333333333, 0.8537020469269974, 0.35478537559830026, 0.034303041350374056]"
2026-07-21T09:08:17.282779,2,BERT Contextual,2,0.42797488290234365,0.42797488290234365,"[np.float64(0.0), np.float64(1.0), np.float64(2.0), np.float64(0.15), np.float64(0.8), np.float64(1.0), np.float64(0.0), np.float64(2e-05)]","[0.4728333333333333, 0.0, 0.010172310981184488, 0.025, 0.03333333333333333, 0.8537020469269974, 0.35478537559830026, 0.034303041350374056]"
2026-07-21T09:08:17.431569,2,No Augmentation,0,0.4122500827183404,0.4122500827183404,"[np.float64(0.0), np.float64(0.0), np.float64(0.0), np.float64(0.15), np.float64(0.8), np.float64(1.0), np.float64(0.0), np.float64(2e-05)]","[0.4728333333333333, 0.0, 0.010172310981184488, 0.025, 0.03333333333333333, 0.8537020469269974, 0.35478537559830026, 0.034303041350374056]"
2026-07-21T09:08:17.871582,2,Back Translation,1,0.394101362238399,0.394101362238399,"[np.float64(0.9667681999724054), np.float64(0.38490139088212705), np.float64(1.0), np.float64(0.5377636704775337), np.float64(0.8237461285695005), np.float64(0.6841653725035876), np.float64(0.4338040630410618), np.float64(0.5083748290239605)]","[0.4728333333333333, 0.0, 0.010172310981184488, 0.025, 0.03333333333333333, 0.8537020469269974, 0.35478537559830026, 0.034303041350374056]"
2026-07-21T09:08:18.021461,2,No Augmentation,0,0.4046788861110514,0.4046788861110514,"[np.float64(0.0), np.float64(0.0), np.float64(0.0), np.float64(0.15), np.float64(0.8), np.float64(1.0), np.float64(0.0), np.float64(2e-05)]","[0.4728333333333333, 0.0, 0.010172310981184488, 0.025, 0.03333333333333333, 0.8537020469269974, 0.35478537559830026, 0.034303041350374056]"
2026-07-21T09:08:18.756006,2,Back Translation,2,0.4059274284426414,0.4059274284426414,"[np.float64(0.43810856147368493), np.float64(0.1427587080152617), np.float64(2.0), np.float64(0.04105190681574311), np.float64(0.9336155914039856), np.float64(0.7667901812084585), np.float64(0.1889694241326243), np.float64(0.2104313576587301)]","[0.4728333333333333, 0.0, 0.010172310981184488, 0.025, 0.03333333333333333, 0.8537020469269974, 0.35478537559830026, 0.034303041350374056]"
2026-07-21T09:08:18.979656,2,BERT Contextual,2,0.32683359341750606,0.32683359341750606,"[np.float64(0.0), np.float64(1.0), np.float64(2.0), np.float64(0.15), np.float64(0.8), np.float64(1.0), np.float64(0.0), np.float64(2e-05)]","[0.4728333333333333, 0.0, 0.010172310981184488, 0.025, 0.03333333333333333, 0.8537020469269974, 0.35478537559830026, 0.034303041350374056]"
2026-07-21T09:08:19.543603,3,No Augmentation,0,0.4769230769230769,0.4769230769230769,"[np.float64(0.0), np.float64(0.0), np.float64(2.0), np.float64(0.15), np.float64(0.8), np.float64(1.0), np.float64(0.0), np.float64(2e-05)]","[0.43233333333333335, 0.0, 0.022251538045888163, 0.075, 0.05, 0.85172510013431, 0.317390485002239, 0.06742000237797459]"
2026-07-21T09:08:19.690521,3,No Augmentation,0,0.48540761564017376,0.48540761564017376,"[np.float64(0.0), np.float64(0.0), np.float64(2.0), np.float64(0.15), np.float64(0.8), np.float64(1.0), np.float64(0.0), np.float64(2e-05)]","[0.43233333333333335, 0.0, 0.022251538045888163, 0.075, 0.05, 0.85172510013431, 0.317390485002239, 0.06742000237797459]"
2026-07-21T09:08:20.356114,3,Back Translation,2,0.4860125813927823,0.4860125813927823,"[np.float64(1.0), np.float64(0.0), np.float64(2.0), np.float64(0.15), np.float64(0.8), np.float64(1.0), np.float64(0.0), np.float64(2e-05)]","[0.43233333333333335, 0.0, 0.022251538045888163, 0.075, 0.05, 0.85172510013431, 0.317390485002239, 0.06742000237797459]"
2026-07-21T09:08:20.553929,3,BERT Contextual,2,0.49906981906981907,0.49906981906981907,"[np.float64(0.0), np.float64(1.0), np.float64(2.0), np.float64(0.15), np.float64(0.8), np.float64(1.0), np.float64(0.0), np.float64(2e-05)]","[0.43233333333333335, 0.0, 0.022251538045888163, 0.075, 0.05, 0.85172510013431, 0.317390485002239, 0.06742000237797459]"
2026-07-21T09:08:20.706669,3,No Augmentation,0,0.49906981906981907,0.49906981906981907,"[np.float64(0.0), np.float64(0.0), np.float64(0.0), np.float64(0.15), np.float64(0.8), np.float64(1.0), np.float64(0.0), np.float64(2e-05)]","[0.43233333333333335, 0.0, 0.022251538045888163, 0.075, 0.05, 0.85172510013431, 0.317390485002239, 0.06742000237797459]"
2026-07-21T09:08:21.398458,3,Back Translation,2,0.5185228806281439,0.5185228806281439,"[np.float64(0.990485650702873), np.float64(0.3368107369579384), np.float64(2.0), np.float64(0.891906888591218), np.float64(0.959844354878689), np.float64(0.3591741721787167), np.float64(0.7599651943895426), np.float64(0.24363098225968005)]","[0.43233333333333335, 0.0, 0.022251538045888163, 0.075, 0.05, 0.85172510013431, 0.317390485002239, 0.06742000237797459]"
2026-07-21T09:08:21.563647,3,No Augmentation,0,0.5185228806281439,0.5185228806281439,"[np.float64(0.0), np.float64(0.0), np.float64(0.0), np.float64(0.15), np.float64(0.8), np.float64(1.0), np.float64(0.0), np.float64(2e-05)]","[0.43233333333333335, 0.0, 0.022251538045888163, 0.075, 0.05, 0.85172510013431, 0.317390485002239, 0.06742000237797459]"
2026-07-21T09:08:21.722166,3,Hybrid,0,0.5185228806281439,0.5185228806281439,"[np.float64(0.5085203193769966), np.float64(0.5818844622343172), np.float64(0.0), np.float64(0.8037058227439561), np.float64(0.2761109719552013), np.float64(0.9614449283634714), np.float64(0.3109917407202172), np.float64(0.05342044426021375)]","[0.43233333333333335, 0.0, 0.022251538045888163, 0.075, 0.05, 0.85172510013431, 0.317390485002239, 0.06742000237797459]"
2026-07-21T09:08:22.472223,3,Back Translation,2,0.4641906951935882,0.4641906951935882,"[np.float64(0.990485650702873), np.float64(0.3368107369579384), np.float64(2.0), np.float64(0.891906888591218), np.float64(0.959844354878689), np.float64(0.3591741721787167), np.float64(0.7599651943895426), np.float64(0.24363098225968005)]","[0.43233333333333335, 0.0, 0.022251538045888163, 0.075, 0.05, 0.85172510013431, 0.317390485002239, 0.06742000237797459]"
2026-07-21T09:08:23.371734,4,Hybrid,5,0.7507580892316111,0.7507580892316111,"[np.float64(0.9921278370395682), np.float64(0.9341052964397775), np.float64(4.840506864363382), np.float64(0.1911494553753178), np.float64(0.8637452517151971), np.float64(1.4487340630122463), np.float64(0.23282911405196746), np.float64(0.0001)]","[np.float64(0.5226666666666666), np.float64(0.0), np.float64(0.014129674471060508), np.float64(0.05), np.float64(0.08333333333333333), np.float64(0.8348093728333564), np.float64(0.313562798153046), np.float64(0.07417164015645687)]"
2026-07-21T09:08:23.372251,4,Hybrid,4,0.7499033474745315,0.7499033474745315,"[np.float64(0.9159611823982954), np.float64(0.7623534916105629), np.float64(4.186161104443171), np.float64(0.1808185278003244), np.float64(0.8637452517151971), np.float64(1.5), np.float64(0.23282911405196746), np.float64(0.0001)]","[np.float64(0.5226666666666666), np.float64(0.0), np.float64(0.014129674471060508), np.float64(0.05), np.float64(0.08333333333333333), np.float64(0.8348093728333564), np.float64(0.313562798153046), np.float64(0.07417164015645687)]"
2026-07-21T09:08:23.372771,4,Hybrid,4,0.7438180485804541,0.7438180485804541,"[np.float64(0.9470678148311321), np.float64(0.7623534916105629), np.float64(4.418448435467314), np.float64(0.1808185278003244), np.float64(0.8473815401895963), np.float64(1.5), np.float64(0.23282911405196746), np.float64(9.972496741412648e-05)]","[np.float64(0.5226666666666666), np.float64(0.0), np.float64(0.014129674471060508), np.float64(0.05), np.float64(0.08333333333333333), np.float64(0.8348093728333564), np.float64(0.313562798153046), np.float64(0.07417164015645687)]"
2026-07-21T09:08:23.372771,4,Hybrid,5,0.7437613984683475,0.7437613984683475,"[np.float64(0.9159611823982954), np.float64(0.7623534916105629), np.float64(4.588828882016367), np.float64(0.1833353028979954), np.float64(0.8637452517151971), np.float64(1.5), np.float64(0.2397313026690125), np.float64(0.0001)]","[np.float64(0.5226666666666666), np.float64(0.0), np.float64(0.014129674471060508), np.float64(0.05), np.float64(0.08333333333333333), np.float64(0.8348093728333564), np.float64(0.313562798153046), np.float64(0.07417164015645687)]"
2026-07-21T09:08:23.373294,4,Hybrid,5,0.7397180270343111,0.7397180270343111,"[np.float64(0.9159611823982954), np.float64(0.7623534916105629), np.float64(4.840506864363382), np.float64(0.1808185278003244), np.float64(0.8637452517151971), np.float64(1.5), np.float64(0.23282911405196746), np.float64(0.0001)]","[np.float64(0.5226666666666666), np.float64(0.0), np.float64(0.014129674471060508), np.float64(0.05), np.float64(0.08333333333333333), np.float64(0.8348093728333564), np.float64(0.313562798153046), np.float64(0.07417164015645687)]"
2026-07-21T09:08:23.373813,4,Hybrid,5,0.7393243151820066,0.7393243151820066,"[np.float64(0.9283223374678736), np.float64(0.7623534916105629), np.float64(4.840506864363382), np.float64(0.1808185278003244), np.float64(0.8637452517151971), np.float64(1.5), np.float64(0.23282911405196746), np.float64(0.0001)]","[np.float64(0.5226666666666666), np.float64(0.0), np.float64(0.014129674471060508), np.float64(0.05), np.float64(0.08333333333333333), np.float64(0.8348093728333564), np.float64(0.313562798153046), np.float64(0.07417164015645687)]"
2026-07-21T09:08:23.373813,4,Hybrid,5,0.7356823589338228,0.7356823589338228,"[np.float64(0.9159611823982954), np.float64(0.7623534916105629), np.float64(4.588828882016367), np.float64(0.1833353028979954), np.float64(0.8637452517151971), np.float64(1.4461397364365016), np.float64(0.29795602070270605), np.float64(0.0001)]","[np.float64(0.5226666666666666), np.float64(0.0), np.float64(0.014129674471060508), np.float64(0.05), np.float64(0.08333333333333333), np.float64(0.8348093728333564), np.float64(0.313562798153046), np.float64(0.07417164015645687)]"
2026-07-21T09:08:23.374331,4,Hybrid,5,0.7338759015836177,0.7338759015836177,"[np.float64(1.0), np.float64(0.762677910062006), np.float64(4.840506864363382), np.float64(0.14036750291591868), np.float64(0.8583697229388981), np.float64(1.4957029064047496), np.float64(0.23282911405196746), np.float64(0.0001)]","[np.float64(0.5226666666666666), np.float64(0.0), np.float64(0.014129674471060508), np.float64(0.05), np.float64(0.08333333333333333), np.float64(0.8348093728333564), np.float64(0.313562798153046), np.float64(0.07417164015645687)]"
2026-07-21T09:08:23.374850,4,Hybrid,6,0.7188987362319618,0.7188987362319618,"[np.float64(0.9105574919026597), np.float64(0.6996397985488293), np.float64(5.640914475853572), np.float64(0.156054665030053), np.float64(0.8639639851839965), np.float64(1.4957029064047496), np.float64(0.2798963009475432), np.float64(9.940183801995704e-05)]","[np.float64(0.5226666666666666), np.float64(0.0), np.float64(0.014129674471060508), np.float64(0.05), np.float64(0.08333333333333333), np.float64(0.8348093728333564), np.float64(0.313562798153046), np.float64(0.07417164015645687)]"
2026-07-21T09:08:23.374850,4,Hybrid,3,0.7135787506550993,0.7135787506550993,"[np.float64(0.9676816784420303), np.float64(0.762677910062006), np.float64(2.527473016058318), np.float64(0.15273053459195912), np.float64(0.844097251116936), np.float64(1.3429257433784159), np.float64(0.1692427128726085), np.float64(0.0001)]","[np.float64(0.5226666666666666), np.float64(0.0), np.float64(0.014129674471060508), np.float64(0.05), np.float64(0.08333333333333333), np.float64(0.8348093728333564), np.float64(0.313562798153046), np.float64(0.07417164015645687)]"
2026-07-21T09:08:24.110907,4,Hybrid,3,0.48936809960065775,0.48936809960065775,"[np.float64(1.0), np.float64(1.0), np.float64(2.6902123683951698), np.float64(0.2613874292926463), np.float64(0.874999110113238), np.float64(1.5), np.float64(0.22296182459989264), np.float64(0.0001)]","[0.5226666666666666, 0.0, 0.014129674471060508, 0.05, 0.08333333333333333, 0.8348093728333564, 0.313562798153046, 0.07417164015645687]"
2026-07-21T09:08:33.736424,5,Hybrid,6,0.5877118837032215,0.5877118837032215,"[np.float64(0.8327552524800123), np.float64(0.6219494635839167), np.float64(6.468130001761359), np.float64(0.14183154527213948), np.float64(0.838322174719917), np.float64(0.6510830354238885), np.float64(0.7060911680702338), np.float64(3.630016263677683e-05)]","[np.float64(0.596), np.float64(0.0), np.float64(0.003132138404273714), np.float64(0.0), np.float64(0.03333333333333333), np.float64(0.8180512470884033), np.float64(0.3399396097730977), np.float64(0.06035111860533737)]"
2026-07-21T09:08:33.736949,5,Hybrid,7,0.581296674937559,0.581296674937559,"[np.float64(0.8327552524800123), np.float64(0.5492882956039491), np.float64(6.707910462102914), np.float64(0.14183154527213948), np.float64(0.8494543980795262), np.float64(0.6510830354238885), np.float64(0.16335888285459407), np.float64(4.633451423120749e-05)]","[np.float64(0.596), np.float64(0.0), np.float64(0.003132138404273714), np.float64(0.0), np.float64(0.03333333333333333), np.float64(0.8180512470884033), np.float64(0.3399396097730977), np.float64(0.06035111860533737)]"
2026-07-21T09:08:33.736949,5,BERT Contextual,5,0.5800115062416629,0.5800115062416629,"[np.float64(0.21701387457291565), np.float64(0.9928952129588783), np.float64(5.072944398623543), np.float64(0.056793277981776503), np.float64(0.9241771355249232), np.float64(0.7079658327155172), np.float64(0.21263230822565762), np.float64(2.4979423268708615e-05)]","[np.float64(0.596), np.float64(0.0), np.float64(0.003132138404273714), np.float64(0.0), np.float64(0.03333333333333333), np.float64(0.8180512470884033), np.float64(0.3399396097730977), np.float64(0.06035111860533737)]"
2026-07-21T09:08:33.737467,5,BERT Contextual,5,0.5793529543445731,0.5793529543445731,"[np.float64(0.21701387457291565), np.float64(0.9167368460566274), np.float64(4.770388697740239), np.float64(0.08763695976438178), np.float64(0.885218700267834), np.float64(0.9494003166812615), np.float64(0.22662221969709312), np.float64(3.093285455602316e-05)]","[np.float64(0.596), np.float64(0.0), np.float64(0.003132138404273714), np.float64(0.0), np.float64(0.03333333333333333), np.float64(0.8180512470884033), np.float64(0.3399396097730977), np.float64(0.06035111860533737)]"
2026-07-21T09:08:33.737467,5,BERT Contextual,5,0.5755835617835606,0.5755835617835606,"[np.float64(0.24147102504326193), np.float64(0.8617142464750027), np.float64(4.770388697740239), np.float64(0.08763695976438178), np.float64(0.9016634395285145), np.float64(0.9494003166812615), np.float64(0.22662221969709312), np.float64(3.093285455602316e-05)]","[np.float64(0.596), np.float64(0.0), np.float64(0.003132138404273714), np.float64(0.0), np.float64(0.03333333333333333), np.float64(0.8180512470884033), np.float64(0.3399396097730977), np.float64(0.06035111860533737)]"
2026-07-21T09:08:33.738018,5,BERT Contextual,5,0.5753594373816917,0.5753594373816917,"[np.float64(0.21701387457291565), np.float64(0.9928952129588783), np.float64(4.770388697740239), np.float64(0.08763695976438178), np.float64(0.885218700267834), np.float64(0.9494003166812615), np.float64(0.7060911680702338), np.float64(3.630016263677683e-05)]","[np.float64(0.596), np.float64(0.0), np.float64(0.003132138404273714), np.float64(0.0), np.float64(0.03333333333333333), np.float64(0.8180512470884033), np.float64(0.3399396097730977), np.float64(0.06035111860533737)]"
2026-07-21T09:08:33.738536,5,BERT Contextual,5,0.5726466248757279,0.5726466248757279,"[np.float64(0.21701387457291565), np.float64(1.0), np.float64(5.072944398623543), np.float64(0.056793277981776503), np.float64(0.885218700267834), np.float64(0.8802871058545974), np.float64(0.22662221969709312), np.float64(3.093285455602316e-05)]","[np.float64(0.596), np.float64(0.0), np.float64(0.003132138404273714), np.float64(0.0), np.float64(0.03333333333333333), np.float64(0.8180512470884033), np.float64(0.3399396097730977), np.float64(0.06035111860533737)]"
2026-07-21T09:08:33.738536,5,Hybrid,7,0.5706483066252588,0.5706483066252588,"[np.float64(0.7596096303360245), np.float64(0.6280122024282323), np.float64(6.979123996873501), np.float64(0.09153004942303919), np.float64(0.8494543980795262), np.float64(0.6510830354238885), np.float64(0.7500294630501), np.float64(3.630016263677683e-05)]","[np.float64(0.596), np.float64(0.0), np.float64(0.003132138404273714), np.float64(0.0), np.float64(0.03333333333333333), np.float64(0.8180512470884033), np.float64(0.3399396097730977), np.float64(0.06035111860533737)]"
2026-07-21T09:08:33.739052,5,BERT Contextual,5,0.5679085272393849,0.5679085272393849,"[np.float64(0.2225785390463208), np.float64(1.0), np.float64(5.072944398623543), np.float64(0.08763695976438178), np.float64(0.9241771355249232), np.float64(0.7079658327155172), np.float64(0.203176324849186), np.float64(2.4979423268708615e-05)]","[np.float64(0.596), np.float64(0.0), np.float64(0.003132138404273714), np.float64(0.0), np.float64(0.03333333333333333), np.float64(0.8180512470884033), np.float64(0.3399396097730977), np.float64(0.06035111860533737)]"
2026-07-21T09:08:33.739052,5,BERT Contextual,5,0.5653025122608673,0.5653025122608673,"[np.float64(0.21701387457291565), np.float64(0.9167368460566274), np.float64(4.770388697740239), np.float64(0.08763695976438178), np.float64(0.9241771355249232), np.float64(0.7079658327155172), np.float64(0.17314408952139887), np.float64(2.4979423268708615e-05)]","[np.float64(0.596), np.float64(0.0), np.float64(0.003132138404273714), np.float64(0.0), np.float64(0.03333333333333333), np.float64(0.8180512470884033), np.float64(0.3399396097730977), np.float64(0.06035111860533737)]"
2026-07-21T09:08:38.502394,5,Hybrid,6,0.5777907031730269,0.5777907031730269,"[np.float64(0.8327552524800123), np.float64(0.6219494635839167), np.float64(6.468130001761359), np.float64(0.14183154527213948), np.float64(0.838322174719917), np.float64(0.6510830354238885), np.float64(0.7060911680702338), np.float64(3.630016263677683e-05)]","[0.596, 0.0, 0.003132138404273714, 0.0, 0.03333333333333333, 0.8180512470884033, 0.3399396097730977, 0.06035111860533737]"
2026-07-21T09:08:49.700347,6,BERT Contextual,5,0.6962451634491655,0.6962451634491655,"[np.float64(0.3739071155062425), np.float64(0.7121407699888925), np.float64(5.114557761119838), np.float64(0.14676118631000112), np.float64(0.8481732598734403), np.float64(1.4057832032307656), np.float64(0.5351186682361805), np.float64(6.560338936498973e-05)]","[np.float64(0.5866666666666667), np.float64(0.0), np.float64(0.02292734947662949), np.float64(0.025), np.float64(0.05), np.float64(0.8373002144884607), np.float64(0.3819543437741991), np.float64(0.04563748564001878)]"
2026-07-21T09:08:49.700867,6,BERT Contextual,5,0.691738869730725,0.691738869730725,"[np.float64(0.3739071155062425), np.float64(0.8733019993684393), np.float64(5.114557761119838), np.float64(0.1553688924428704), np.float64(0.8481732598734403), np.float64(1.5), np.float64(0.8073882439721136), np.float64(6.699758247431692e-05)]","[np.float64(0.5866666666666667), np.float64(0.0), np.float64(0.02292734947662949), np.float64(0.025), np.float64(0.05), np.float64(0.8373002144884607), np.float64(0.3819543437741991), np.float64(0.04563748564001878)]"
2026-07-21T09:08:49.701393,6,BERT Contextual,5,0.6873669924312338,0.6873669924312338,"[np.float64(0.1748607945242333), np.float64(0.8733019993684393), np.float64(5.114557761119838), np.float64(0.17864081892944125), np.float64(0.8481732598734403), np.float64(1.3858627672831545), np.float64(0.8073882439721136), np.float64(6.59421702632238e-05)]","[np.float64(0.5866666666666667), np.float64(0.0), np.float64(0.02292734947662949), np.float64(0.025), np.float64(0.05), np.float64(0.8373002144884607), np.float64(0.3819543437741991), np.float64(0.04563748564001878)]"
2026-07-21T09:08:49.701393,6,BERT Contextual,5,0.6865396334539315,0.6865396334539315,"[np.float64(0.3739071155062425), np.float64(0.8733019993684393), np.float64(5.114557761119838), np.float64(0.1553688924428704), np.float64(0.8481732598734403), np.float64(1.3858627672831545), np.float64(0.8073882439721136), np.float64(6.59421702632238e-05)]","[np.float64(0.5866666666666667), np.float64(0.0), np.float64(0.02292734947662949), np.float64(0.025), np.float64(0.05), np.float64(0.8373002144884607), np.float64(0.3819543437741991), np.float64(0.04563748564001878)]"
2026-07-21T09:08:49.701911,6,BERT Contextual,5,0.6708298104667928,0.6708298104667928,"[np.float64(0.3739071155062425), np.float64(0.7121407699888925), np.float64(5.114557761119838), np.float64(0.1553688924428704), np.float64(0.8481732598734403), np.float64(1.3858627672831545), np.float64(0.8073882439721136), np.float64(6.866766603736339e-05)]","[np.float64(0.5866666666666667), np.float64(0.0), np.float64(0.02292734947662949), np.float64(0.025), np.float64(0.05), np.float64(0.8373002144884607), np.float64(0.3819543437741991), np.float64(0.04563748564001878)]"
2026-07-21T09:08:49.702427,6,BERT Contextual,7,0.6694908208158787,0.6694908208158787,"[np.float64(0.2848248287551705), np.float64(0.5132877938440732), np.float64(7.0), np.float64(0.1553688924428704), np.float64(0.8481732598734403), np.float64(1.4906462258007926), np.float64(0.8614050249290438), np.float64(8.205185337274936e-05)]","[np.float64(0.5866666666666667), np.float64(0.0), np.float64(0.02292734947662949), np.float64(0.025), np.float64(0.05), np.float64(0.8373002144884607), np.float64(0.3819543437741991), np.float64(0.04563748564001878)]"
2026-07-21T09:08:49.702427,6,BERT Contextual,6,0.6691739908519158,0.6691739908519158,"[np.float64(0.2848248287551705), np.float64(0.5132877938440732), np.float64(5.586974924016689), np.float64(0.1553688924428704), np.float64(0.8481732598734403), np.float64(1.3858627672831545), np.float64(0.6326568166202999), np.float64(8.205185337274936e-05)]","[np.float64(0.5866666666666667), np.float64(0.0), np.float64(0.02292734947662949), np.float64(0.025), np.float64(0.05), np.float64(0.8373002144884607), np.float64(0.3819543437741991), np.float64(0.04563748564001878)]"
2026-07-21T09:08:49.702942,6,BERT Contextual,6,0.6671611244475394,0.6671611244475394,"[np.float64(0.24553857184494193), np.float64(0.5132877938440732), np.float64(5.586974924016689), np.float64(0.1553688924428704), np.float64(0.8481732598734403), np.float64(1.3858627672831545), np.float64(0.8073882439721136), np.float64(8.670946794262028e-05)]","[np.float64(0.5866666666666667), np.float64(0.0), np.float64(0.02292734947662949), np.float64(0.025), np.float64(0.05), np.float64(0.8373002144884607), np.float64(0.3819543437741991), np.float64(0.04563748564001878)]"
2026-07-21T09:08:49.702942,6,BERT Contextual,4,0.6575807004620563,0.6575807004620563,"[np.float64(0.453130989478678), np.float64(0.7345190404342645), np.float64(3.7071545684089067), np.float64(0.2955614952024325), np.float64(0.8412881772381621), np.float64(1.268404026584038), np.float64(0.8073882439721136), np.float64(6.866766603736339e-05)]","[np.float64(0.5866666666666667), np.float64(0.0), np.float64(0.02292734947662949), np.float64(0.025), np.float64(0.05), np.float64(0.8373002144884607), np.float64(0.3819543437741991), np.float64(0.04563748564001878)]"
2026-07-21T09:08:49.703463,6,BERT Contextual,6,0.6113186382123562,0.6113186382123562,"[np.float64(0.2848248287551705), np.float64(0.43597159403247127), np.float64(5.586974924016689), np.float64(0.15561300650388926), np.float64(0.8481732598734403), np.float64(1.2247102849065807), np.float64(0.8073882439721136), np.float64(8.205185337274936e-05)]","[np.float64(0.5866666666666667), np.float64(0.0), np.float64(0.02292734947662949), np.float64(0.025), np.float64(0.05), np.float64(0.8373002144884607), np.float64(0.3819543437741991), np.float64(0.04563748564001878)]"
2026-07-21T09:09:02.334231,6,Hybrid,4,0.5176132521974306,0.5176132521974306,"[np.float64(0.5006061500937288), np.float64(0.6680952782549182), np.float64(4.28525060079478), np.float64(0.05), np.float64(0.8140716957198209), np.float64(1.5), np.float64(0.6420938083174216), np.float64(3.7714088291691875e-05)]","[0.5866666666666667, 0.0, 0.02292734947662949, 0.025, 0.05, 0.8373002144884607, 0.3819543437741991, 0.04563748564001878]"
2026-07-21T09:09:12.993412,7,Back Translation,7,0.6666064535522105,0.6666064535522105,"[np.float64(0.49779214092860036), np.float64(0.1352249606775933), np.float64(6.798505075936363), np.float64(0.17348239604635035), np.float64(0.8726541459668136), np.float64(1.5), np.float64(0.275903375763302), np.float64(6.824795329721233e-05)]","[np.float64(0.18783333333333332), np.float64(0.0), np.float64(0.008928571428571428), np.float64(0.0), np.float64(0.016666666666666666), np.float64(0.8981865430812583), np.float64(0.27995239792792304), np.float64(0.05942128399921086)]"
2026-07-21T09:09:12.993412,7,Back Translation,7,0.6656481310248038,0.6656481310248038,"[np.float64(0.5391411340833291), np.float64(0.007038242035668607), np.float64(6.798505075936363), np.float64(0.16833028914207288), np.float64(0.8555895576566744), np.float64(1.4806245778986875), np.float64(0.275903375763302), np.float64(6.851413595671063e-05)]","[np.float64(0.18783333333333332), np.float64(0.0), np.float64(0.008928571428571428), np.float64(0.0), np.float64(0.016666666666666666), np.float64(0.8981865430812583), np.float64(0.27995239792792304), np.float64(0.05942128399921086)]"
2026-07-21T09:09:12.993930,7,Back Translation,7,0.6602339817684818,0.6602339817684818,"[np.float64(0.4711863814078032), np.float64(0.1352249606775933), np.float64(6.798505075936363), np.float64(0.16833028914207288), np.float64(0.869407177667355), np.float64(1.4806245778986875), np.float64(0.275903375763302), np.float64(6.851413595671063e-05)]","[np.float64(0.18783333333333332), np.float64(0.0), np.float64(0.008928571428571428), np.float64(0.0), np.float64(0.016666666666666666), np.float64(0.8981865430812583), np.float64(0.27995239792792304), np.float64(0.05942128399921086)]"
2026-07-21T09:09:12.994449,7,BERT Contextual,7,0.6590948952318558,0.6590948952318558,"[np.float64(0.07510141977657425), np.float64(0.1660216285961421), np.float64(6.798505075936363), np.float64(0.16833028914207288), np.float64(0.869407177667355), np.float64(1.5), np.float64(0.30317291950726744), np.float64(5.344802501506534e-05)]","[np.float64(0.18783333333333332), np.float64(0.0), np.float64(0.008928571428571428), np.float64(0.0), np.float64(0.016666666666666666), np.float64(0.8981865430812583), np.float64(0.27995239792792304), np.float64(0.05942128399921086)]"
2026-07-21T09:09:12.994449,7,Back Translation,7,0.657183744886442,0.657183744886442,"[np.float64(0.49779214092860036), np.float64(0.1352249606775933), np.float64(7.0), np.float64(0.17180542396757145), np.float64(0.8702011289152056), np.float64(1.4806245778986875), np.float64(0.30317291950726744), np.float64(6.824795329721233e-05)]","[np.float64(0.18783333333333332), np.float64(0.0), np.float64(0.008928571428571428), np.float64(0.0), np.float64(0.016666666666666666), np.float64(0.8981865430812583), np.float64(0.27995239792792304), np.float64(0.05942128399921086)]"
2026-07-21T09:09:12.994965,7,Back Translation,6,0.6564609570975453,0.6564609570975453,"[np.float64(0.5704595115897939), np.float64(0.21343191188151664), np.float64(6.300322100324016), np.float64(0.16833028914207288), np.float64(0.8555895576566744), np.float64(1.4806245778986875), np.float64(0.275903375763302), np.float64(6.851413595671063e-05)]","[np.float64(0.18783333333333332), np.float64(0.0), np.float64(0.008928571428571428), np.float64(0.0), np.float64(0.016666666666666666), np.float64(0.8981865430812583), np.float64(0.27995239792792304), np.float64(0.05942128399921086)]"
2026-07-21T09:09:12.994965,7,Back Translation,7,0.6540797084231694,0.6540797084231694,"[np.float64(0.5391411340833291), np.float64(0.0), np.float64(6.798505075936363), np.float64(0.16833028914207288), np.float64(0.8687690448013391), np.float64(1.449016288494117), np.float64(0.275903375763302), np.float64(6.718829006534538e-05)]","[np.float64(0.18783333333333332), np.float64(0.0), np.float64(0.008928571428571428), np.float64(0.0), np.float64(0.016666666666666666), np.float64(0.8981865430812583), np.float64(0.27995239792792304), np.float64(0.05942128399921086)]"
2026-07-21T09:09:12.995481,7,Back Translation,7,0.6437182869324561,0.6437182869324561,"[np.float64(0.40138785635443663), np.float64(0.007038242035668607), np.float64(6.798505075936363), np.float64(0.16833028914207288), np.float64(0.8555895576566744), np.float64(1.4806245778986875), np.float64(0.275903375763302), np.float64(6.851413595671063e-05)]","[np.float64(0.18783333333333332), np.float64(0.0), np.float64(0.008928571428571428), np.float64(0.0), np.float64(0.016666666666666666), np.float64(0.8981865430812583), np.float64(0.27995239792792304), np.float64(0.05942128399921086)]"
2026-07-21T09:09:12.996000,7,Back Translation,7,0.6363947805672074,0.6363947805672074,"[np.float64(0.5177700042974055), np.float64(0.0), np.float64(6.798505075936363), np.float64(0.16833028914207288), np.float64(0.8787492336221071), np.float64(1.4806245778986875), np.float64(0.275903375763302), np.float64(6.851413595671063e-05)]","[np.float64(0.18783333333333332), np.float64(0.0), np.float64(0.008928571428571428), np.float64(0.0), np.float64(0.016666666666666666), np.float64(0.8981865430812583), np.float64(0.27995239792792304), np.float64(0.05942128399921086)]"
2026-07-21T09:09:12.996000,7,Back Translation,6,0.6288727870638567,0.6288727870638567,"[np.float64(0.3749820697436012), np.float64(0.022387114855124485), np.float64(5.9738578513158505), np.float64(0.13140788457615601), np.float64(0.8726541459668136), np.float64(1.5), np.float64(0.275903375763302), np.float64(5.344802501506534e-05)]","[np.float64(0.18783333333333332), np.float64(0.0), np.float64(0.008928571428571428), np.float64(0.0), np.float64(0.016666666666666666), np.float64(0.8981865430812583), np.float64(0.27995239792792304), np.float64(0.05942128399921086)]"
2026-07-21T09:09:19.146380,7,Back Translation,7,0.5811397797604695,0.5811397797604695,"[np.float64(0.49779214092860036), np.float64(0.1352249606775933), np.float64(6.798505075936363), np.float64(0.17348239604635035), np.float64(0.8726541459668136), np.float64(1.5), np.float64(0.275903375763302), np.float64(6.824795329721233e-05)]","[0.18783333333333332, 0.0, 0.008928571428571428, 0.0, 0.016666666666666666, 0.8981865430812583, 0.27995239792792304, 0.05942128399921086]"
2026-07-21T09:09:20.015019,8,Hybrid,6,0.7148165661163484,0.7148165661163484,"[np.float64(0.5603389509387128), np.float64(0.5316026172989008), np.float64(5.892436140475164), np.float64(0.11673413010182561), np.float64(0.815446556762798), np.float64(1.5), np.float64(0.35606002981859947), np.float64(4.225989954457323e-05)]","[np.float64(0.7056666666666667), np.float64(0.0), np.float64(0.010606249810795266), np.float64(0.05), np.float64(0.08333333333333333), np.float64(0.7990460215231565), np.float64(0.31825429250385423), np.float64(0.07013421477475074)]"
2026-07-21T09:09:20.015543,8,Hybrid,6,0.7105518438394396,0.7105518438394396,"[np.float64(0.7350045407434965), np.float64(0.8624350235750794), np.float64(5.800041086155135), np.float64(0.11938524212921904), np.float64(0.8696477286403186), np.float64(1.3951306467417157), np.float64(1.0), np.float64(6.0019630539570815e-05)]","[np.float64(0.7056666666666667), np.float64(0.0), np.float64(0.010606249810795266), np.float64(0.05), np.float64(0.08333333333333333), np.float64(0.7990460215231565), np.float64(0.31825429250385423), np.float64(0.07013421477475074)]"
2026-07-21T09:09:20.016060,8,Hybrid,6,0.7091709190281652,0.7091709190281652,"[np.float64(0.5621291801220005), np.float64(0.5316026172989008), np.float64(5.892436140475164), np.float64(0.11673413010182561), np.float64(0.8214549380200258), np.float64(1.4591629528466008), np.float64(0.2758193402994641), np.float64(5.9288250194256926e-05)]","[np.float64(0.7056666666666667), np.float64(0.0), np.float64(0.010606249810795266), np.float64(0.05), np.float64(0.08333333333333333), np.float64(0.7990460215231565), np.float64(0.31825429250385423), np.float64(0.07013421477475074)]"
2026-07-21T09:09:20.016576,8,Hybrid,6,0.7086910090433387,0.7086910090433387,"[np.float64(0.5603389509387128), np.float64(0.5316026172989008), np.float64(5.892436140475164), np.float64(0.11673413010182561), np.float64(0.815446556762798), np.float64(1.4591629528466008), np.float64(0.2758193402994641), np.float64(5.512420680250338e-05)]","[np.float64(0.7056666666666667), np.float64(0.0), np.float64(0.010606249810795266), np.float64(0.05), np.float64(0.08333333333333333), np.float64(0.7990460215231565), np.float64(0.31825429250385423), np.float64(0.07013421477475074)]"
2026-07-21T09:09:20.016576,8,Hybrid,6,0.7085700809024423,0.7085700809024423,"[np.float64(0.5621291801220005), np.float64(0.5316026172989008), np.float64(5.892436140475164), np.float64(0.11673413010182561), np.float64(0.815446556762798), np.float64(1.4591629528466008), np.float64(0.40930554371735195), np.float64(5.512420680250338e-05)]","[np.float64(0.7056666666666667), np.float64(0.0), np.float64(0.010606249810795266), np.float64(0.05), np.float64(0.08333333333333333), np.float64(0.7990460215231565), np.float64(0.31825429250385423), np.float64(0.07013421477475074)]"
2026-07-21T09:09:20.017097,8,Hybrid,5,0.7076230114840876,0.7076230114840876,"[np.float64(0.5603389509387128), np.float64(0.5316026172989008), np.float64(4.750750705832823), np.float64(0.11673413010182561), np.float64(0.8140716957198209), np.float64(1.4591629528466008), np.float64(0.2930698288199117), np.float64(5.512420680250338e-05)]","[np.float64(0.7056666666666667), np.float64(0.0), np.float64(0.010606249810795266), np.float64(0.05), np.float64(0.08333333333333333), np.float64(0.7990460215231565), np.float64(0.31825429250385423), np.float64(0.07013421477475074)]"
2026-07-21T09:09:20.017097,8,Hybrid,6,0.7065126875409649,0.7065126875409649,"[np.float64(0.5621291801220005), np.float64(0.5316026172989008), np.float64(5.892436140475164), np.float64(0.07558626287227627), np.float64(0.815446556762798), np.float64(1.4591629528466008), np.float64(0.40930554371735195), np.float64(5.512420680250338e-05)]","[np.float64(0.7056666666666667), np.float64(0.0), np.float64(0.010606249810795266), np.float64(0.05), np.float64(0.08333333333333333), np.float64(0.7990460215231565), np.float64(0.31825429250385423), np.float64(0.07013421477475074)]"
2026-07-21T09:09:20.017618,8,Hybrid,6,0.7002824769361136,0.7002824769361136,"[np.float64(0.854186843938987), np.float64(0.8624350235750794), np.float64(5.82882438788859), np.float64(0.11938524212921904), np.float64(0.8696477286403186), np.float64(1.2766769396127002), np.float64(0.8783085321766193), np.float64(6.0019630539570815e-05)]","[np.float64(0.7056666666666667), np.float64(0.0), np.float64(0.010606249810795266), np.float64(0.05), np.float64(0.08333333333333333), np.float64(0.7990460215231565), np.float64(0.31825429250385423), np.float64(0.07013421477475074)]"
2026-07-21T09:09:20.018137,8,BERT Contextual,6,0.6961862316778947,0.6961862316778947,"[np.float64(0.4211824470277431), np.float64(0.5316026172989008), np.float64(5.892436140475164), np.float64(0.11673413010182561), np.float64(0.8751498997827823), np.float64(1.3489544359100065), np.float64(0.40930554371735195), np.float64(5.512420680250338e-05)]","[np.float64(0.7056666666666667), np.float64(0.0), np.float64(0.010606249810795266), np.float64(0.05), np.float64(0.08333333333333333), np.float64(0.7990460215231565), np.float64(0.31825429250385423), np.float64(0.07013421477475074)]"
2026-07-21T09:09:20.018137,8,Hybrid,6,0.6941548648599142,0.6941548648599142,"[np.float64(0.5621291801220005), np.float64(0.5316026172989008), np.float64(5.892436140475164), np.float64(0.11673413010182561), np.float64(0.8366071717424086), np.float64(1.3489544359100065), np.float64(0.5252137533616902), np.float64(5.512420680250338e-05)]","[np.float64(0.7056666666666667), np.float64(0.0), np.float64(0.010606249810795266), np.float64(0.05), np.float64(0.08333333333333333), np.float64(0.7990460215231565), np.float64(0.31825429250385423), np.float64(0.07013421477475074)]"
2026-07-21T09:09:21.793151,8,Hybrid,7,0.5252565055545918,0.5252565055545918,"[np.float64(0.7441808470162642), np.float64(0.8262073043820525), np.float64(6.554810389382389), np.float64(0.15873657533666582), np.float64(0.98), np.float64(1.5), np.float64(0.419773705761671), np.float64(2.217134558439913e-05)]","[0.7056666666666667, 0.0, 0.010606249810795266, 0.05, 0.08333333333333333, 0.7990460215231565, 0.31825429250385423, 0.07013421477475074]"
2026-07-21T09:09:33.032749,9,Hybrid,2,0.6914204111366025,0.6914204111366025,"[np.float64(0.9339202107005277), np.float64(0.7998797954199537), np.float64(1.9998883777617915), np.float64(0.2911814750223926), np.float64(0.9608524748616956), np.float64(1.1555906858566098), np.float64(0.7898981141693268), np.float64(9.729657823452699e-05)]","[np.float64(0.4870000000000001), np.float64(0.0), np.float64(0.007929282093351002), np.float64(0.025), np.float64(0.05), np.float64(0.8494214180655713), np.float64(0.28004552320888776), np.float64(0.06519929799196479)]"
2026-07-21T09:09:33.033264,9,Hybrid,2,0.6868258310064347,0.6868258310064347,"[np.float64(0.9339202107005277), np.float64(0.7646074045960455), np.float64(1.620251956209129), np.float64(0.3), np.float64(0.9652940531861927), np.float64(1.1555906858566098), np.float64(0.7898981141693268), np.float64(0.0001)]","[np.float64(0.4870000000000001), np.float64(0.0), np.float64(0.007929282093351002), np.float64(0.025), np.float64(0.05), np.float64(0.8494214180655713), np.float64(0.28004552320888776), np.float64(0.06519929799196479)]"
2026-07-21T09:09:33.033784,9,Hybrid,2,0.6839639318319846,0.6839639318319846,"[np.float64(0.9339202107005277), np.float64(0.7998797954199537), np.float64(1.9998883777617915), np.float64(0.2911814750223926), np.float64(0.9608524748616956), np.float64(1.2190437525266198), np.float64(0.7898981141693268), np.float64(9.729657823452699e-05)]","[np.float64(0.4870000000000001), np.float64(0.0), np.float64(0.007929282093351002), np.float64(0.025), np.float64(0.05), np.float64(0.8494214180655713), np.float64(0.28004552320888776), np.float64(0.06519929799196479)]"
2026-07-21T09:09:33.033784,9,Hybrid,2,0.6821646969462647,0.6821646969462647,"[np.float64(0.8548353160805993), np.float64(0.7998797954199537), np.float64(1.9701757497970198), np.float64(0.2911814750223926), np.float64(0.9608524748616956), np.float64(1.1555906858566098), np.float64(0.7898981141693268), np.float64(9.163158799271302e-05)]","[np.float64(0.4870000000000001), np.float64(0.0), np.float64(0.007929282093351002), np.float64(0.025), np.float64(0.05), np.float64(0.8494214180655713), np.float64(0.28004552320888776), np.float64(0.06519929799196479)]"
2026-07-21T09:09:33.034300,9,Hybrid,2,0.6795255046067822,0.6795255046067822,"[np.float64(0.9339202107005277), np.float64(0.7998797954199537), np.float64(1.620251956209129), np.float64(0.2911814750223926), np.float64(0.9599669186381667), np.float64(1.2332453428654544), np.float64(0.7898981141693268), np.float64(9.729657823452699e-05)]","[np.float64(0.4870000000000001), np.float64(0.0), np.float64(0.007929282093351002), np.float64(0.025), np.float64(0.05), np.float64(0.8494214180655713), np.float64(0.28004552320888776), np.float64(0.06519929799196479)]"
2026-07-21T09:09:33.034807,9,Hybrid,2,0.6779389139241644,0.6779389139241644,"[np.float64(0.8243094799687114), np.float64(0.7998797954199537), np.float64(1.620251956209129), np.float64(0.2840332247379261), np.float64(0.9608524748616956), np.float64(1.187463149602974), np.float64(0.7898981141693268), np.float64(8.534676274554967e-05)]","[np.float64(0.4870000000000001), np.float64(0.0), np.float64(0.007929282093351002), np.float64(0.025), np.float64(0.05), np.float64(0.8494214180655713), np.float64(0.28004552320888776), np.float64(0.06519929799196479)]"
2026-07-21T09:09:33.034816,9,Hybrid,2,0.6720420905635132,0.6720420905635132,"[np.float64(0.8487246385820575), np.float64(0.8282237575596415), np.float64(1.9998883777617915), np.float64(0.3), np.float64(0.9608524748616956), np.float64(1.1555906858566098), np.float64(0.7898981141693268), np.float64(9.729657823452699e-05)]","[np.float64(0.4870000000000001), np.float64(0.0), np.float64(0.007929282093351002), np.float64(0.025), np.float64(0.05), np.float64(0.8494214180655713), np.float64(0.28004552320888776), np.float64(0.06519929799196479)]"
2026-07-21T09:09:33.035333,9,Hybrid,2,0.6711118699787058,0.6711118699787058,"[np.float64(0.9339202107005277), np.float64(0.6828865558115386), np.float64(2.145566606345516), np.float64(0.2614950140126461), np.float64(0.9608524748616956), np.float64(1.1555906858566098), np.float64(0.7898981141693268), np.float64(9.729657823452699e-05)]","[np.float64(0.4870000000000001), np.float64(0.0), np.float64(0.007929282093351002), np.float64(0.025), np.float64(0.05), np.float64(0.8494214180655713), np.float64(0.28004552320888776), np.float64(0.06519929799196479)]"
2026-07-21T09:09:33.035333,9,Hybrid,2,0.6694640081207444,0.6694640081207444,"[np.float64(0.9339202107005277), np.float64(0.7998797954199537), np.float64(1.620251956209129), np.float64(0.2911814750223926), np.float64(0.9608524748616956), np.float64(1.1555906858566098), np.float64(0.7898981141693268), np.float64(9.729657823452699e-05)]","[np.float64(0.4870000000000001), np.float64(0.0), np.float64(0.007929282093351002), np.float64(0.025), np.float64(0.05), np.float64(0.8494214180655713), np.float64(0.28004552320888776), np.float64(0.06519929799196479)]"
2026-07-21T09:09:33.035852,9,Hybrid,2,0.669460824403997,0.669460824403997,"[np.float64(0.9339202107005277), np.float64(0.7123356890738104), np.float64(1.9998883777617915), np.float64(0.2948946336917197), np.float64(0.9598508490896035), np.float64(1.2156255534577285), np.float64(0.7898981141693268), np.float64(8.413060041251384e-05)]","[np.float64(0.4870000000000001), np.float64(0.0), np.float64(0.007929282093351002), np.float64(0.025), np.float64(0.05), np.float64(0.8494214180655713), np.float64(0.28004552320888776), np.float64(0.06519929799196479)]"
2026-07-21T09:09:49.641243,9,Hybrid,2,0.5164452011959529,0.5164452011959529,"[np.float64(1.0), np.float64(0.8417857732850277), np.float64(2.1810631880508144), np.float64(0.1642832381362663), np.float64(0.98), np.float64(1.5), np.float64(0.7659801371833757), np.float64(4.657397420027696e-05)]","[0.4870000000000001, 0.0, 0.007929282093351002, 0.025, 0.05, 0.8494214180655713, 0.28004552320888776, 0.06519929799196479]"
2026-07-21T09:10:02.045541,10,Hybrid,1,0.6824865729260896,0.6824865729260896,"[np.float64(0.6223650362162741), np.float64(0.6296376924648334), np.float64(0.8289195386242492), np.float64(0.06112745456793965), np.float64(0.8592931683141295), np.float64(1.1098247129571823), np.float64(0.6471127783518058), np.float64(9.90925850461371e-05)]","[np.float64(0.5426666666666666), np.float64(0.0), np.float64(0.006408090131898972), np.float64(0.025), np.float64(0.08333333333333333), np.float64(0.849728160927237), np.float64(0.3997738188355747), np.float64(0.06157095898448713)]"
2026-07-21T09:10:02.046064,10,Hybrid,7,0.6807297757908528,0.6807297757908528,"[np.float64(0.7565939472956413), np.float64(0.8953803741349162), np.float64(6.9278233948909484), np.float64(0.2408313116630012), np.float64(0.9050013243146883), np.float64(1.1098247129571823), np.float64(0.6471127783518058), np.float64(9.90925850461371e-05)]","[np.float64(0.5426666666666666), np.float64(0.0), np.float64(0.006408090131898972), np.float64(0.025), np.float64(0.08333333333333333), np.float64(0.849728160927237), np.float64(0.3997738188355747), np.float64(0.06157095898448713)]"
2026-07-21T09:10:02.046582,10,Hybrid,7,0.6794491996296952,0.6794491996296952,"[np.float64(0.7565939472956413), np.float64(0.8953803741349162), np.float64(6.9278233948909484), np.float64(0.22888934019346596), np.float64(0.9050013243146883), np.float64(1.1098247129571823), np.float64(0.6471127783518058), np.float64(9.90925850461371e-05)]","[np.float64(0.5426666666666666), np.float64(0.0), np.float64(0.006408090131898972), np.float64(0.025), np.float64(0.08333333333333333), np.float64(0.849728160927237), np.float64(0.3997738188355747), np.float64(0.06157095898448713)]"
2026-07-21T09:10:02.046582,10,Hybrid,7,0.6574206294580469,0.6574206294580469,"[np.float64(0.6223650362162741), np.float64(0.8953803741349162), np.float64(7.0), np.float64(0.2685213579078818), np.float64(0.9050013243146883), np.float64(1.1098247129571823), np.float64(0.6492321488826692), np.float64(9.90925850461371e-05)]","[np.float64(0.5426666666666666), np.float64(0.0), np.float64(0.006408090131898972), np.float64(0.025), np.float64(0.08333333333333333), np.float64(0.849728160927237), np.float64(0.3997738188355747), np.float64(0.06157095898448713)]"
2026-07-21T09:10:02.047108,10,Hybrid,7,0.6560608292632689,0.6560608292632689,"[np.float64(0.7345028749632521), np.float64(0.8953803741349162), np.float64(6.9278233948909484), np.float64(0.2408313116630012), np.float64(0.9050013243146883), np.float64(1.1098247129571823), np.float64(0.6471127783518058), np.float64(9.90925850461371e-05)]","[np.float64(0.5426666666666666), np.float64(0.0), np.float64(0.006408090131898972), np.float64(0.025), np.float64(0.08333333333333333), np.float64(0.849728160927237), np.float64(0.3997738188355747), np.float64(0.06157095898448713)]"
2026-07-21T09:10:02.047624,10,Hybrid,7,0.6549692088164916,0.6549692088164916,"[np.float64(0.7565939472956413), np.float64(0.9128010777111332), np.float64(6.9278233948909484), np.float64(0.2408313116630012), np.float64(0.9050013243146883), np.float64(1.1098247129571823), np.float64(0.6471127783518058), np.float64(9.90925850461371e-05)]","[np.float64(0.5426666666666666), np.float64(0.0), np.float64(0.006408090131898972), np.float64(0.025), np.float64(0.08333333333333333), np.float64(0.849728160927237), np.float64(0.3997738188355747), np.float64(0.06157095898448713)]"
2026-07-21T09:10:02.047624,10,Hybrid,1,0.6070472667011428,0.6070472667011428,"[np.float64(0.6223650362162741), np.float64(0.6296376924648334), np.float64(0.8289195386242492), np.float64(0.06112745456793965), np.float64(0.8592931683141295), np.float64(1.1396453918918377), np.float64(0.6471127783518058), np.float64(9.90925850461371e-05)]","[np.float64(0.5426666666666666), np.float64(0.0), np.float64(0.006408090131898972), np.float64(0.025), np.float64(0.08333333333333333), np.float64(0.849728160927237), np.float64(0.3997738188355747), np.float64(0.06157095898448713)]"
2026-07-21T09:10:02.048146,10,Hybrid,1,0.6060843281297404,0.6060843281297404,"[np.float64(0.6223650362162741), np.float64(0.6296376924648334), np.float64(0.8289195386242492), np.float64(0.06112745456793965), np.float64(0.8581794048660077), np.float64(1.1098247129571823), np.float64(0.6471127783518058), np.float64(9.90925850461371e-05)]","[np.float64(0.5426666666666666), np.float64(0.0), np.float64(0.006408090131898972), np.float64(0.025), np.float64(0.08333333333333333), np.float64(0.849728160927237), np.float64(0.3997738188355747), np.float64(0.06157095898448713)]"
2026-07-21T09:10:02.048672,10,Hybrid,1,0.5851070615869074,0.5851070615869074,"[np.float64(0.7565939472956413), np.float64(0.6296376924648334), np.float64(0.8289195386242492), np.float64(0.06112745456793965), np.float64(0.8592931683141295), np.float64(1.011704338131036), np.float64(0.6471127783518058), np.float64(9.90925850461371e-05)]","[np.float64(0.5426666666666666), np.float64(0.0), np.float64(0.006408090131898972), np.float64(0.025), np.float64(0.08333333333333333), np.float64(0.849728160927237), np.float64(0.3997738188355747), np.float64(0.06157095898448713)]"
2026-07-21T09:10:02.048672,10,Hybrid,1,0.570367017661266,0.570367017661266,"[np.float64(0.6784337195085937), np.float64(0.8953803741349162), np.float64(0.7524041821129198), np.float64(0.06112745456793965), np.float64(0.8592931683141295), np.float64(0.8325244871196606), np.float64(0.6471127783518058), np.float64(9.90925850461371e-05)]","[np.float64(0.5426666666666666), np.float64(0.0), np.float64(0.006408090131898972), np.float64(0.025), np.float64(0.08333333333333333), np.float64(0.849728160927237), np.float64(0.3997738188355747), np.float64(0.06157095898448713)]"
2026-07-21T09:10:18.748853,10,Hybrid,6,0.5460549770147293,0.5460549770147293,"[np.float64(0.7155224275070836), np.float64(0.7889582689167615), np.float64(6.259344587823381), np.float64(0.1836248413238374), np.float64(0.98), np.float64(1.5), np.float64(0.5202795807255168), np.float64(8.921255071947965e-05)]","[0.5426666666666666, 0.0, 0.006408090131898972, 0.025, 0.08333333333333333, 0.849728160927237, 0.3997738188355747, 0.06157095898448713]"
2026-07-21T11:59:45.104254,0,No Augmentation,0,0.1613257281133869,0.1613257281133869,"[np.float64(0.0), np.float64(0.0), np.float64(2.0), np.float64(0.15), np.float64(0.8), np.float64(1.0), np.float64(0.0), np.float64(2e-05)]","[0.3636666666666667, 0.0, 0.010070332480818414, 0.05, 0.016666666666666666, 0.8427375607525514, 0.33051630869099996, 0.08872982524413026]"
2026-07-21T11:59:45.256770,0,No Augmentation,0,0.17119769119769118,0.17119769119769118,"[np.float64(0.0), np.float64(0.0), np.float64(2.0), np.float64(0.15), np.float64(0.8), np.float64(1.0), np.float64(0.0), np.float64(2e-05)]","[0.3636666666666667, 0.0, 0.010070332480818414, 0.05, 0.016666666666666666, 0.8427375607525514, 0.33051630869099996, 0.08872982524413026]"
2026-07-21T11:59:45.766203,0,Back Translation,2,0.13636363636363638,0.13636363636363638,"[np.float64(1.0), np.float64(0.0), np.float64(2.0), np.float64(0.15), np.float64(0.8), np.float64(1.0), np.float64(0.0), np.float64(2e-05)]","[0.3636666666666667, 0.0, 0.010070332480818414, 0.05, 0.016666666666666666, 0.8427375607525514, 0.33051630869099996, 0.08872982524413026]"
2026-07-21T11:59:45.953830,0,BERT Contextual,2,0.156872166283931,0.156872166283931,"[np.float64(0.0), np.float64(1.0), np.float64(2.0), np.float64(0.15), np.float64(0.8), np.float64(1.0), np.float64(0.0), np.float64(2e-05)]","[0.3636666666666667, 0.0, 0.010070332480818414, 0.05, 0.016666666666666666, 0.8427375607525514, 0.33051630869099996, 0.08872982524413026]"
2026-07-21T11:59:46.102719,0,No Augmentation,0,0.15676141257536608,0.15676141257536608,"[np.float64(0.0), np.float64(0.0), np.float64(0.0), np.float64(0.15), np.float64(0.8), np.float64(1.0), np.float64(0.0), np.float64(2e-05)]","[0.3636666666666667, 0.0, 0.010070332480818414, 0.05, 0.016666666666666666, 0.8427375607525514, 0.33051630869099996, 0.08872982524413026]"
2026-07-21T11:59:46.480454,0,Hybrid,3,0.15823620823620824,0.15823620823620824,"[np.float64(0.7135918463248067), np.float64(0.803965855194212), np.float64(3.0), np.float64(0.14894066457644484), np.float64(0.8931316920780072), np.float64(0.1397809857723552), np.float64(0.9313687355299899), np.float64(0.31853003175930705)]","[0.3636666666666667, 0.0, 0.010070332480818414, 0.05, 0.016666666666666666, 0.8427375607525514, 0.33051630869099996, 0.08872982524413026]"
2026-07-21T11:59:46.631396,0,No Augmentation,0,0.15823620823620824,0.15823620823620824,"[np.float64(0.0), np.float64(0.0), np.float64(0.0), np.float64(0.15), np.float64(0.8), np.float64(1.0), np.float64(0.0), np.float64(2e-05)]","[0.3636666666666667, 0.0, 0.010070332480818414, 0.05, 0.016666666666666666, 0.8427375607525514, 0.33051630869099996, 0.08872982524413026]"
2026-07-21T11:59:47.037974,0,Hybrid,3,0.15676141257536608,0.15676141257536608,"[np.float64(0.9103566274620144), np.float64(0.6882039154553736), np.float64(3.0), np.float64(0.2345052659715563), np.float64(0.012749401268609795), np.float64(0.0890028395271304), np.float64(0.11043091740632172), np.float64(0.5741527651922548)]","[0.3636666666666667, 0.0, 0.010070332480818414, 0.05, 0.016666666666666666, 0.8427375607525514, 0.33051630869099996, 0.08872982524413026]"
2026-07-21T11:59:47.211151,0,No Augmentation,2,0.16270156809482655,0.16270156809482655,"[np.float64(0.0), np.float64(0.0), np.float64(2.0), np.float64(0.15), np.float64(0.8), np.float64(1.0), np.float64(0.0), np.float64(2e-05)]","[0.3636666666666667, 0.0, 0.010070332480818414, 0.05, 0.016666666666666666, 0.8427375607525514, 0.33051630869099996, 0.08872982524413026]"
2026-07-21T11:59:49.452086,1,No Augmentation,0,0.2785317460317461,0.2785317460317461,"[np.float64(0.0), np.float64(0.0), np.float64(2.0), np.float64(0.15), np.float64(0.8), np.float64(1.0), np.float64(0.0), np.float64(2e-05)]","[0.4138333333333334, 0.0, 0.016230559071711233, 0.075, 0.03333333333333333, 0.856460087384235, 0.3314067653855654, 0.06781522656865366]"
2026-07-21T11:59:49.603927,1,No Augmentation,0,0.2029788122325436,0.2029788122325436,"[np.float64(0.0), np.float64(0.0), np.float64(2.0), np.float64(0.15), np.float64(0.8), np.float64(1.0), np.float64(0.0), np.float64(2e-05)]","[0.4138333333333334, 0.0, 0.016230559071711233, 0.075, 0.03333333333333333, 0.856460087384235, 0.3314067653855654, 0.06781522656865366]"
2026-07-21T11:59:50.177846,1,Back Translation,2,0.11303336703741151,0.11303336703741151,"[np.float64(1.0), np.float64(0.0), np.float64(2.0), np.float64(0.15), np.float64(0.8), np.float64(1.0), np.float64(0.0), np.float64(2e-05)]","[0.4138333333333334, 0.0, 0.016230559071711233, 0.075, 0.03333333333333333, 0.856460087384235, 0.3314067653855654, 0.06781522656865366]"
2026-07-21T11:59:50.368470,1,BERT Contextual,2,0.27960487836579084,0.27960487836579084,"[np.float64(0.0), np.float64(1.0), np.float64(2.0), np.float64(0.15), np.float64(0.8), np.float64(1.0), np.float64(0.0), np.float64(2e-05)]","[0.4138333333333334, 0.0, 0.016230559071711233, 0.075, 0.03333333333333333, 0.856460087384235, 0.3314067653855654, 0.06781522656865366]"
2026-07-21T11:59:50.522387,1,No Augmentation,0,0.2510692573072471,0.2510692573072471,"[np.float64(0.0), np.float64(0.0), np.float64(0.0), np.float64(0.15), np.float64(0.8), np.float64(1.0), np.float64(0.0), np.float64(2e-05)]","[0.4138333333333334, 0.0, 0.016230559071711233, 0.075, 0.03333333333333333, 0.856460087384235, 0.3314067653855654, 0.06781522656865366]"
2026-07-21T11:59:51.311346,1,Back Translation,3,0.215668584579977,0.215668584579977,"[np.float64(0.7059628625745538), np.float64(0.43642986652272964), np.float64(3.0), np.float64(0.9272063411393074), np.float64(0.040791708540317995), np.float64(0.356520116245885), np.float64(0.709029142266918), np.float64(0.48519951446175347)]","[0.4138333333333334, 0.0, 0.016230559071711233, 0.075, 0.03333333333333333, 0.856460087384235, 0.3314067653855654, 0.06781522656865366]"
2026-07-21T11:59:51.463822,1,No Augmentation,0,0.24471841704718417,0.24471841704718417,"[np.float64(0.0), np.float64(0.0), np.float64(0.0), np.float64(0.15), np.float64(0.8), np.float64(1.0), np.float64(0.0), np.float64(2e-05)]","[0.4138333333333334, 0.0, 0.016230559071711233, 0.075, 0.03333333333333333, 0.856460087384235, 0.3314067653855654, 0.06781522656865366]"
2026-07-21T11:59:51.942390,1,Hybrid,3,0.24471841704718417,0.24471841704718417,"[np.float64(0.5570223500392677), np.float64(0.8963176991878328), np.float64(3.0), np.float64(0.8736956753983157), np.float64(0.604289484541758), np.float64(0.10414202292565189), np.float64(0.05042204206162759), np.float64(0.9462677272992335)]","[0.4138333333333334, 0.0, 0.016230559071711233, 0.075, 0.03333333333333333, 0.856460087384235, 0.3314067653855654, 0.06781522656865366]"
2026-07-21T11:59:52.165405,1,BERT Contextual,2,0.13339366515837106,0.13339366515837106,"[np.float64(0.0), np.float64(1.0), np.float64(2.0), np.float64(0.15), np.float64(0.8), np.float64(1.0), np.float64(0.0), np.float64(2e-05)]","[0.4138333333333334, 0.0, 0.016230559071711233, 0.075, 0.03333333333333333, 0.856460087384235, 0.3314067653855654, 0.06781522656865366]"
2026-07-21T11:59:52.726760,2,No Augmentation,0,0.28493859082094375,0.28493859082094375,"[np.float64(0.0), np.float64(0.0), np.float64(2.0), np.float64(0.15), np.float64(0.8), np.float64(1.0), np.float64(0.0), np.float64(2e-05)]","[0.4728333333333333, 0.0, 0.010172310981184488, 0.025, 0.03333333333333333, 0.8537020469269974, 0.35478537559830026, 0.034303041350374056]"
2026-07-21T11:59:52.880576,2,No Augmentation,0,0.3803974167908594,0.3803974167908594,"[np.float64(0.0), np.float64(0.0), np.float64(2.0), np.float64(0.15), np.float64(0.8), np.float64(1.0), np.float64(0.0), np.float64(2e-05)]","[0.4728333333333333, 0.0, 0.010172310981184488, 0.025, 0.03333333333333333, 0.8537020469269974, 0.35478537559830026, 0.034303041350374056]"
2026-07-21T11:59:53.592007,2,Back Translation,2,0.4225608309818837,0.4225608309818837,"[np.float64(1.0), np.float64(0.0), np.float64(2.0), np.float64(0.15), np.float64(0.8), np.float64(1.0), np.float64(0.0), np.float64(2e-05)]","[0.4728333333333333, 0.0, 0.010172310981184488, 0.025, 0.03333333333333333, 0.8537020469269974, 0.35478537559830026, 0.034303041350374056]"
2026-07-21T11:59:53.799258,2,BERT Contextual,2,0.42797488290234365,0.42797488290234365,"[np.float64(0.0), np.float64(1.0), np.float64(2.0), np.float64(0.15), np.float64(0.8), np.float64(1.0), np.float64(0.0), np.float64(2e-05)]","[0.4728333333333333, 0.0, 0.010172310981184488, 0.025, 0.03333333333333333, 0.8537020469269974, 0.35478537559830026, 0.034303041350374056]"
2026-07-21T11:59:53.953670,2,No Augmentation,0,0.4122500827183404,0.4122500827183404,"[np.float64(0.0), np.float64(0.0), np.float64(0.0), np.float64(0.15), np.float64(0.8), np.float64(1.0), np.float64(0.0), np.float64(2e-05)]","[0.4728333333333333, 0.0, 0.010172310981184488, 0.025, 0.03333333333333333, 0.8537020469269974, 0.35478537559830026, 0.034303041350374056]"
2026-07-21T11:59:54.391491,2,Back Translation,1,0.394101362238399,0.394101362238399,"[np.float64(0.9667681999724054), np.float64(0.38490139088212705), np.float64(1.0), np.float64(0.5377636704775337), np.float64(0.8237461285695005), np.float64(0.6841653725035876), np.float64(0.4338040630410618), np.float64(0.5083748290239605)]","[0.4728333333333333, 0.0, 0.010172310981184488, 0.025, 0.03333333333333333, 0.8537020469269974, 0.35478537559830026, 0.034303041350374056]"
2026-07-21T11:59:54.544932,2,No Augmentation,0,0.4046788861110514,0.4046788861110514,"[np.float64(0.0), np.float64(0.0), np.float64(0.0), np.float64(0.15), np.float64(0.8), np.float64(1.0), np.float64(0.0), np.float64(2e-05)]","[0.4728333333333333, 0.0, 0.010172310981184488, 0.025, 0.03333333333333333, 0.8537020469269974, 0.35478537559830026, 0.034303041350374056]"
2026-07-21T11:59:55.277067,2,Back Translation,2,0.4059274284426414,0.4059274284426414,"[np.float64(0.43810856147368493), np.float64(0.1427587080152617), np.float64(2.0), np.float64(0.04105190681574311), np.float64(0.9336155914039856), np.float64(0.7667901812084585), np.float64(0.1889694241326243), np.float64(0.2104313576587301)]","[0.4728333333333333, 0.0, 0.010172310981184488, 0.025, 0.03333333333333333, 0.8537020469269974, 0.35478537559830026, 0.034303041350374056]"
2026-07-21T11:59:55.510316,2,BERT Contextual,2,0.32683359341750606,0.32683359341750606,"[np.float64(0.0), np.float64(1.0), np.float64(2.0), np.float64(0.15), np.float64(0.8), np.float64(1.0), np.float64(0.0), np.float64(2e-05)]","[0.4728333333333333, 0.0, 0.010172310981184488, 0.025, 0.03333333333333333, 0.8537020469269974, 0.35478537559830026, 0.034303041350374056]"
2026-07-21T11:59:56.070814,3,No Augmentation,0,0.48657051282051283,0.48657051282051283,"[np.float64(0.0), np.float64(0.0), np.float64(2.0), np.float64(0.15), np.float64(0.8), np.float64(1.0), np.float64(0.0), np.float64(2e-05)]","[0.43233333333333335, 0.0, 0.022251538045888163, 0.075, 0.05, 0.85172510013431, 0.317390485002239, 0.06742000237797459]"
2026-07-21T11:59:56.223702,3,No Augmentation,0,0.48540761564017376,0.48540761564017376,"[np.float64(0.0), np.float64(0.0), np.float64(2.0), np.float64(0.15), np.float64(0.8), np.float64(1.0), np.float64(0.0), np.float64(2e-05)]","[0.43233333333333335, 0.0, 0.022251538045888163, 0.075, 0.05, 0.85172510013431, 0.317390485002239, 0.06742000237797459]"
2026-07-21T11:59:56.877699,3,Back Translation,2,0.4860125813927823,0.4860125813927823,"[np.float64(1.0), np.float64(0.0), np.float64(2.0), np.float64(0.15), np.float64(0.8), np.float64(1.0), np.float64(0.0), np.float64(2e-05)]","[0.43233333333333335, 0.0, 0.022251538045888163, 0.075, 0.05, 0.85172510013431, 0.317390485002239, 0.06742000237797459]"
2026-07-21T11:59:57.080367,3,BERT Contextual,2,0.49906981906981907,0.49906981906981907,"[np.float64(0.0), np.float64(1.0), np.float64(2.0), np.float64(0.15), np.float64(0.8), np.float64(1.0), np.float64(0.0), np.float64(2e-05)]","[0.43233333333333335, 0.0, 0.022251538045888163, 0.075, 0.05, 0.85172510013431, 0.317390485002239, 0.06742000237797459]"
2026-07-21T11:59:57.233204,3,No Augmentation,0,0.49906981906981907,0.49906981906981907,"[np.float64(0.0), np.float64(0.0), np.float64(0.0), np.float64(0.15), np.float64(0.8), np.float64(1.0), np.float64(0.0), np.float64(2e-05)]","[0.43233333333333335, 0.0, 0.022251538045888163, 0.075, 0.05, 0.85172510013431, 0.317390485002239, 0.06742000237797459]"
2026-07-21T11:59:57.874514,3,Back Translation,2,0.5185228806281439,0.5185228806281439,"[np.float64(0.990485650702873), np.float64(0.3368107369579384), np.float64(2.0), np.float64(0.891906888591218), np.float64(0.959844354878689), np.float64(0.3591741721787167), np.float64(0.7599651943895426), np.float64(0.24363098225968005)]","[0.43233333333333335, 0.0, 0.022251538045888163, 0.075, 0.05, 0.85172510013431, 0.317390485002239, 0.06742000237797459]"
2026-07-21T11:59:58.027917,3,No Augmentation,0,0.5185228806281439,0.5185228806281439,"[np.float64(0.0), np.float64(0.0), np.float64(0.0), np.float64(0.15), np.float64(0.8), np.float64(1.0), np.float64(0.0), np.float64(2e-05)]","[0.43233333333333335, 0.0, 0.022251538045888163, 0.075, 0.05, 0.85172510013431, 0.317390485002239, 0.06742000237797459]"
2026-07-21T11:59:58.180848,3,Hybrid,0,0.5185228806281439,0.5185228806281439,"[np.float64(0.5085203193769966), np.float64(0.5818844622343172), np.float64(0.0), np.float64(0.8037058227439561), np.float64(0.2761109719552013), np.float64(0.9614449283634714), np.float64(0.3109917407202172), np.float64(0.05342044426021375)]","[0.43233333333333335, 0.0, 0.022251538045888163, 0.075, 0.05, 0.85172510013431, 0.317390485002239, 0.06742000237797459]"
2026-07-21T11:59:58.864477,3,Back Translation,2,0.4641906951935882,0.4641906951935882,"[np.float64(0.990485650702873), np.float64(0.3368107369579384), np.float64(2.0), np.float64(0.891906888591218), np.float64(0.959844354878689), np.float64(0.3591741721787167), np.float64(0.7599651943895426), np.float64(0.24363098225968005)]","[0.43233333333333335, 0.0, 0.022251538045888163, 0.075, 0.05, 0.85172510013431, 0.317390485002239, 0.06742000237797459]"
2026-07-21T11:59:59.687928,4,Hybrid,5,0.7507580892316111,0.7507580892316111,"[np.float64(0.9921278370395682), np.float64(0.9341052964397775), np.float64(4.840506864363382), np.float64(0.1911494553753178), np.float64(0.8637452517151971), np.float64(1.4487340630122463), np.float64(0.23282911405196746), np.float64(0.0001)]","[np.float64(0.5226666666666666), np.float64(0.0), np.float64(0.014129674471060508), np.float64(0.05), np.float64(0.08333333333333333), np.float64(0.8348093728333564), np.float64(0.313562798153046), np.float64(0.07417164015645687)]"
2026-07-21T11:59:59.687928,4,Hybrid,4,0.7499033474745315,0.7499033474745315,"[np.float64(0.9159611823982954), np.float64(0.7623534916105629), np.float64(4.186161104443171), np.float64(0.1808185278003244), np.float64(0.8637452517151971), np.float64(1.5), np.float64(0.23282911405196746), np.float64(0.0001)]","[np.float64(0.5226666666666666), np.float64(0.0), np.float64(0.014129674471060508), np.float64(0.05), np.float64(0.08333333333333333), np.float64(0.8348093728333564), np.float64(0.313562798153046), np.float64(0.07417164015645687)]"
2026-07-21T11:59:59.688442,4,Hybrid,4,0.7438180485804541,0.7438180485804541,"[np.float64(0.9470678148311321), np.float64(0.7623534916105629), np.float64(4.418448435467314), np.float64(0.1808185278003244), np.float64(0.8473815401895963), np.float64(1.5), np.float64(0.23282911405196746), np.float64(9.972496741412648e-05)]","[np.float64(0.5226666666666666), np.float64(0.0), np.float64(0.014129674471060508), np.float64(0.05), np.float64(0.08333333333333333), np.float64(0.8348093728333564), np.float64(0.313562798153046), np.float64(0.07417164015645687)]"
2026-07-21T11:59:59.688442,4,Hybrid,5,0.7437613984683475,0.7437613984683475,"[np.float64(0.9159611823982954), np.float64(0.7623534916105629), np.float64(4.588828882016367), np.float64(0.1833353028979954), np.float64(0.8637452517151971), np.float64(1.5), np.float64(0.2397313026690125), np.float64(0.0001)]","[np.float64(0.5226666666666666), np.float64(0.0), np.float64(0.014129674471060508), np.float64(0.05), np.float64(0.08333333333333333), np.float64(0.8348093728333564), np.float64(0.313562798153046), np.float64(0.07417164015645687)]"
2026-07-21T11:59:59.688961,4,Hybrid,5,0.7397180270343111,0.7397180270343111,"[np.float64(0.9159611823982954), np.float64(0.7623534916105629), np.float64(4.840506864363382), np.float64(0.1808185278003244), np.float64(0.8637452517151971), np.float64(1.5), np.float64(0.23282911405196746), np.float64(0.0001)]","[np.float64(0.5226666666666666), np.float64(0.0), np.float64(0.014129674471060508), np.float64(0.05), np.float64(0.08333333333333333), np.float64(0.8348093728333564), np.float64(0.313562798153046), np.float64(0.07417164015645687)]"
2026-07-21T11:59:59.689475,4,Hybrid,5,0.7393243151820066,0.7393243151820066,"[np.float64(0.9283223374678736), np.float64(0.7623534916105629), np.float64(4.840506864363382), np.float64(0.1808185278003244), np.float64(0.8637452517151971), np.float64(1.5), np.float64(0.23282911405196746), np.float64(0.0001)]","[np.float64(0.5226666666666666), np.float64(0.0), np.float64(0.014129674471060508), np.float64(0.05), np.float64(0.08333333333333333), np.float64(0.8348093728333564), np.float64(0.313562798153046), np.float64(0.07417164015645687)]"
2026-07-21T11:59:59.689996,4,Hybrid,5,0.7356823589338228,0.7356823589338228,"[np.float64(0.9159611823982954), np.float64(0.7623534916105629), np.float64(4.588828882016367), np.float64(0.1833353028979954), np.float64(0.8637452517151971), np.float64(1.4461397364365016), np.float64(0.29795602070270605), np.float64(0.0001)]","[np.float64(0.5226666666666666), np.float64(0.0), np.float64(0.014129674471060508), np.float64(0.05), np.float64(0.08333333333333333), np.float64(0.8348093728333564), np.float64(0.313562798153046), np.float64(0.07417164015645687)]"
2026-07-21T11:59:59.689996,4,Hybrid,5,0.7338759015836177,0.7338759015836177,"[np.float64(1.0), np.float64(0.762677910062006), np.float64(4.840506864363382), np.float64(0.14036750291591868), np.float64(0.8583697229388981), np.float64(1.4957029064047496), np.float64(0.23282911405196746), np.float64(0.0001)]","[np.float64(0.5226666666666666), np.float64(0.0), np.float64(0.014129674471060508), np.float64(0.05), np.float64(0.08333333333333333), np.float64(0.8348093728333564), np.float64(0.313562798153046), np.float64(0.07417164015645687)]"
2026-07-21T11:59:59.690515,4,Hybrid,6,0.7188987362319618,0.7188987362319618,"[np.float64(0.9105574919026597), np.float64(0.6996397985488293), np.float64(5.640914475853572), np.float64(0.156054665030053), np.float64(0.8639639851839965), np.float64(1.4957029064047496), np.float64(0.2798963009475432), np.float64(9.940183801995704e-05)]","[np.float64(0.5226666666666666), np.float64(0.0), np.float64(0.014129674471060508), np.float64(0.05), np.float64(0.08333333333333333), np.float64(0.8348093728333564), np.float64(0.313562798153046), np.float64(0.07417164015645687)]"
2026-07-21T11:59:59.691031,4,Hybrid,3,0.7135787506550993,0.7135787506550993,"[np.float64(0.9676816784420303), np.float64(0.762677910062006), np.float64(2.527473016058318), np.float64(0.15273053459195912), np.float64(0.844097251116936), np.float64(1.3429257433784159), np.float64(0.1692427128726085), np.float64(0.0001)]","[np.float64(0.5226666666666666), np.float64(0.0), np.float64(0.014129674471060508), np.float64(0.05), np.float64(0.08333333333333333), np.float64(0.8348093728333564), np.float64(0.313562798153046), np.float64(0.07417164015645687)]"
2026-07-21T12:00:00.354894,4,Hybrid,3,0.48936809960065775,0.48936809960065775,"[np.float64(1.0), np.float64(1.0), np.float64(2.6902123683951698), np.float64(0.2613874292926463), np.float64(0.874999110113238), np.float64(1.5), np.float64(0.22296182459989264), np.float64(0.0001)]","[0.5226666666666666, 0.0, 0.014129674471060508, 0.05, 0.08333333333333333, 0.8348093728333564, 0.313562798153046, 0.07417164015645687]"
2026-07-21T12:00:09.576144,5,BERT Contextual,5,0.5829483483369943,0.5829483483369943,"[np.float64(0.21701387457291565), np.float64(0.9167368460566274), np.float64(4.770388697740239), np.float64(0.08763695976438178), np.float64(0.885218700267834), np.float64(0.9811388606297622), np.float64(0.3998908910429168), np.float64(3.093285455602316e-05)]","[np.float64(0.596), np.float64(0.0), np.float64(0.003132138404273714), np.float64(0.0), np.float64(0.03333333333333333), np.float64(0.8180512470884033), np.float64(0.3399396097730977), np.float64(0.06035111860533737)]"
2026-07-21T12:00:09.576144,5,BERT Contextual,5,0.5794200238769622,0.5794200238769622,"[np.float64(0.21701387457291565), np.float64(0.9928952129588783), np.float64(5.072944398623543), np.float64(0.056793277981776503), np.float64(0.9241771355249232), np.float64(0.7079658327155172), np.float64(0.21263230822565762), np.float64(2.4979423268708615e-05)]","[np.float64(0.596), np.float64(0.0), np.float64(0.003132138404273714), np.float64(0.0), np.float64(0.03333333333333333), np.float64(0.8180512470884033), np.float64(0.3399396097730977), np.float64(0.06035111860533737)]"
2026-07-21T12:00:09.576661,5,BERT Contextual,5,0.5793038734204541,0.5793038734204541,"[np.float64(0.21701387457291565), np.float64(0.9167368460566274), np.float64(4.770388697740239), np.float64(0.056793277981776503), np.float64(0.9241771355249232), np.float64(0.7079658327155172), np.float64(0.21263230822565762), np.float64(2.4979423268708615e-05)]","[np.float64(0.596), np.float64(0.0), np.float64(0.003132138404273714), np.float64(0.0), np.float64(0.03333333333333333), np.float64(0.8180512470884033), np.float64(0.3399396097730977), np.float64(0.06035111860533737)]"
2026-07-21T12:00:09.576661,5,BERT Contextual,5,0.5788734252263203,0.5788734252263203,"[np.float64(0.21701387457291565), np.float64(0.9167368460566274), np.float64(4.770388697740239), np.float64(0.08763695976438178), np.float64(0.885218700267834), np.float64(0.9494003166812615), np.float64(0.22662221969709312), np.float64(3.093285455602316e-05)]","[np.float64(0.596), np.float64(0.0), np.float64(0.003132138404273714), np.float64(0.0), np.float64(0.03333333333333333), np.float64(0.8180512470884033), np.float64(0.3399396097730977), np.float64(0.06035111860533737)]"
2026-07-21T12:00:09.577177,5,BERT Contextual,5,0.5765057000349741,0.5765057000349741,"[np.float64(0.14748491450662646), np.float64(0.9928952129588783), np.float64(5.072944398623543), np.float64(0.08763695976438178), np.float64(0.885218700267834), np.float64(0.9494003166812615), np.float64(0.22662221969709312), np.float64(3.093285455602316e-05)]","[np.float64(0.596), np.float64(0.0), np.float64(0.003132138404273714), np.float64(0.0), np.float64(0.03333333333333333), np.float64(0.8180512470884033), np.float64(0.3399396097730977), np.float64(0.06035111860533737)]"
2026-07-21T12:00:09.577696,5,BERT Contextual,5,0.5757347899512538,0.5757347899512538,"[np.float64(0.30873334773270245), np.float64(0.9167368460566274), np.float64(4.770388697740239), np.float64(0.08763695976438178), np.float64(0.885218700267834), np.float64(0.7495216899185102), np.float64(0.22662221969709312), np.float64(3.093285455602316e-05)]","[np.float64(0.596), np.float64(0.0), np.float64(0.003132138404273714), np.float64(0.0), np.float64(0.03333333333333333), np.float64(0.8180512470884033), np.float64(0.3399396097730977), np.float64(0.06035111860533737)]"
2026-07-21T12:00:09.577696,5,BERT Contextual,5,0.5743871059250066,0.5743871059250066,"[np.float64(0.21701387457291565), np.float64(0.9167368460566274), np.float64(4.770388697740239), np.float64(0.08763695976438178), np.float64(0.9241771355249232), np.float64(0.7079658327155172), np.float64(0.21263230822565762), np.float64(2.4979423268708615e-05)]","[np.float64(0.596), np.float64(0.0), np.float64(0.003132138404273714), np.float64(0.0), np.float64(0.03333333333333333), np.float64(0.8180512470884033), np.float64(0.3399396097730977), np.float64(0.06035111860533737)]"
2026-07-21T12:00:09.578213,5,BERT Contextual,5,0.5711729202477512,0.5711729202477512,"[np.float64(0.21701387457291565), np.float64(0.9928952129588783), np.float64(4.9871026880273455), np.float64(0.08763695976438178), np.float64(0.885218700267834), np.float64(0.9494003166812615), np.float64(0.22662221969709312), np.float64(3.093285455602316e-05)]","[np.float64(0.596), np.float64(0.0), np.float64(0.003132138404273714), np.float64(0.0), np.float64(0.03333333333333333), np.float64(0.8180512470884033), np.float64(0.3399396097730977), np.float64(0.06035111860533737)]"
2026-07-21T12:00:09.578213,5,BERT Contextual,5,0.569488990584662,0.569488990584662,"[np.float64(0.21701387457291565), np.float64(0.9928952129588783), np.float64(5.072944398623543), np.float64(0.056793277981776503), np.float64(0.885218700267834), np.float64(0.9494003166812615), np.float64(0.22662221969709312), np.float64(2.742279067120016e-05)]","[np.float64(0.596), np.float64(0.0), np.float64(0.003132138404273714), np.float64(0.0), np.float64(0.03333333333333333), np.float64(0.8180512470884033), np.float64(0.3399396097730977), np.float64(0.06035111860533737)]"
2026-07-21T12:00:09.578733,5,BERT Contextual,3,0.5435220849858493,0.5435220849858493,"[np.float64(0.21701387457291565), np.float64(1.0), np.float64(3.4908050586120876), np.float64(0.08763695976438178), np.float64(0.8637685148813281), np.float64(0.9494003166812615), np.float64(0.22662221969709312), np.float64(3.093285455602316e-05)]","[np.float64(0.596), np.float64(0.0), np.float64(0.003132138404273714), np.float64(0.0), np.float64(0.03333333333333333), np.float64(0.8180512470884033), np.float64(0.3399396097730977), np.float64(0.06035111860533737)]"
2026-07-21T12:00:13.498928,5,BERT Contextual,5,0.5479300714105414,0.5479300714105414,"[np.float64(0.21701387457291565), np.float64(0.9167368460566274), np.float64(4.770388697740239), np.float64(0.08763695976438178), np.float64(0.885218700267834), np.float64(0.9811388606297622), np.float64(0.3998908910429168), np.float64(3.093285455602316e-05)]","[0.596, 0.0, 0.003132138404273714, 0.0, 0.03333333333333333, 0.8180512470884033, 0.3399396097730977, 0.06035111860533737]"
2026-07-21T12:00:23.294430,6,Back Translation,4,0.6892389266634035,0.6892389266634035,"[np.float64(0.5664783281740898), np.float64(0.31110008350141616), np.float64(3.6853216672021833), np.float64(0.22396779051341376), np.float64(0.8610736142128065), np.float64(1.4498725925180604), np.float64(0.4456199909292363), np.float64(7.319912360436378e-05)]","[np.float64(0.5866666666666667), np.float64(0.0), np.float64(0.02292734947662949), np.float64(0.025), np.float64(0.05), np.float64(0.8373002144884607), np.float64(0.3819543437741991), np.float64(0.04563748564001878)]"
2026-07-21T12:00:23.294950,6,Back Translation,4,0.6892389266634035,0.6892389266634035,"[np.float64(0.5664783281740898), np.float64(0.31110008350141616), np.float64(3.6853216672021833), np.float64(0.22396779051341376), np.float64(0.8610736142128065), np.float64(1.4498725925180604), np.float64(0.4456199909292363), np.float64(8.161084443485537e-05)]","[np.float64(0.5866666666666667), np.float64(0.0), np.float64(0.02292734947662949), np.float64(0.025), np.float64(0.05), np.float64(0.8373002144884607), np.float64(0.3819543437741991), np.float64(0.04563748564001878)]"
2026-07-21T12:00:23.295468,6,Back Translation,4,0.6892389266634035,0.6892389266634035,"[np.float64(0.5664783281740898), np.float64(0.31110008350141616), np.float64(3.6853216672021833), np.float64(0.22396779051341376), np.float64(0.8610736142128065), np.float64(1.4498725925180604), np.float64(0.4456199909292363), np.float64(8.161084443485537e-05)]","[np.float64(0.5866666666666667), np.float64(0.0), np.float64(0.02292734947662949), np.float64(0.025), np.float64(0.05), np.float64(0.8373002144884607), np.float64(0.3819543437741991), np.float64(0.04563748564001878)]"
2026-07-21T12:00:23.295468,6,Back Translation,7,0.6795141419730251,0.6795141419730251,"[np.float64(0.9587368063433054), np.float64(0.1217351977623119), np.float64(6.904471671316187), np.float64(0.09551542706747014), np.float64(0.8371531852762194), np.float64(1.2815022974511288), np.float64(0.23130466728429422), np.float64(7.319912360436378e-05)]","[np.float64(0.5866666666666667), np.float64(0.0), np.float64(0.02292734947662949), np.float64(0.025), np.float64(0.05), np.float64(0.8373002144884607), np.float64(0.3819543437741991), np.float64(0.04563748564001878)]"
2026-07-21T12:00:23.295983,6,Back Translation,7,0.6549501350344982,0.6549501350344982,"[np.float64(0.9587368063433054), np.float64(0.1217351977623119), np.float64(6.904471671316187), np.float64(0.2091562493435239), np.float64(0.892688426069022), np.float64(1.4498725925180604), np.float64(0.41273802508201063), np.float64(8.671480520142075e-05)]","[np.float64(0.5866666666666667), np.float64(0.0), np.float64(0.02292734947662949), np.float64(0.025), np.float64(0.05), np.float64(0.8373002144884607), np.float64(0.3819543437741991), np.float64(0.04563748564001878)]"
2026-07-21T12:00:23.295983,6,Back Translation,7,0.6091143084336749,0.6091143084336749,"[np.float64(0.9587368063433054), np.float64(0.1217351977623119), np.float64(6.573466784266543), np.float64(0.09551542706747014), np.float64(0.8371531852762194), np.float64(1.2815022974511288), np.float64(0.23130466728429422), np.float64(8.161084443485537e-05)]","[np.float64(0.5866666666666667), np.float64(0.0), np.float64(0.02292734947662949), np.float64(0.025), np.float64(0.05), np.float64(0.8373002144884607), np.float64(0.3819543437741991), np.float64(0.04563748564001878)]"
2026-07-21T12:00:23.296496,6,Back Translation,4,0.6066118177119357,0.6066118177119357,"[np.float64(0.5664783281740898), np.float64(0.31110008350141616), np.float64(3.6853216672021833), np.float64(0.09551542706747014), np.float64(0.8140716957198209), np.float64(1.2815022974511288), np.float64(0.23130466728429422), np.float64(7.319912360436378e-05)]","[np.float64(0.5866666666666667), np.float64(0.0), np.float64(0.02292734947662949), np.float64(0.025), np.float64(0.05), np.float64(0.8373002144884607), np.float64(0.3819543437741991), np.float64(0.04563748564001878)]"
2026-07-21T12:00:23.297018,6,Back Translation,7,0.6043729846009595,0.6043729846009595,"[np.float64(0.9587368063433054), np.float64(0.1217351977623119), np.float64(6.904471671316187), np.float64(0.09551542706747014), np.float64(0.8371531852762194), np.float64(1.2815022974511288), np.float64(0.27849863675145636), np.float64(7.136376585534831e-05)]","[np.float64(0.5866666666666667), np.float64(0.0), np.float64(0.02292734947662949), np.float64(0.025), np.float64(0.05), np.float64(0.8373002144884607), np.float64(0.3819543437741991), np.float64(0.04563748564001878)]"
2026-07-21T12:00:23.297018,6,Back Translation,7,0.6037925707905925,0.6037925707905925,"[np.float64(0.9587368063433054), np.float64(0.1217351977623119), np.float64(6.904471671316187), np.float64(0.09551542706747014), np.float64(0.8450332925878918), np.float64(1.2815022974511288), np.float64(0.23130466728429422), np.float64(7.319912360436378e-05)]","[np.float64(0.5866666666666667), np.float64(0.0), np.float64(0.02292734947662949), np.float64(0.025), np.float64(0.05), np.float64(0.8373002144884607), np.float64(0.3819543437741991), np.float64(0.04563748564001878)]"
2026-07-21T12:00:23.297536,6,Back Translation,7,0.5999541783406568,0.5999541783406568,"[np.float64(0.9587368063433054), np.float64(0.1217351977623119), np.float64(6.912815163570209), np.float64(0.09551542706747014), np.float64(0.8371531852762194), np.float64(1.2815022974511288), np.float64(0.23130466728429422), np.float64(6.873378532434613e-05)]","[np.float64(0.5866666666666667), np.float64(0.0), np.float64(0.02292734947662949), np.float64(0.025), np.float64(0.05), np.float64(0.8373002144884607), np.float64(0.3819543437741991), np.float64(0.04563748564001878)]"
2026-07-21T12:00:36.133498,6,Back Translation,5,0.5938360985419808,0.5938360985419808,"[np.float64(0.6769438260716757), np.float64(0.39198329567572915), np.float64(5.217188428566902), np.float64(0.22514508093184124), np.float64(0.98), np.float64(1.5), np.float64(0.2734139300678449), np.float64(0.0001)]","[0.5866666666666667, 0.0, 0.02292734947662949, 0.025, 0.05, 0.8373002144884607, 0.3819543437741991, 0.04563748564001878]"
2026-07-21T12:00:49.051386,7,Back Translation,4,0.6294766173840273,0.6294766173840273,"[np.float64(0.40241814915467206), np.float64(0.046957320326406427), np.float64(3.901792468325629), np.float64(0.3), np.float64(0.98), np.float64(1.5), np.float64(0.6578356026587012), np.float64(9.903795615669459e-05)]","[np.float64(0.18783333333333332), np.float64(0.0), np.float64(0.008928571428571428), np.float64(0.0), np.float64(0.016666666666666666), np.float64(0.8981865430812583), np.float64(0.27995239792792304), np.float64(0.05942128399921086)]"
2026-07-21T12:00:49.051901,7,Back Translation,4,0.6169540325075117,0.6169540325075117,"[np.float64(0.46181557706454657), np.float64(0.029852301664372003), np.float64(4.390399139753702), np.float64(0.2609413014346636), np.float64(0.8502519204414406), np.float64(0.5142647329240884), np.float64(0.62920142143256), np.float64(0.0001)]","[np.float64(0.18783333333333332), np.float64(0.0), np.float64(0.008928571428571428), np.float64(0.0), np.float64(0.016666666666666666), np.float64(0.8981865430812583), np.float64(0.27995239792792304), np.float64(0.05942128399921086)]"
2026-07-21T12:00:49.052419,7,Back Translation,4,0.6169540325075117,0.6169540325075117,"[np.float64(0.46181557706454657), np.float64(0.029852301664372003), np.float64(4.390399139753702), np.float64(0.2609413014346636), np.float64(0.8502519204414406), np.float64(0.5142647329240884), np.float64(0.62920142143256), np.float64(9.196099106073205e-05)]","[np.float64(0.18783333333333332), np.float64(0.0), np.float64(0.008928571428571428), np.float64(0.0), np.float64(0.016666666666666666), np.float64(0.8981865430812583), np.float64(0.27995239792792304), np.float64(0.05942128399921086)]"
2026-07-21T12:00:49.052419,7,Back Translation,4,0.6165896343402433,0.6165896343402433,"[np.float64(0.46181557706454657), np.float64(0.029852301664372003), np.float64(4.392926300012401), np.float64(0.2609413014346636), np.float64(0.8502519204414406), np.float64(0.5142647329240884), np.float64(0.62920142143256), np.float64(9.385557315176281e-05)]","[np.float64(0.18783333333333332), np.float64(0.0), np.float64(0.008928571428571428), np.float64(0.0), np.float64(0.016666666666666666), np.float64(0.8981865430812583), np.float64(0.27995239792792304), np.float64(0.05942128399921086)]"
2026-07-21T12:00:49.052938,7,Back Translation,5,0.6069804399407099,0.6069804399407099,"[np.float64(0.4391985177023008), np.float64(0.046957320326406427), np.float64(4.919856657142369), np.float64(0.27561479710508446), np.float64(0.9739143967375139), np.float64(1.4217407147986225), np.float64(0.6578356026587012), np.float64(9.903795615669459e-05)]","[np.float64(0.18783333333333332), np.float64(0.0), np.float64(0.008928571428571428), np.float64(0.0), np.float64(0.016666666666666666), np.float64(0.8981865430812583), np.float64(0.27995239792792304), np.float64(0.05942128399921086)]"
2026-07-21T12:00:49.053455,7,Back Translation,4,0.48511496279763183,0.48511496279763183,"[np.float64(0.46181557706454657), np.float64(0.029852301664372003), np.float64(4.292409962790229), np.float64(0.2609413014346636), np.float64(0.8714994083870348), np.float64(0.5142647329240884), np.float64(0.62920142143256), np.float64(9.385557315176281e-05)]","[np.float64(0.18783333333333332), np.float64(0.0), np.float64(0.008928571428571428), np.float64(0.0), np.float64(0.016666666666666666), np.float64(0.8981865430812583), np.float64(0.27995239792792304), np.float64(0.05942128399921086)]"
2026-07-21T12:00:49.053455,7,Back Translation,4,0.47714187408141895,0.47714187408141895,"[np.float64(0.35361609660210147), np.float64(0.019832536350703537), np.float64(4.392926300012401), np.float64(0.226997635796394), np.float64(0.8502519204414406), np.float64(0.5142647329240884), np.float64(0.62920142143256), np.float64(9.196099106073205e-05)]","[np.float64(0.18783333333333332), np.float64(0.0), np.float64(0.008928571428571428), np.float64(0.0), np.float64(0.016666666666666666), np.float64(0.8981865430812583), np.float64(0.27995239792792304), np.float64(0.05942128399921086)]"
2026-07-21T12:00:49.053972,7,Back Translation,4,0.4728305534874556,0.4728305534874556,"[np.float64(0.46181557706454657), np.float64(0.029852301664372003), np.float64(4.392926300012401), np.float64(0.24783964351115334), np.float64(0.8502519204414406), np.float64(0.5142647329240884), np.float64(0.6411699082383208), np.float64(9.385557315176281e-05)]","[np.float64(0.18783333333333332), np.float64(0.0), np.float64(0.008928571428571428), np.float64(0.0), np.float64(0.016666666666666666), np.float64(0.8981865430812583), np.float64(0.27995239792792304), np.float64(0.05942128399921086)]"
2026-07-21T12:00:49.053972,7,Back Translation,4,0.4707172960941632,0.4707172960941632,"[np.float64(0.46181557706454657), np.float64(0.029852301664372003), np.float64(4.390399139753702), np.float64(0.2609413014346636), np.float64(0.8526357950283735), np.float64(0.5142647329240884), np.float64(0.62920142143256), np.float64(9.196099106073205e-05)]","[np.float64(0.18783333333333332), np.float64(0.0), np.float64(0.008928571428571428), np.float64(0.0), np.float64(0.016666666666666666), np.float64(0.8981865430812583), np.float64(0.27995239792792304), np.float64(0.05942128399921086)]"
2026-07-21T12:00:49.054491,7,Back Translation,4,0.4707172960941632,0.4707172960941632,"[np.float64(0.46181557706454657), np.float64(0.029852301664372003), np.float64(4.390399139753702), np.float64(0.2609413014346636), np.float64(0.8502519204414406), np.float64(0.5142647329240884), np.float64(0.6116131637463113), np.float64(9.196099106073205e-05)]","[np.float64(0.18783333333333332), np.float64(0.0), np.float64(0.008928571428571428), np.float64(0.0), np.float64(0.016666666666666666), np.float64(0.8981865430812583), np.float64(0.27995239792792304), np.float64(0.05942128399921086)]"
2026-07-21T12:00:56.359845,7,Back Translation,4,0.5035135135135135,0.5035135135135135,"[np.float64(0.40241814915467206), np.float64(0.046957320326406427), np.float64(3.901792468325629), np.float64(0.3), np.float64(0.98), np.float64(1.5), np.float64(0.6578356026587012), np.float64(9.903795615669459e-05)]","[0.18783333333333332, 0.0, 0.008928571428571428, 0.0, 0.016666666666666666, 0.8981865430812583, 0.27995239792792304, 0.05942128399921086]"
2026-07-21T12:00:57.193959,8,Hybrid,4,0.7797270185585521,0.7797270185585521,"[np.float64(0.9741813876439884), np.float64(1.0), np.float64(3.722905486997336), np.float64(0.05), np.float64(0.8945866613462377), np.float64(1.5), np.float64(0.6318550975347306), np.float64(8.140893912191255e-05)]","[np.float64(0.7056666666666667), np.float64(0.0), np.float64(0.010606249810795266), np.float64(0.05), np.float64(0.08333333333333333), np.float64(0.7990460215231565), np.float64(0.31825429250385423), np.float64(0.07013421477475074)]"
2026-07-21T12:00:57.194475,8,Hybrid,4,0.7644075681619779,0.7644075681619779,"[np.float64(0.8108752142573491), np.float64(0.8235991188750267), np.float64(3.722905486997336), np.float64(0.09748741916465326), np.float64(0.9050861272225601), np.float64(1.5), np.float64(0.7769644017446216), np.float64(0.0001)]","[np.float64(0.7056666666666667), np.float64(0.0), np.float64(0.010606249810795266), np.float64(0.05), np.float64(0.08333333333333333), np.float64(0.7990460215231565), np.float64(0.31825429250385423), np.float64(0.07013421477475074)]"
2026-07-21T12:00:57.194982,8,Hybrid,4,0.7637739363885889,0.7637739363885889,"[np.float64(0.8108752142573491), np.float64(1.0), np.float64(3.72041891781499), np.float64(0.07727433772892295), np.float64(0.8930299671575423), np.float64(1.5), np.float64(0.7769644017446216), np.float64(0.0001)]","[np.float64(0.7056666666666667), np.float64(0.0), np.float64(0.010606249810795266), np.float64(0.05), np.float64(0.08333333333333333), np.float64(0.7990460215231565), np.float64(0.31825429250385423), np.float64(0.07013421477475074)]"
2026-07-21T12:00:57.194996,8,Hybrid,4,0.7632337807920814,0.7632337807920814,"[np.float64(0.8108752142573491), np.float64(0.8235991188750267), np.float64(3.722905486997336), np.float64(0.05), np.float64(0.9170919631059228), np.float64(1.5), np.float64(0.7769644017446216), np.float64(0.0001)]","[np.float64(0.7056666666666667), np.float64(0.0), np.float64(0.010606249810795266), np.float64(0.05), np.float64(0.08333333333333333), np.float64(0.7990460215231565), np.float64(0.31825429250385423), np.float64(0.07013421477475074)]"
2026-07-21T12:00:57.195512,8,Hybrid,4,0.761078712371948,0.761078712371948,"[np.float64(0.8108752142573491), np.float64(0.8235991188750267), np.float64(3.722905486997336), np.float64(0.06507114369611953), np.float64(0.8880057070565293), np.float64(1.5), np.float64(0.7769644017446216), np.float64(0.0001)]","[np.float64(0.7056666666666667), np.float64(0.0), np.float64(0.010606249810795266), np.float64(0.05), np.float64(0.08333333333333333), np.float64(0.7990460215231565), np.float64(0.31825429250385423), np.float64(0.07013421477475074)]"
2026-07-21T12:00:57.195512,8,Hybrid,4,0.761078712371948,0.761078712371948,"[np.float64(0.8108752142573491), np.float64(0.8235991188750267), np.float64(3.722905486997336), np.float64(0.06507114369611953), np.float64(0.8880057070565293), np.float64(1.5), np.float64(0.858554300047383), np.float64(0.0001)]","[np.float64(0.7056666666666667), np.float64(0.0), np.float64(0.010606249810795266), np.float64(0.05), np.float64(0.08333333333333333), np.float64(0.7990460215231565), np.float64(0.31825429250385423), np.float64(0.07013421477475074)]"
2026-07-21T12:00:57.196028,8,Hybrid,4,0.7609832506161128,0.7609832506161128,"[np.float64(0.8108752142573491), np.float64(0.8235991188750267), np.float64(3.722905486997336), np.float64(0.05), np.float64(0.8945866613462377), np.float64(1.5), np.float64(0.7769644017446216), np.float64(0.0001)]","[np.float64(0.7056666666666667), np.float64(0.0), np.float64(0.010606249810795266), np.float64(0.05), np.float64(0.08333333333333333), np.float64(0.7990460215231565), np.float64(0.31825429250385423), np.float64(0.07013421477475074)]"
2026-07-21T12:00:57.196543,8,Hybrid,4,0.7609832506161128,0.7609832506161128,"[np.float64(0.8108752142573491), np.float64(0.8235991188750267), np.float64(3.722905486997336), np.float64(0.05), np.float64(0.8945866613462377), np.float64(1.5), np.float64(0.5757151758957871), np.float64(9.108947431944732e-05)]","[np.float64(0.7056666666666667), np.float64(0.0), np.float64(0.010606249810795266), np.float64(0.05), np.float64(0.08333333333333333), np.float64(0.7990460215231565), np.float64(0.31825429250385423), np.float64(0.07013421477475074)]"
2026-07-21T12:00:57.196543,8,Hybrid,5,0.7496766817100876,0.7496766817100876,"[np.float64(0.8108752142573491), np.float64(0.8235991188750267), np.float64(4.543065865173081), np.float64(0.07554029938105937), np.float64(0.8890855511689977), np.float64(1.5), np.float64(0.6414146459078458), np.float64(9.108947431944732e-05)]","[np.float64(0.7056666666666667), np.float64(0.0), np.float64(0.010606249810795266), np.float64(0.05), np.float64(0.08333333333333333), np.float64(0.7990460215231565), np.float64(0.31825429250385423), np.float64(0.07013421477475074)]"
2026-07-21T12:00:57.197059,8,Hybrid,4,0.7200440497016372,0.7200440497016372,"[np.float64(0.7671798390452931), np.float64(0.5778330544439675), np.float64(3.752053962148918), np.float64(0.05254582297732821), np.float64(0.8880057070565293), np.float64(1.5), np.float64(0.7769644017446216), np.float64(0.0001)]","[np.float64(0.7056666666666667), np.float64(0.0), np.float64(0.010606249810795266), np.float64(0.05), np.float64(0.08333333333333333), np.float64(0.7990460215231565), np.float64(0.31825429250385423), np.float64(0.07013421477475074)]"
2026-07-21T12:00:58.259049,8,Hybrid,4,0.5933709273182958,0.5933709273182958,"[np.float64(0.9741813876439884), np.float64(1.0), np.float64(3.722905486997336), np.float64(0.05), np.float64(0.8945866613462377), np.float64(1.5), np.float64(0.6318550975347306), np.float64(8.140893912191255e-05)]","[0.7056666666666667, 0.0, 0.010606249810795266, 0.05, 0.08333333333333333, 0.7990460215231565, 0.31825429250385423, 0.07013421477475074]"
2026-07-21T12:01:07.242785,9,Hybrid,1,0.661425940213846,0.661425940213846,"[np.float64(0.6256475126962114), np.float64(0.9417677429082459), np.float64(0.6845304319124637), np.float64(0.20672143811032492), np.float64(0.9440308184179059), np.float64(1.4655418244010043), np.float64(0.8135064241696354), np.float64(7.7548710573521e-05)]","[np.float64(0.4870000000000001), np.float64(0.0), np.float64(0.007929282093351002), np.float64(0.025), np.float64(0.05), np.float64(0.8494214180655713), np.float64(0.28004552320888776), np.float64(0.06519929799196479)]"
2026-07-21T12:01:07.243299,9,Hybrid,1,0.6557309454157826,0.6557309454157826,"[np.float64(0.5673245729751326), np.float64(0.9417677429082459), np.float64(0.6845304319124637), np.float64(0.17772502096950438), np.float64(0.9612173694313791), np.float64(1.4655418244010043), np.float64(0.8135064241696354), np.float64(8.29717757988205e-05)]","[np.float64(0.4870000000000001), np.float64(0.0), np.float64(0.007929282093351002), np.float64(0.025), np.float64(0.05), np.float64(0.8494214180655713), np.float64(0.28004552320888776), np.float64(0.06519929799196479)]"
2026-07-21T12:01:07.243819,9,Hybrid,1,0.6528364978881296,0.6528364978881296,"[np.float64(0.5673245729751326), np.float64(0.9417677429082459), np.float64(0.6845304319124637), np.float64(0.20672143811032492), np.float64(0.9622527940966714), np.float64(1.4655418244010043), np.float64(0.7380613089615753), np.float64(8.29717757988205e-05)]","[np.float64(0.4870000000000001), np.float64(0.0), np.float64(0.007929282093351002), np.float64(0.025), np.float64(0.05), np.float64(0.8494214180655713), np.float64(0.28004552320888776), np.float64(0.06519929799196479)]"
2026-07-21T12:01:07.243819,9,Hybrid,1,0.6527742702581425,0.6527742702581425,"[np.float64(0.5673245729751326), np.float64(1.0), np.float64(0.6845304319124637), np.float64(0.1832483646494628), np.float64(0.94433095485486), np.float64(1.4655418244010043), np.float64(0.7525492502016136), np.float64(8.29717757988205e-05)]","[np.float64(0.4870000000000001), np.float64(0.0), np.float64(0.007929282093351002), np.float64(0.025), np.float64(0.05), np.float64(0.8494214180655713), np.float64(0.28004552320888776), np.float64(0.06519929799196479)]"
2026-07-21T12:01:07.244344,9,Hybrid,1,0.6515341507378415,0.6515341507378415,"[np.float64(0.6678091119758249), np.float64(0.9417677429082459), np.float64(0.6845304319124637), np.float64(0.17772502096950438), np.float64(0.9622527940966714), np.float64(1.4655418244010043), np.float64(0.7380613089615753), np.float64(8.29717757988205e-05)]","[np.float64(0.4870000000000001), np.float64(0.0), np.float64(0.007929282093351002), np.float64(0.025), np.float64(0.05), np.float64(0.8494214180655713), np.float64(0.28004552320888776), np.float64(0.06519929799196479)]"
2026-07-21T12:01:07.244863,9,Hybrid,1,0.6502023207622125,0.6502023207622125,"[np.float64(0.5673245729751326), np.float64(0.9417677429082459), np.float64(0.6845304319124637), np.float64(0.17772502096950438), np.float64(0.94433095485486), np.float64(1.4655418244010043), np.float64(0.8135064241696354), np.float64(7.7548710573521e-05)]","[np.float64(0.4870000000000001), np.float64(0.0), np.float64(0.007929282093351002), np.float64(0.025), np.float64(0.05), np.float64(0.8494214180655713), np.float64(0.28004552320888776), np.float64(0.06519929799196479)]"
2026-07-21T12:01:07.244863,9,Hybrid,1,0.6502023207622125,0.6502023207622125,"[np.float64(0.5673245729751326), np.float64(0.9417677429082459), np.float64(0.6845304319124637), np.float64(0.17772502096950438), np.float64(0.94433095485486), np.float64(1.4655418244010043), np.float64(0.8135064241696354), np.float64(8.318430721602386e-05)]","[np.float64(0.4870000000000001), np.float64(0.0), np.float64(0.007929282093351002), np.float64(0.025), np.float64(0.05), np.float64(0.8494214180655713), np.float64(0.28004552320888776), np.float64(0.06519929799196479)]"
2026-07-21T12:01:07.245385,9,Hybrid,1,0.6490384253358745,0.6490384253358745,"[np.float64(0.5673245729751326), np.float64(0.8668764535146154), np.float64(0.6845304319124637), np.float64(0.20672143811032492), np.float64(0.9622527940966714), np.float64(1.4228165711779188), np.float64(0.7380613089615753), np.float64(8.29717757988205e-05)]","[np.float64(0.4870000000000001), np.float64(0.0), np.float64(0.007929282093351002), np.float64(0.025), np.float64(0.05), np.float64(0.8494214180655713), np.float64(0.28004552320888776), np.float64(0.06519929799196479)]"
2026-07-21T12:01:07.245385,9,Hybrid,0,0.6489470419241611,0.6489470419241611,"[np.float64(0.5673245729751326), np.float64(0.9417677429082459), np.float64(0.17346510620309163), np.float64(0.20672143811032492), np.float64(0.9622527940966714), np.float64(1.4655418244010043), np.float64(0.7380613089615753), np.float64(8.29717757988205e-05)]","[np.float64(0.4870000000000001), np.float64(0.0), np.float64(0.007929282093351002), np.float64(0.025), np.float64(0.05), np.float64(0.8494214180655713), np.float64(0.28004552320888776), np.float64(0.06519929799196479)]"
2026-07-21T12:01:07.245901,9,Hybrid,7,0.6266584135376723,0.6266584135376723,"[np.float64(0.5673245729751326), np.float64(0.9417677429082459), np.float64(7.0), np.float64(0.22382655204593502), np.float64(0.9642197167035996), np.float64(1.4655418244010043), np.float64(0.8135064241696354), np.float64(8.29717757988205e-05)]","[np.float64(0.4870000000000001), np.float64(0.0), np.float64(0.007929282093351002), np.float64(0.025), np.float64(0.05), np.float64(0.8494214180655713), np.float64(0.28004552320888776), np.float64(0.06519929799196479)]"
2026-07-21T12:01:19.237023,9,Hybrid,2,0.48519628806618875,0.48519628806618875,"[np.float64(0.760974205901141), np.float64(0.9447212193007175), np.float64(0.7940736357563966), np.float64(0.23347139530100702), np.float64(0.98), np.float64(1.5), np.float64(0.9861469601462668), np.float64(0.0001)]","[0.4870000000000001, 0.0, 0.007929282093351002, 0.025, 0.05, 0.8494214180655713, 0.28004552320888776, 0.06519929799196479]"
